user_id,cluster_kmeans
23557,1
94883,3
101486,3
101961,3
106907,0
118043,3
120851,3
125845,3
133058,1
149058,3
152583,2
153982,3
160754,3
164522,3
167852,1
171470,0
174997,0
175032,2
181157,3
182191,1
187212,3
189676,2
190866,2
195192,2
204943,0
204997,0
205044,3
206011,3
216796,0
217114,1
217136,3
220725,0
224996,3
226367,3
228195,1
228872,2
229009,0
229108,0
229330,3
232647,1
249521,3
252835,2
258451,1
264470,3
276512,3
281952,2
283325,3
290123,3
297546,3
298253,1
299476,3
306165,1
306819,0
312488,2
313724,0
316527,3
317688,3
322867,3
324191,3
328590,0
330764,0
330893,3
331039,0
334787,3
337227,1
338086,3
340166,1
343928,3
347778,3
348817,2
348863,1
349132,3
350648,0
353271,2
353694,3
354050,3
354260,3
354311,3
354950,3
356046,2
357737,0
359072,0
359080,3
359653,3
361459,3
361759,3
363535,0
365825,0
371201,1
372970,2
373489,2
374331,0
374340,1
374341,2
375160,1
375729,3
375751,3
376159,3
377069,0
377411,2
378565,3
379543,3
380434,3
380436,3
380757,3
380874,3
380949,0
381259,2
381465,0
382181,2
382384,3
382533,1
385689,3
386255,1
386469,1
386914,0
387282,1
387783,3
388328,3
388767,3
388947,3
389434,0
389662,3
389759,2
390811,3
392453,3
395202,1
395981,3
396552,3
399137,3
399218,3
399799,3
400275,3
400582,2
400899,3
401245,2
402332,2
402978,3
403881,3
404879,3
405305,3
406210,2
407118,0
407250,2
407275,3
407434,1
407642,2
408551,3
409073,3
411179,0
411701,3
413128,2
413340,3
413418,3
413658,0
414128,2
415282,3
415381,3
415581,3
416319,3
416580,0
417679,2
418329,3
418488,2
418692,0
420648,3
420669,0
421247,3
421515,2
421666,0
421700,3
421870,2
422066,3
422668,1
423042,0
423413,1
424553,3
425632,3
425653,1
425953,2
425966,3
426478,0
427426,2
427506,0
428056,2
428552,2
428858,0
429345,1
429375,0
430722,0
431144,3
431337,2
431602,0
431746,3
431899,0
431912,1
432333,3
432637,2
432941,3
433080,3
433339,2
433905,1
434238,3
434623,0
435231,2
435596,3
435669,3
435837,1
435882,0
436320,3
436894,3
437069,3
437162,0
437251,3
437539,3
437549,3
438189,2
438406,3
438551,0
438596,2
438839,3
438937,2
438985,0
438995,1
439052,3
439120,3
439363,3
440212,3
440655,2
441200,2
441205,1
441448,2
441457,3
441982,3
442484,3
442718,3
442812,1
442819,3
442833,3
443305,2
443453,2
443598,3
443652,2
444387,3
444885,2
445351,3
445515,3
446124,3
446138,0
446473,3
446933,3
447053,2
447591,2
447737,3
447951,3
448025,2
448154,3
448295,3
448467,1
448564,3
449033,3
449326,3
449619,2
449804,3
449980,0
450164,2
450193,2
450305,3
450615,3
451291,3
451674,1
452034,0
452532,0
452594,3
452612,0
453143,3
453168,3
454264,1
454430,2
454616,3
454661,3
454920,2
454934,0
454955,3
456226,3
456318,2
456663,2
456671,2
457468,3
457599,3
457967,1
458479,0
458688,3
458725,1
458762,3
458814,2
458855,2
458919,2
459229,3
459486,2
459645,2
460072,3
460181,3
460553,3
460625,0
461559,2
461744,2
461791,3
462127,3
462456,3
462894,1
463652,2
463698,2
463783,3
463867,2
463910,3
464080,3
464160,3
464239,3
464542,2
464597,1
464614,0
464673,3
464782,3
464855,0
465138,2
465343,3
465531,2
465568,1
465731,0
466205,3
466342,1
466723,0
467007,3
467092,0
467339,3
467809,3
467892,0
468106,3
468370,2
468409,0
468666,3
468801,3
468808,3
468832,0
469237,1
469418,1
469440,0
469464,3
469699,3
469767,3
469824,3
471077,3
471161,3
471186,3
471500,2
471565,2
471649,1
471687,3
471717,3
471935,3
471946,1
471973,1
472394,3
472446,2
472614,3
472713,3
472785,3
472966,2
473332,3
473343,3
473402,0
473467,3
473568,3
473712,3
473847,2
474007,1
474120,0
474239,0
474261,2
474278,1
474384,3
474464,3
474546,3
474951,2
474980,3
475060,2
475130,3
475467,2
475531,2
476081,3
476104,3
476124,2
476173,1
476270,3
476393,3
476436,3
476535,3
476665,3
476693,2
476714,3
476742,1
476916,1
476956,2
477285,3
477316,3
477597,3
477730,3
477805,1
478003,3
478146,0
478188,2
478228,2
478291,3
478533,3
478585,3
478760,0
478801,3
478834,1
479071,2
479078,2
479101,2
479254,3
479524,0
479785,1
480186,1
480313,0
480331,3
480690,3
480796,3
480877,3
480895,0
480975,1
481050,3
481245,3
481292,2
481358,1
481554,3
481622,3
481772,2
481781,1
482264,3
482335,1
482424,3
482548,0
482602,3
482621,3
482630,2
482744,3
482811,0
483224,3
483237,2
483345,3
483480,3
483483,3
483525,3
483603,3
483928,3
483982,2
484249,3
484342,1
484418,2
484987,3
485149,3
485260,3
485393,0
485505,2
485518,1
485536,1
485544,3
485591,3
485658,0
485780,3
485785,2
485891,0
485894,3
486046,1
486113,3
486191,1
486261,2
486268,1
486270,2
486366,3
486447,0
486454,3
486605,2
486671,3
486751,0
486823,2
487002,2
487036,3
487040,2
487101,3
487276,3
487352,2
487453,0
487637,3
487680,3
487715,0
487858,3
487954,3
488009,3
488099,1
488246,1
488314,0
488410,3
488430,0
488462,3
488480,0
488511,3
488529,3
488539,1
488672,3
488827,2
488865,2
488870,0
488918,3
488974,3
489096,3
489131,1
489575,3
489635,3
489661,1
489730,3
489785,2
489786,1
489802,3
489844,3
489852,3
489949,0
489953,3
489992,2
490040,3
490107,2
490133,3
490201,3
490348,2
490358,2
490517,3
490576,3
490608,2
490629,2
490671,2
491003,3
491124,3
491141,3
491175,3
491182,3
491241,3
491266,3
491559,3
491597,3
491617,3
491706,3
491772,3
491925,3
491930,3
491995,0
492209,3
492211,2
492287,2
492371,3
492497,0
492614,1
492999,2
493177,3
493409,2
493476,3
493718,3
494294,3
494374,3
494382,3
494441,1
494463,2
494484,2
494590,2
494630,1
494680,2
494704,3
494985,3
495029,0
495042,3
495080,2
495272,2
495273,2
495386,3
495482,2
495592,1
495603,2
495727,3
496016,3
496074,1
496273,3
496286,3
496332,3
496382,3
496408,0
496566,3
496899,0
496972,2
497042,3
497077,0
497108,3
497225,3
497475,3
497615,3
497678,3
497680,3
497829,3
497915,3
498154,3
498199,3
498287,3
498298,2
498357,3
498363,3
498500,0
498574,2
498607,3
498665,0
498857,2
498931,3
499028,2
499038,2
499252,3
499313,3
499366,3
499375,3
499379,1
499461,3
499475,2
499633,2
499634,2
499659,1
499669,2
499751,3
499760,1
499780,1
499810,3
499847,3
499969,1
499979,3
499990,0
500078,3
500196,3
500243,2
500257,3
500288,1
500299,1
500493,3
500532,1
500646,3
500745,2
500773,2
500791,1
500828,3
500972,3
500974,3
501087,3
501125,3
501184,3
501322,3
501344,1
501436,0
501512,2
501708,0
501735,2
501764,3
501780,1
501794,3
501817,3
501830,2
501897,1
501947,0
502063,3
502145,3
502210,0
502212,2
502353,3
502412,3
502435,3
502444,2
502609,3
502626,2
502799,3
502819,1
502826,3
502847,3
502850,1
502875,3
502995,1
503042,2
503049,1
503058,2
503126,1
503161,1
503277,3
503342,0
503418,3
503483,1
503621,3
503760,3
503773,1
503918,1
503928,3
503945,3
503973,3
504081,3
504133,3
504240,3
504299,3
504320,2
504371,3
504435,0
504473,2
504579,1
504610,3
504665,2
504669,3
504786,3
504859,2
504892,2
504916,0
504936,3
504945,3
505062,2
505066,1
505172,0
505230,3
505285,3
505289,2
505358,2
505414,3
505498,2
505617,0
505667,3
505680,3
505713,3
505747,2
505771,3
505854,3
505916,2
505933,0
505941,3
506013,3
506130,3
506186,2
506234,2
506250,3
506347,1
506427,3
506611,3
506652,3
506675,3
506704,3
506777,3
506807,3
506828,2
506837,3
506858,3
506990,1
507036,2
507133,2
507207,1
507273,2
507376,2
507395,0
507431,2
507435,3
507505,3
507513,1
507531,1
507557,3
507573,3
507617,3
507728,2
507732,0
507753,2
507759,3
507773,3
507805,0
508050,3
508096,3
508111,0
508144,2
508153,2
508240,2
508360,2
508367,3
508497,2
508512,1
508546,2
508611,1
508625,0
508693,3
508713,2
508731,3
508829,0
508848,3
508849,2
508856,0
508857,3
508860,2
508866,2
508877,3
508891,1
508892,2
508901,3
508912,0
508917,1
508923,0
508938,3
508940,3
508944,3
508946,2
508964,1
508973,2
509001,1
509024,2
509036,3
509052,1
509061,2
509069,3
509098,3
509115,2
509119,2
509157,2
509160,3
509162,1
509202,2
509221,3
509242,3
509272,1
509278,0
509282,2
509302,3
509316,3
509324,3
509341,2
509346,3
509353,2
509354,3
509359,3
509402,1
509411,3
509413,3
509414,2
509419,3
509421,0
509435,3
509445,3
509453,3
509454,3
509459,1
509467,2
509498,3
509515,2
509516,3
509530,3
509552,1
509598,3
509603,2
509626,3
509635,2
509638,1
509645,0
509681,3
509712,2
509713,2
509717,3
509749,3
509763,3
509765,2
509781,1
509822,3
509826,3
509841,3
509855,1
509876,1
509892,1
509903,3
509919,3
509924,1
509933,3
509969,1
509990,3
510003,3
510022,3
510044,3
510048,2
510061,3
510067,3
510070,0
510078,0
510079,2
510081,3
510090,3
510093,3
510094,3
510104,2
510108,0
510112,3
510114,3
510134,3
510155,3
510156,3
510163,3
510164,2
510170,2
510172,2
510179,3
510185,3
510188,0
510195,3
510198,2
510213,3
510215,2
510219,3
510227,2
510238,3
510239,3
510243,3
510257,3
510270,1
510283,1
510315,3
510316,1
510326,3
510328,2
510343,0
510356,3
510365,3
510369,3
510379,1
510393,3
510418,1
510423,1
510449,3
510452,3
510459,2
510490,1
510494,3
510511,3
510533,2
510537,3
510543,1
510545,1
510558,0
510570,3
510571,2
510575,1
510580,3
510582,2
510585,2
510586,2
510610,2
510618,3
510676,3
510686,2
510694,0
510700,0
510707,3
510719,1
510733,3
510754,3
510779,3
510805,3
510815,3
510822,3
510828,1
510836,3
510841,0
510890,2
510899,3
510944,3
510946,3
510953,3
510960,3
510961,3
510972,2
511017,3
511055,2
511066,2
511093,2
511122,3
511125,3
511126,2
511140,3
511142,3
511145,2
511148,3
511160,3
511178,2
511195,3
511208,2
511219,1
511223,0
511238,1
511260,2
511298,2
511314,2
511326,3
511328,2
511331,0
511364,2
511377,1
511379,3
511397,2
511398,3
511399,3
511418,3
511424,3
511433,3
511440,3
511455,2
511469,3
511489,3
511502,3
511504,2
511535,3
511542,3
511549,3
511552,1
511554,3
511560,3
511567,2
511568,1
511570,3
511577,3
511578,3
511587,3
511589,1
511608,1
511609,3
511613,3
511638,2
511665,0
511666,3
511677,0
511680,2
511697,3
511712,2
511726,3
511739,3
511757,1
511762,3
511764,3
511772,2
511778,2
511783,3
511784,0
511800,3
511803,2
511805,3
511809,3
511811,2
511821,1
511827,0
511851,3
511859,2
511860,3
511862,3
511878,1
511884,3
511902,3
511910,1
511916,3
511923,3
511936,2
511943,2
511977,0
511989,1
511996,3
511998,3
512009,3
512010,3
512016,1
512024,2
512028,3
512060,3
512063,3
512069,3
512078,2
512099,2
512103,0
512144,1
512147,0
512148,1
512163,3
512173,3
512190,1
512193,2
512197,2
512201,3
512204,3
512243,2
512249,1
512266,3
512271,2
512283,3
512289,3
512294,3
512295,3
512301,3
512302,3
512303,3
512305,1
512322,3
512329,2
512362,2
512377,0
512392,3
512397,1
512402,3
512416,1
512418,3
512419,3
512440,2
512443,3
512447,2
512463,2
512495,3
512529,1
512536,3
512552,3
512556,3
512558,0
512587,2
512589,3
512596,3
512598,2
512610,3
512623,1
512628,2
512631,3
512655,3
512671,3
512677,1
512680,3
512691,2
512693,2
512695,3
512696,2
512704,1
512706,3
512780,3
512786,3
512787,3
512791,2
512801,3
512826,3
512831,3
512835,3
512846,2
512848,2
512880,3
512887,3
512888,2
512900,2
512904,3
512922,2
512928,0
512943,3
512945,2
512974,1
512976,2
512984,3
512999,2
513004,3
513005,2
513006,3
513026,3
513030,3
513031,3
513058,3
513089,3
513090,1
513091,1
513093,3
513096,2
513103,2
513126,2
513138,1
513164,3
513206,1
513216,2
513220,3
513221,2
513227,3
513233,3
513236,3
513237,2
513241,1
513242,2
513259,3
513261,1
513289,2
513296,2
513317,1
513322,3
513338,3
513339,2
513345,1
513347,3
513366,3
513381,3
513387,3
513397,3
513402,3
513408,2
513422,3
513425,1
513438,3
513441,1
513470,1
513495,2
513497,3
513509,1
513543,0
513546,1
513555,3
513568,3
513569,2
513582,3
513602,1
513611,3
513613,3
513620,2
513625,0
513627,3
513628,3
513638,3
513659,3
513661,1
513683,3
513714,1
513721,3
513742,1
513761,3
513776,3
513787,0
513791,3
513796,3
513800,1
513807,0
513823,1
513826,3
513844,2
513853,3
513856,2
513860,3
513869,0
513875,0
513917,3
513926,2
513933,3
513953,3
513956,2
513964,3
513967,2
513995,2
514002,3
514003,2
514021,1
514023,3
514053,3
514071,3
514076,3
514113,2
514132,2
514133,3
514164,3
514167,0
514206,2
514208,2
514210,3
514215,3
514235,2
514261,2
514275,2
514289,1
514300,0
514315,2
514318,3
514324,3
514337,3
514342,3
514344,3
514370,3
514384,3
514395,3
514457,3
514460,2
514461,2
514501,1
514503,1
514515,3
514526,3
514551,1
514586,3
514589,3
514617,3
514623,2
514627,3
514638,3
514639,1
514642,1
514660,3
514675,3
514682,3
514684,1
514689,3
514737,3
514785,3
514810,2
514830,3
514867,3
514876,1
514892,3
514893,1
514899,2
514925,0
514926,2
514931,1
514944,3
514951,2
514953,3
514980,3
514981,3
515004,3
515013,3
515020,2
515030,2
515051,3
515058,3
515060,3
515085,0
515103,3
515124,0
515131,3
515139,0
515161,3
515168,1
515182,3
515198,1
515200,2
515202,1
515205,0
515229,0
515240,1
515243,3
515258,2
515271,3
515274,2
515306,3
515330,3
515344,3
515398,3
515409,3
515421,3
515423,3
515436,1
515478,2
515490,3
515502,1
515514,1
515516,1
515523,2
515529,3
515530,1
515565,3
515578,2
515580,3
515586,3
515610,0
515634,1
515639,3
515645,2
515666,3
515675,0
515684,3
515688,3
515694,3
515713,3
515727,3
515735,1
515739,3
515751,3
515764,2
515778,3
515802,3
515818,1
515831,2
515835,3
515854,1
515874,1
515891,3
515901,2
515908,3
515941,3
515947,2
515953,3
515974,2
515985,3
516001,1
516004,3
516006,3
516039,1
516053,3
516057,0
516061,3
516076,1
516086,1
516089,3
516092,2
516105,3
516117,3
516118,3
516127,1
516132,0
516144,3
516150,1
516152,2
516176,3
516177,3
516178,2
516211,0
516216,2
516217,1
516243,1
516246,2
516251,3
516269,2
516273,3
516282,3
516283,0
516287,0
516290,3
516296,3
516301,0
516340,1
516351,3
516368,0
516375,2
516418,2
516420,3
516433,1
516456,3
516507,3
516516,3
516528,3
516543,3
516556,2
516561,3
516571,1
516578,3
516579,2
516583,1
516590,2
516593,3
516594,3
516614,2
516616,3
516620,1
516639,3
516647,3
516679,0
516680,1
516682,2
516694,3
516697,1
516704,3
516732,3
516739,3
516744,1
516763,3
516765,1
516789,3
516798,3
516806,0
516808,2
516827,3
516833,2
516841,2
516862,1
516933,1
516939,2
516965,2
516967,1
516972,3
517033,1
517061,3
517064,2
517076,3
517105,3
517119,3
517131,0
517142,3
517143,1
517150,2
517158,3
517205,3
517212,3
517219,1
517231,3
517284,3
517324,1
517330,3
517356,0
517370,3
517392,0
517393,2
517397,2
517403,3
517415,2
517438,3
517445,3
517467,2
517486,3
517491,3
517543,1
517545,3
517548,3
517549,3
517571,3
517579,2
517581,2
517596,3
517622,1
517633,2
517653,3
517674,2
517675,2
517676,3
517700,3
517715,3
517732,3
517735,3
517739,2
517743,2
517772,0
517776,3
517787,2
517803,3
517819,2
517825,3
517839,3
517847,3
517871,2
517894,3
517898,0
517925,2
517931,2
517961,0
517967,3
517968,3
518012,2
518015,3
518041,1
518044,3
518074,2
518084,2
518092,3
518121,2
518127,2
518135,0
518191,0
518196,3
518211,3
518219,2
518281,3
518324,3
518334,2
518338,2
518347,3
518348,2
518354,1
518372,2
518393,3
518406,3
518416,3
518422,1
518443,3
518450,1
518480,3
518495,2
518516,3
518526,3
518527,3
518533,2
518535,3
518541,3
518567,2
518579,3
518582,3
518585,3
518612,3
518628,1
518629,0
518639,2
518642,1
518645,1
518694,3
518696,1
518711,3
518716,3
518722,3
518726,1
518735,1
518743,2
518747,3
518751,2
518756,0
518826,3
518827,3
518865,2
518866,3
518867,2
518870,2
518894,3
518896,0
518907,3
518922,1
518925,1
518931,1
518954,2
518956,3
518963,2
518971,3
518998,3
519014,3
519059,2
519079,3
519089,2
519091,3
519096,2
519114,3
519117,3
519137,3
519140,3
519171,3
519191,1
519205,3
519210,3
519211,2
519248,2
519254,2
519260,2
519267,3
519285,2
519312,1
519313,2
519335,1
519348,3
519353,1
519357,3
519368,1
519383,0
519392,3
519393,3
519406,1
519412,3
519419,2
519430,2
519446,3
519469,0
519515,3
519529,2
519532,3
519541,3
519548,1
519554,2
519561,1
519595,3
519596,3
519604,3
519626,3
519631,3
519664,3
519687,1
519694,2
519695,3
519706,1
519709,2
519718,0
519722,2
519725,3
519726,3
519747,0
519769,3
519774,3
519787,0
519799,2
519846,3
519848,3
519853,3
519859,3
519885,2
519888,3
519893,3
519896,0
519897,1
519905,3
519911,3
519912,3
519943,1
519955,2
519957,3
519961,2
519965,3
519982,0
520054,2
520063,2
520097,3
520106,2
520141,3
520152,3
520170,2
520175,3
520177,3
520182,3
520188,2
520193,3
520225,3
520244,3
520248,3
520250,3
520256,3
520265,3
520277,3
520291,2
520298,3
520307,3
520311,3
520314,1
520327,2
520358,3
520373,3
520397,0
520405,2
520411,3
520422,2
520429,0
520436,3
520440,1
520480,2
520491,3
520497,3
520527,2
520530,3
520532,3
520539,0
520556,2
520558,2
520561,1
520603,1
520619,3
520680,3
520696,0
520708,3
520719,2
520733,3
520745,3
520762,2
520770,3
520771,1
520780,1
520783,3
520804,3
520819,3
520821,3
520844,2
520851,3
520861,0
520877,3
520878,3
520882,1
520885,0
520898,3
520902,3
520920,1
520934,3
520947,0
520959,3
521000,3
521004,3
521009,1
521031,3
521033,3
521044,3
521060,3
521062,1
521065,0
521066,3
521070,3
521109,2
521127,3
521152,3
521170,3
521185,3
521186,3
521187,1
521192,2
521201,3
521211,1
521212,0
521235,2
521250,2
521259,2
521282,2
521286,2
521293,2
521295,3
521298,2
521309,3
521316,3
521331,0
521335,0
521343,2
521379,3
521392,3
521404,3
521408,3
521416,3
521434,3
521462,3
521474,2
521491,0
521509,3
521510,3
521514,2
521587,2
521607,3
521609,3
521642,1
521657,2
521658,3
521663,1
521695,3
521708,3
521719,2
521720,3
521743,3
521748,3
521768,3
521785,2
521814,3
521818,0
521859,3
521865,3
521883,2
521884,3
521885,3
521904,2
521921,3
521925,3
521941,2
521943,3
521956,2
521963,2
521986,3
521992,2
521997,2
522001,1
522005,3
522062,3
522086,3
522111,0
522112,3
522115,0
522118,3
522134,1
522152,0
522171,2
522179,3
522184,1
522201,1
522223,3
522233,0
522237,2
522263,2
522265,3
522276,3
522286,3
522315,2
522323,3
522364,2
522373,2
522375,3
522387,1
522402,3
522420,0
522426,3
522427,2
522438,3
522441,2
522445,3
522457,2
522465,3
522476,3
522484,3
522513,3
522523,2
522532,2
522533,2
522585,3
522607,3
522624,1
522631,2
522633,3
522634,2
522639,2
522654,3
522687,3
522738,3
522745,3
522748,3
522761,0
522788,1
522800,2
522809,3
522873,1
522898,3
522911,1
522927,2
522937,3
522939,3
522943,1
522944,3
522970,3
522981,2
522999,2
523030,2
523057,1
523073,2
523077,2
523090,2
523098,3
523146,3
523158,3
523209,3
523228,2
523231,3
523256,2
523271,3
523273,1
523290,2
523299,0
523301,3
523335,2
523338,3
523392,3
523395,2
523442,3
523454,3
523465,3
523474,3
523484,3
523503,1
523505,3
523511,2
523513,3
523517,2
523526,2
523546,3
523559,3
523612,3
523619,3
523657,2
523666,3
523686,3
523690,3
523700,3
523710,3
523715,0
523717,3
523729,1
523735,3
523746,2
523756,2
523768,0
523771,2
523787,3
523800,2
523807,3
523819,3
523824,2
523841,3
523842,3
523845,3
523846,2
523860,3
523866,2
523877,3
523887,1
523913,2
523938,2
523981,3
524001,3
524012,3
524031,2
524036,2
524038,3
524043,3
524046,0
524052,3
524057,1
524076,3
524080,2
524098,1
524116,3
524120,3
524151,2
524167,3
524169,3
524172,1
524180,3
524194,0
524200,3
524211,2
524214,1
524226,3
524244,2
524251,3
524278,2
524313,3
524318,1
524328,2
524358,0
524365,3
524383,2
524407,3
524412,3
524419,3
524448,0
524473,3
524484,1
524511,3
524572,3
524606,1
524607,2
524615,3
524620,2
524628,3
524637,2
524644,2
524650,2
524663,2
524668,3
524682,3
524722,3
524728,1
524739,3
524766,2
524797,1
524805,2
524807,2
524821,0
524834,3
524842,1
524849,3
524861,2
524880,1
524885,1
524895,3
524909,3
524913,1
524923,2
524926,3
524929,3
524940,1
524980,0
525022,0
525034,3
525043,3
525053,3
525056,2
525081,3
525089,3
525102,2
525106,2
525168,3
525175,1
525176,1
525201,3
525212,2
525227,3
525234,0
525244,2
525265,3
525281,2
525308,1
525323,2
525332,0
525356,3
525377,1
525379,1
525389,2
525405,2
525410,2
525415,2
525447,0
525488,0
525515,2
525529,3
525546,3
525555,3
525591,3
525610,0
525611,3
525615,2
525631,0
525647,1
525671,3
525684,3
525716,3
525722,3
525734,2
525761,1
525769,2
525789,3
525804,3
525806,2
525824,3
525842,3
525844,0
525848,1
525864,3
525879,3
525920,3
525975,3
525996,3
526032,1
526036,1
526062,3
526079,3
526084,3
526102,3
526144,3
526154,3
526174,3
526179,3
526184,1
526203,0
526206,2
526221,3
526235,3
526239,2
526256,3
526258,3
526291,1
526297,3
526303,1
526308,0
526332,2
526354,3
526365,2
526367,3
526372,3
526378,3
526409,3
526431,3
526435,1
526443,1
526445,3
526471,3
526490,3
526492,3
526495,2
526540,3
526565,2
526570,0
526628,3
526668,3
526676,0
526683,3
526690,2
526711,2
526727,0
526729,3
526740,1
526759,3
526782,2
526789,2
526837,0
526855,2
526858,1
526867,3
526872,1
526873,3
526900,3
526901,3
526905,3
526913,3
526916,1
526925,1
526950,2
526959,3
526970,3
527001,1
527004,3
527019,2
527038,3
527046,3
527075,3
527081,2
527082,3
527109,3
527130,3
527132,3
527133,0
527141,3
527142,2
527150,2
527154,2
527158,0
527187,2
527197,2
527219,2
527232,3
527253,3
527280,1
527321,1
527326,3
527344,3
527346,3
527354,3
527359,2
527365,2
527389,1
527393,2
527396,3
527401,0
527406,3
527445,1
527451,2
527452,3
527455,0
527464,3
527467,3
527470,2
527490,3
527507,3
527508,3
527518,2
527524,1
527536,1
527541,1
527552,1
527560,1
527564,2
527585,3
527605,2
527689,1
527690,2
527726,1
527735,2
527750,1
527782,0
527783,3
527801,1
527824,3
527850,2
527857,1
527886,3
527928,2
527944,2
527945,1
527984,3
527987,3
527995,3
528020,3
528028,3
528046,2
528061,3
528098,1
528105,2
528122,2
528137,1
528139,1
528158,3
528164,3
528179,1
528186,3
528193,3
528216,3
528242,2
528244,2
528248,2
528281,3
528322,3
528330,3
528354,3
528372,1
528378,3
528379,3
528411,3
528413,1
528417,3
528421,2
528455,3
528461,1
528490,3
528500,0
528522,3
528528,2
528542,3
528567,2
528580,3
528612,3
528657,3
528661,3
528683,3
528688,1
528690,2
528706,3
528723,2
528735,3
528743,0
528744,3
528777,3
528816,3
528826,2
528827,3
528828,3
528829,2
528839,0
528842,1
528844,2
528906,2
528909,1
528929,3
528930,3
528936,1
528942,3
528953,0
528965,2
528967,2
528995,3
528999,3
529019,3
529023,2
529048,3
529050,3
529082,2
529205,0
529214,3
529216,1
529224,3
529229,2
529231,2
529237,3
529249,3
529284,1
529309,3
529332,2
529338,3
529362,0
529406,3
529420,1
529421,3
529422,3
529424,3
529428,3
529436,3
529488,3
529501,3
529502,3
529510,3
529513,3
529520,2
529566,3
529602,0
529677,1
529678,3
529689,3
529695,2
529704,0
529734,3
529737,1
529768,3
529781,3
529783,1
529787,3
529801,3
529831,2
529840,1
529845,2
529857,1
529879,2
529887,3
529913,1
529940,3
529972,3
530004,3
530039,3
530090,3
530118,3
530188,2
530196,0
530199,0
530213,3
530223,3
530240,3
530277,3
530278,3
530282,2
530298,2
530315,3
530322,3
530329,1
530365,3
530371,2
530374,2
530379,3
530383,2
530385,3
530421,3
530427,3
530453,1
530463,3
530468,2
530514,0
530543,2
530563,3
530579,3
530581,1
530585,3
530592,2
530599,1
530607,2
530625,3
530627,3
530633,1
530645,2
530649,3
530656,3
530665,2
530666,2
530667,0
530672,1
530673,1
530687,3
530719,3
530720,0
530724,3
530739,2
530743,3
530754,2
530773,3
530775,3
530797,2
530801,3
530810,3
530811,1
530833,3
530869,1
530873,1
530881,2
530906,3
530949,3
530950,3
530978,3
531006,3
531009,3
531016,3
531020,3
531027,3
531031,3
531054,3
531073,2
531094,2
531109,3
531143,3
531144,3
531158,3
531198,2
531204,3
531217,3
531253,3
531255,1
531322,2
531339,0
531344,3
531361,2
531373,3
531386,3
531427,0
531431,3
531447,3
531456,1
531467,2
531471,3
531475,1
531499,2
531500,1
531511,3
531512,3
531557,3
531562,1
531568,3
531615,1
531620,1
531625,2
531650,2
531654,0
531663,3
531670,3
531682,1
531735,1
531739,3
531744,3
531745,0
531771,3
531777,3
531789,3
531795,3
531803,1
531807,2
531824,2
531834,1
531844,2
531847,3
531857,2
531868,3
531884,3
531921,3
531926,1
531931,3
531959,2
531967,1
531971,3
531987,2
531989,3
531994,3
532063,3
532064,0
532073,3
532101,1
532106,3
532119,3
532159,2
532215,3
532225,3
532233,3
532258,3
532259,3
532279,1
532312,3
532329,2
532347,2
532361,3
532365,3
532381,0
532387,3
532388,3
532390,3
532410,0
532426,0
532432,1
532433,2
532500,3
532519,3
532535,3
532544,0
532568,3
532607,2
532622,3
532623,3
532627,1
532637,1
532650,3
532651,2
532653,3
532656,2
532705,3
532710,2
532711,2
532721,3
532725,0
532730,2
532742,3
532748,3
532750,2
532774,1
532810,3
532823,2
532835,1
532843,3
532863,3
532866,3
532901,2
532905,1
532912,3
532941,0
532989,3
533048,1
533093,2
533117,3
533123,3
533129,3
533155,3
533187,1
533199,2
533204,1
533211,3
533222,3
533248,3
533251,3
533283,3
533291,3
533302,3
533327,3
533357,3
533378,3
533388,3
533393,1
533396,3
533402,2
533404,0
533411,2
533449,2
533464,3
533490,3
533492,3
533497,2
533518,3
533527,2
533537,2
533542,3
533550,2
533573,3
533575,2
533598,3
533613,3
533617,3
533656,2
533716,3
533742,2
533755,0
533759,3
533773,2
533782,3
533809,2
533827,1
533846,2
533859,3
533895,2
533908,2
533932,0
533975,2
533985,2
533990,3
534040,3
534045,3
534066,3
534082,1
534088,2
534105,3
534179,3
534190,3
534246,2
534254,2
534295,3
534333,3
534351,3
534360,3
534378,3
534380,2
534391,3
534445,0
534474,3
534499,1
534564,3
534586,1
534594,3
534604,1
534607,2
534608,2
534661,1
534688,2
534697,3
534703,2
534742,1
534747,2
534782,2
534793,2
534798,2
534825,1
534840,3
534842,3
534858,0
534895,2
534903,3
534939,3
534948,3
534957,3
534971,2
534986,3
535003,1
535007,0
535024,0
535035,3
535047,3
535051,3
535060,2
535063,2
535081,3
535099,2
535135,3
535136,2
535149,3
535155,1
535177,3
535189,3
535229,3
535266,1
535311,3
535341,3
535365,2
535398,3
535441,3
535447,3
535459,2
535473,1
535495,3
535497,1
535502,3
535553,3
535595,3
535600,2
535610,2
535625,2
535637,2
535644,3
535682,1
535686,0
535701,3
535702,3
535706,3
535734,3
535737,1
535746,3
535747,2
535791,3
535795,3
535878,3
535879,3
535885,3
535896,3
535905,0
535906,2
535912,3
535942,3
535983,1
535994,1
536000,0
536016,2
536034,3
536035,2
536039,0
536050,2
536058,3
536066,3
536086,3
536099,2
536135,1
536170,1
536212,0
536228,1
536229,1
536241,3
536275,3
536278,3
536313,2
536343,3
536387,3
536431,3
536467,2
536469,2
536474,0
536488,1
536489,3
536490,2
536532,3
536566,3
536574,3
536594,1
536604,3
536622,3
536641,3
536651,2
536652,2
536656,3
536658,3
536659,3
536672,2
536675,2
536691,3
536695,3
536763,3
536764,3
536782,3
536791,3
536810,3
536843,3
536876,2
536893,3
536951,3
536964,2
536995,2
537038,3
537066,3
537098,3
537121,1
537123,3
537177,3
537181,3
537212,1
537227,2
537289,3
537317,2
537373,2
537393,3
537400,1
537412,3
537413,3
537414,3
537470,1
537481,1
537507,3
537560,3
537580,2
537586,3
537595,3
537659,1
537671,3
537676,0
537688,3
537723,2
537725,2
537748,2
537770,3
537776,1
537795,1
537804,2
537818,2
537819,3
537834,2
537860,2
537861,3
537904,2
537922,3
537926,1
537975,1
538069,0
538074,3
538084,3
538108,1
538112,3
538131,3
538134,3
538139,2
538147,0
538167,3
538188,3
538197,3
538214,3
538216,3
538260,3
538270,2
538274,3
538279,3
538306,3
538319,2
538321,1
538331,3
538349,3
538350,0
538388,3
538413,0
538426,3
538432,3
538438,3
538441,0
538454,3
538457,2
538458,3
538463,1
538489,2
538511,1
538522,2
538529,3
538538,3
538608,3
538638,3
538641,0
538666,0
538677,3
538680,3
538681,2
538691,3
538696,1
538703,3
538714,3
538780,3
538788,2
538814,1
538883,2
538915,3
538919,1
538944,3
538976,3
539008,3
539010,3
539012,3
539093,3
539105,3
539135,3
539140,2
539146,2
539209,3
539221,3
539243,0
539267,3
539283,3
539300,3
539304,1
539307,1
539315,3
539317,3
539320,3
539337,2
539338,2
539384,2
539414,2
539426,3
539453,1
539460,3
539493,1
539510,3
539519,3
539528,0
539542,1
539558,3
539566,3
539611,3
539625,3
539627,3
539637,3
539648,3
539656,1
539669,2
539671,3
539710,0
539729,2
539782,1
539794,3
539855,3
539864,3
539866,1
539868,2
539883,3
539888,1
539899,1
539912,3
539916,3
539917,3
539919,0
539936,3
539953,2
539962,0
540014,3
540029,3
540043,1
540094,3
540138,1
540147,3
540150,2
540180,3
540199,3
540226,1
540244,2
540252,3
540253,3
540260,3
540302,3
540306,2
540308,3
540319,3
540347,2
540348,2
540413,2
540415,3
540444,3
540455,2
540475,2
540502,3
540527,3
540557,3
540572,3
540580,3
540597,3
540605,2
540614,0
540622,3
540642,1
540652,1
540653,1
540654,3
540656,3
540664,2
540666,2
540698,3
540708,2
540718,3
540733,2
540777,1
540819,0
540837,3
540857,1
540863,1
540924,1
540941,1
540966,1
540973,2
540974,2
541001,3
541034,1
541040,0
541041,2
541047,0
541061,1
541083,3
541084,3
541112,3
541132,1
541150,2
541162,0
541168,3
541176,3
541193,1
541216,2
541224,3
541235,3
541236,1
541240,2
541249,3
541259,3
541262,0
541282,0
541289,3
541326,3
541352,3
541357,3
541382,3
541389,2
541438,2
541454,3
541497,1
541505,3
541516,3
541539,1
541540,3
541612,3
541649,2
541672,3
541699,3
541700,3
541734,3
541735,1
541752,3
541764,3
541812,3
541878,2
541901,3
541906,0
541921,3
541923,3
541931,3
541939,3
541967,3
541972,3
541980,3
541988,1
541998,3
541999,1
542012,3
542015,3
542027,2
542036,3
542056,0
542059,3
542065,0
542080,3
542095,0
542142,0
542153,3
542189,2
542194,2
542196,1
542208,3
542230,3
542254,3
542267,1
542270,3
542277,2
542282,3
542303,3
542316,1
542326,2
542334,3
542358,2
542366,3
542383,3
542418,0
542451,2
542471,3
542482,1
542570,3
542585,3
542605,3
542638,1
542657,3
542658,2
542663,2
542670,3
542706,1
542752,3
542760,2
542767,3
542795,3
542796,3
542805,2
542812,1
542815,1
542825,2
542843,3
542850,2
542857,1
542874,0
542914,2
542918,2
542937,2
542965,1
542976,3
543008,0
543038,3
543052,3
543074,3
543075,3
543081,3
543114,3
543126,2
543165,3
543222,0
543237,3
543240,3
543271,3
543273,3
543304,3
543306,2
543327,3
543339,2
543352,3
543375,3
543385,3
543428,1
543437,2
543476,1
543497,3
543557,2
543559,3
543618,2
543620,1
543659,2
543660,1
543666,2
543668,2
543671,3
543694,3
543696,1
543713,2
543716,3
543723,1
543728,3
543778,3
543810,2
543816,1
543817,1
543826,3
543885,1
543900,3
543927,2
543928,2
543937,3
543952,3
543968,2
543976,0
544002,3
544008,2
544012,3
544015,2
544043,3
544163,3
544207,3
544254,3
544256,3
544271,3
544333,1
544364,1
544367,3
544391,3
544406,0
544414,3
544425,1
544444,3
544447,1
544449,3
544469,3
544472,1
544476,3
544480,2
544495,0
544497,1
544507,1
544513,3
544536,1
544549,3
544595,2
544604,3
544627,3
544640,3
544647,1
544680,3
544683,3
544685,0
544694,3
544698,1
544747,2
544749,3
544818,2
544839,3
544868,3
544926,3
545010,3
545011,3
545012,2
545063,1
545070,2
545089,0
545109,2
545115,3
545132,2
545208,3
545209,0
545226,3
545247,1
545249,3
545264,1
545272,3
545281,1
545290,3
545300,2
545317,3
545318,3
545327,2
545344,0
545345,2
545360,1
545375,2
545399,3
545404,0
545446,3
545465,3
545510,3
545518,0
545551,3
545577,3
545629,3
545633,2
545634,3
545652,3
545684,0
545736,0
545745,3
545748,3
545754,1
545755,3
545758,2
545763,0
545770,3
545771,3
545803,3
545805,3
545810,1
545848,1
545865,3
545879,0
545936,3
545939,3
545958,1
545981,2
546008,2
546050,3
546061,3
546064,3
546065,3
546072,3
546121,1
546127,3
546130,3
546131,0
546161,3
546164,0
546190,3
546224,3
546256,3
546280,0
546282,3
546307,0
546334,2
546395,0
546399,1
546419,0
546437,3
546462,1
546470,1
546485,3
546509,3
546529,0
546587,3
546612,2
546648,3
546664,2
546671,3
546679,2
546688,0
546702,3
546728,3
546740,3
546756,3
546774,3
546842,1
546844,3
546847,0
546857,1
546864,0
546867,3
546881,3
546882,2
546884,1
546888,0
546900,3
546937,1
546964,3
546972,3
547006,0
547007,2
547037,2
547070,3
547100,0
547130,1
547150,0
547164,0
547175,2
547180,3
547181,1
547201,1
547266,3
547301,1
547320,1
547325,3
547336,3
547342,2
547412,3
547453,2
547458,3
547459,3
547483,2
547512,3
547555,0
547559,2
547568,2
547594,0
547606,3
547613,3
547617,3
547663,3
547664,3
547693,0
547761,3
547776,3
547779,3
547792,3
547817,1
547823,3
547825,2
547834,1
547836,3
547857,3
547862,3
547878,0
547911,3
547938,1
547951,3
547966,3
547997,1
548006,2
548022,3
548032,3
548037,3
548040,2
548093,1
548109,3
548113,3
548120,3
548123,1
548185,1
548189,0
548190,2
548193,0
548222,3
548228,1
548230,3
548256,3
548258,3
548272,3
548307,3
548310,2
548391,3
548408,2
548422,0
548434,3
548448,1
548474,2
548488,2
548490,3
548504,2
548560,3
548568,3
548587,2
548635,3
548651,3
548653,3
548672,3
548708,3
548743,2
548853,3
548859,3
548872,1
548961,0
548967,3
548978,2
548988,3
548990,2
549058,2
549115,2
549116,3
549121,0
549141,1
549152,0
549154,3
549190,0
549202,3
549235,1
549251,2
549274,1
549281,2
549290,1
549292,3
549293,1
549303,2
549313,3
549320,1
549357,3
549359,2
549361,3
549366,1
549367,3
549377,3
549389,1
549390,2
549450,0
549466,3
549472,1
549482,3
549515,3
549569,3
549572,3
549579,3
549580,3
549584,3
549608,1
549611,3
549623,3
549631,3
549710,2
549714,3
549733,2
549746,3
549759,1
549764,3
549777,2
549797,2
549800,3
549850,3
549894,1
549938,0
549988,1
549992,2
550017,3
550019,2
550022,1
550028,1
550068,3
550071,2
550077,3
550105,2
550110,0
550134,3
550193,1
550200,3
550202,2
550221,3
550222,2
550229,2
550233,3
550298,1
550300,3
550317,3
550400,0
550421,3
550426,3
550442,2
550455,3
550459,3
550460,3
550482,1
550506,3
550514,0
550572,3
550579,3
550599,1
550627,1
550703,1
550711,2
550752,3
550754,3
550796,2
550804,3
550805,3
550830,0
550868,3
550871,3
550887,1
550904,3
550973,3
550985,3
551023,0
551032,2
551042,3
551051,1
551088,3
551116,3
551166,2
551210,1
551211,1
551217,2
551237,3
551241,2
551245,0
551278,3
551282,3
551331,3
551340,1
551359,3
551430,3
551431,1
551448,3
551468,3
551473,1
551486,1
551488,1
551501,1
551549,3
551560,2
551567,3
551576,2
551600,2
551615,1
551620,2
551622,0
551627,2
551662,3
551665,3
551671,1
551681,2
551685,3
551718,2
551729,2
551804,3
551834,3
551847,2
551890,2
551908,1
551914,3
551935,1
551963,2
551967,3
551978,2
551990,2
552036,3
552088,2
552165,1
552172,0
552192,2
552209,1
552302,1
552303,3
552313,3
552314,3
552345,3
552348,3
552363,2
552364,1
552366,3
552372,3
552384,3
552414,2
552432,3
552440,3
552473,3
552487,3
552506,1
552532,3
552535,3
552558,3
552573,2
552597,2
552598,3
552613,3
552623,2
552642,3
552643,3
552649,2
552653,0
552661,2
552726,1
552732,3
552734,3
552760,3
552763,3
552775,2
552809,2
552861,0
552904,3
552929,2
552944,3
552945,3
553017,3
553054,0
553139,3
553151,3
553208,1
553219,3
553220,0
553231,3
553245,2
553339,3
553361,3
553456,3
553533,3
553559,2
553568,3
553607,3
553631,1
553633,1
553645,3
553664,3
553690,1
553704,2
553743,1
553751,3
553754,3
553773,0
553783,2
553791,2
553805,3
553876,2
553901,3
553904,2
553938,0
553943,3
553955,3
553967,0
553984,3
553985,0
554026,3
554079,2
554141,3
554155,3
554163,3
554175,3
554202,2
554213,2
554217,2
554269,3
554284,2
554289,1
554299,1
554357,1
554413,3
554444,2
554450,1
554507,2
554532,3
554560,2
554609,3
554632,1
554670,3
554681,1
554724,1
554753,3
554801,3
554853,3
554866,1
554885,2
554922,3
554939,1
554949,1
554956,2
554961,3
555030,1
555058,2
555075,1
555083,3
555108,3
555135,3
555147,2
555151,2
555180,3
555186,3
555187,1
555191,3
555193,3
555203,1
555206,3
555250,2
555257,0
555275,3
555277,3
555299,3
555301,3
555310,0
555326,3
555334,1
555418,1
555428,3
555478,2
555484,3
555492,3
555499,3
555521,3
555563,3
555587,2
555600,3
555648,3
555656,1
555698,0
555710,3
555712,1
555751,3
555770,3
555773,0
555782,3
555784,2
555796,3
555818,1
555850,3
555852,3
555894,3
555934,2
555960,1
555990,1
555997,3
556015,3
556019,3
556043,1
556052,2
556067,3
556111,3
556119,3
556127,2
556138,2
556199,1
556214,3
556215,3
556268,3
556274,1
556314,3
556347,3
556391,3
556395,1
556417,1
556533,3
556579,0
556621,1
556622,3
556623,0
556647,3
556673,3
556714,2
556744,3
556824,3
556827,1
556830,1
556841,2
556887,3
556900,1
556904,3
556906,3
557005,3
557010,1
557033,3
557036,3
557055,3
557107,3
557108,2
557118,3
557134,3
557236,3
557248,1
557262,0
557282,3
557298,3
557307,3
557314,3
557343,3
557402,3
557449,2
557476,3
557492,2
557496,3
557508,2
557525,3
557562,3
557569,0
557643,3
557672,2
557692,3
557726,0
557762,0
557794,3
557799,1
557815,0
557834,0
557851,3
557875,3
557876,3
557879,0
557887,2
557921,3
557932,2
557956,3
557957,3
557963,0
557986,2
557992,1
558018,3
558019,3
558081,3
558114,0
558138,2
558147,1
558202,2
558204,3
558251,3
558270,3
558277,3
558294,2
558300,3
558362,3
558388,3
558394,3
558395,1
558437,3
558466,3
558489,2
558506,3
558513,3
558651,3
558659,3
558682,3
558774,3
558786,3
558838,3
558851,0
558852,1
558919,1
558920,3
558966,3
558987,3
558988,3
559068,2
559071,1
559093,3
559094,1
559107,3
559112,3
559146,2
559148,3
559164,3
559176,1
559194,3
559211,3
559226,3
559228,3
559266,3
559277,2
559324,3
559345,1
559368,3
559407,3
559432,2
559441,1
559461,1
559464,2
559465,1
559468,2
559469,3
559473,3
559520,2
559537,3
559547,1
559661,0
559695,0
559712,3
559758,1
559772,3
559775,3
559782,3
559787,3
559794,2
559832,1
559834,3
559846,3
559863,2
559901,2
559918,3
559936,0
559981,3
559995,3
560015,2
560035,3
560065,3
560078,3
560085,0
560090,2
560125,3
560175,2
560195,3
560213,3
560245,3
560257,1
560273,3
560279,1
560291,3
560341,3
560362,3
560367,3
560374,3
560433,1
560468,3
560478,3
560495,1
560497,3
560508,1
560511,3
560519,3
560529,1
560627,0
560672,2
560680,0
560723,1
560733,3
560739,0
560747,3
560796,3
560803,3
560854,2
560870,3
560888,3
560897,3
560915,2
560929,2
560948,1
560949,3
560978,2
560991,3
561013,3
561031,0
561033,3
561037,2
561044,1
561054,2
561156,1
561201,3
561243,3
561288,1
561326,2
561331,3
561333,1
561339,3
561353,3
561367,3
561386,3
561503,3
561519,1
561642,3
561652,3
561653,3
561665,3
561687,2
561699,2
561707,1
561710,3
561798,3
561837,3
561846,0
561864,3
561896,3
561908,0
561945,2
561950,0
561992,3
561994,3
562010,3
562032,1
562042,3
562108,3
562148,3
562161,2
562192,3
562209,2
562238,3
562275,0
562283,1
562315,3
562334,3
562338,3
562362,2
562398,3
562416,2
562417,3
562428,3
562490,3
562516,1
562529,3
562576,1
562585,3
562587,1
562612,0
562641,3
562648,3
562708,3
562814,1
562832,2
562843,3
562869,3
562886,3
562888,1
562894,3
563012,1
563021,3
563052,1
563059,0
563100,2
563148,0
563162,2
563165,3
563201,2
563221,3
563253,2
563254,2
563266,2
563315,3
563335,3
563340,3
563342,2
563343,3
563375,3
563410,3
563425,3
563482,3
563483,2
563489,3
563507,2
563544,3
563588,3
563592,2
563598,2
563679,1
563691,1
563711,0
563731,3
563735,3
563736,3
563740,2
563773,2
563787,3
563831,0
563853,0
563882,2
563896,0
563956,3
563974,1
563995,2
564052,3
564100,3
564101,0
564112,2
564182,3
564204,3
564219,3
564234,3
564252,3
564258,2
564306,3
564312,3
564364,3
564369,1
564377,2
564430,3
564434,1
564495,0
564498,1
564517,3
564534,3
564588,1
564593,2
564596,2
564604,2
564606,2
564616,3
564620,0
564699,2
564713,3
564736,3
564737,3
564792,3
564822,1
564842,2
564854,3
564962,3
565056,1
565070,3
565076,1
565109,2
565114,2
565131,2
565212,3
565240,1
565251,2
565265,0
565275,1
565280,2
565294,3
565301,3
565348,1
565365,3
565377,3
565387,2
565419,3
565459,2
565460,2
565464,3
565467,2
565487,1
565508,1
565510,3
565511,0
565514,3
565565,0
565573,3
565582,2
565601,1
565718,3
565755,2
565764,2
565768,2
565791,3
565826,1
565827,0
565841,3
565902,2
565910,2
565912,1
565915,2
565935,3
565949,2
566002,1
566008,2
566032,3
566044,0
566059,0
566061,3
566096,3
566097,1
566152,3
566173,3
566174,3
566196,3
566275,2
566279,3
566312,2
566336,3
566338,3
566366,2
566424,2
566432,3
566455,3
566456,1
566489,3
566533,0
566547,3
566592,1
566614,2
566625,3
566626,3
566650,3
566682,3
566702,3
566726,3
566735,3
566749,1
566762,3
566770,1
566787,3
566815,3
566861,3
566875,3
566881,3
566953,0
566964,2
566992,2
566996,1
566998,3
566999,0
567052,1
567061,2
567114,1
567172,3
567195,3
567211,3
567219,2
567243,2
567245,1
567256,3
567342,1
567390,1
567431,3
567432,3
567448,3
567458,2
567478,2
567518,3
567547,2
567548,3
567558,2
567563,3
567589,1
567643,3
567651,2
567682,2
567778,3
567824,1
567849,3
567885,3
567906,3
567943,1
567950,0
567961,2
568004,3
568013,3
568060,3
568064,3
568078,2
568086,1
568093,3
568101,3
568105,3
568121,3
568155,1
568167,2
568182,2
568258,1
568325,1
568371,2
568385,3
568416,2
568463,3
568486,3
568513,1
568536,1
568602,2
568605,0
568641,3
568696,3
568713,3
568716,3
568773,0
568790,3
568917,1
568931,0
568970,1
568984,1
569031,2
569082,3
569107,1
569150,3
569170,3
569180,3
569203,3
569236,3
569239,3
569243,2
569300,3
569335,1
569342,2
569364,3
569458,2
569466,3
569472,3
569530,3
569534,3
569572,3
569643,1
569733,3
569754,3
569779,3
569788,2
569792,2
569817,2
569829,3
569832,2
569863,3
569883,3
569920,2
569923,1
570021,2
570076,0
570144,3
570162,2
570215,3
570219,2
570224,2
570226,2
570242,1
570279,2
570291,3
570329,1
570330,3
570346,2
570369,2
570418,3
570436,3
570439,2
570600,3
570601,2
570625,2
570626,3
570631,3
570639,2
570654,2
570666,2
570683,3
570692,2
570693,3
570697,2
570713,3
570746,3
570750,0
570782,3
570821,3
570829,3
570837,3
570862,1
570928,3
570930,1
570945,3
570961,3
570988,3
571001,1
571015,2
571084,3
571200,3
571208,0
571233,3
571243,0
571251,1
571300,0
571348,3
571363,3
571429,3
571454,2
571523,3
571525,2
571553,3
571560,3
571561,1
571566,3
571580,2
571610,2
571637,3
571639,3
571643,2
571757,1
571819,3
571864,2
571876,3
571888,0
571913,2
571940,1
572106,1
572133,1
572154,1
572176,3
572214,1
572290,3
572396,3
572397,1
572428,3
572479,3
572489,0
572502,3
572529,3
572538,3
572554,3
572578,3
572591,3
572609,3
572632,3
572669,3
572728,3
572744,2
572826,3
572870,1
572898,3
572908,3
572932,1
572992,3
573010,0
573011,3
573040,3
573086,0
573122,3
573147,3
573153,0
573189,3
573191,0
573237,2
573244,2
573249,3
573291,3
573365,1
573373,3
573378,3
573379,3
573420,2
573423,1
573427,3
573493,3
573518,3
573564,2
573584,2
573588,3
573621,3
573648,0
573670,0
573698,0
573704,3
573719,1
573720,3
573792,3
573807,2
573841,3
573922,3
573926,1
573931,2
573939,3
573946,3
573988,3
574003,0
574071,3
574104,3
574116,1
574134,3
574150,3
574206,2
574279,3
574362,1
574409,0
574419,2
574440,3
574465,2
574467,3
574489,3
574493,2
574513,3
574603,3
574625,3
574680,3
574794,3
574840,3
574885,2
574909,3
574987,3
575051,3
575055,3
575092,1
575131,2
575208,3
575233,3
575253,3
575299,3
575419,3
575433,3
575459,3
575500,3
575528,3
575554,0
575561,3
575576,3
575677,3
575692,1
575711,3
575733,1
575756,0
575774,3
575809,3
575823,3
575868,3
575908,2
575923,3
575964,1
575971,3
576040,2
576103,0
576136,3
576159,2
576169,3
576231,2
576272,3
576357,2
576366,3
576369,3
576370,0
576373,3
576541,3
576612,2
576663,3
576668,1
576677,0
576691,3
576712,1
576765,0
576785,1
576833,3
576846,1
576849,0
576879,2
576922,1
576945,3
576962,1
576966,3
576985,3
577007,3
577044,3
577046,3
577074,3
577089,3
577115,2
577145,3
577180,3
577208,3
577215,2
577216,3
577225,3
577255,3
577287,0
577356,3
577381,1
577386,3
577410,2
577534,1
577539,2
577541,0
577598,0
577617,2
577625,3
577626,3
577638,2
577643,1
577667,1
577682,1
577851,0
577901,0
577915,3
577921,2
577930,3
577944,1
577984,3
578058,2
578088,3
578120,3
578164,3
578396,3
578459,3
578488,3
578503,3
578511,3
578549,3
578607,3
578824,2
578866,1
578872,2
578886,1
578892,2
578929,2
578938,3
578947,3
578993,2
579021,2
579040,1
579065,3
579230,1
579275,0
579307,3
579323,2
579404,2
579503,1
579547,3
579589,3
579707,3
579714,1
579783,1
579792,3
579804,3
579829,3
579846,1
579950,2
579971,1
579999,1
580026,1
580077,2
580211,3
580212,3
580402,3
580460,3
580515,3
580578,3
580611,2
580622,1
580626,3
580658,3
580895,1
580902,3
580944,3
580971,3
581005,3
581085,0
581086,3
581091,2
581110,1
581111,3
581120,0
581239,2
581269,3
581307,2
581343,0
581365,2
581385,1
581388,2
581409,3
581412,3
581438,3
581461,1
581491,0
581527,2
581577,2
581595,1
581666,3
581679,0
581685,3
581721,3
581729,0
581770,3
581835,3
581858,3
581901,3
582002,1
582011,3
582038,2
582190,1
582227,2
582241,1
582254,3
582319,3
582320,3
582326,3
582333,3
582343,2
582446,0
582482,3
582484,3
582577,3
582586,1
582636,3
582664,3
582723,3
582729,1
582768,3
582785,3
582796,1
582801,0
582828,2
582833,3
582903,0
582979,3
582995,3
583016,3
583023,3
583038,3
583052,3
583070,2
583087,3
583120,0
583134,2
583166,0
583190,1
583200,3
583297,3
583335,2
583336,2
583342,1
583446,2
583454,2
583483,2
583486,3
583490,1
583499,3
583526,2
583612,3
583623,3
583664,3
583759,2
583764,3
583931,3
583955,1
583976,3
584001,1
584012,3
584030,3
584034,3
584115,0
584134,3
584185,3
584217,1
584241,1
584247,3
584288,2
584423,2
584459,2
584525,3
584530,3
584531,3
584537,3
584549,0
584591,3
584666,3
584787,0
584843,0
584844,3
584875,3
584912,2
584977,3
584998,3
585138,1
585169,1
585187,3
585231,1
585248,3
585250,1
585310,2
585361,1
585492,3
585522,1
585583,2
585585,3
585595,3
585650,0
585717,2
585722,2
585745,3
585768,3
585832,3
585882,3
585915,3
585946,3
585965,3
585986,3
586006,3
586038,2
586063,0
586077,3
586096,3
586122,3
586124,3
586192,0
586251,0
586257,1
586270,2
586272,0
586312,3
586344,1
586357,1
586384,2
586458,1
586471,3
586631,2
586637,3
586644,3
586656,3
586672,2
586701,3
586721,0
586732,2
586762,2
586774,3
586803,1
586811,3
586820,3
586829,1
586850,3
586876,2
586887,3
586936,3
586953,3
587134,3
587195,3
587233,1
587234,0
587304,3
587313,2
587373,3
587459,3
587470,3
587483,3
587538,3
587577,3
587601,1
587642,1
587675,0
587698,2
587753,1
587754,0
587802,3
587810,3
587899,2
588013,2
588048,3
588103,3
588313,2
588355,3
588370,3
588386,2
588391,3
588414,3
588497,2
588507,3
588526,1
588560,1
588582,3
588677,2
588732,2
588797,0
588820,3
588893,3
588919,3
588970,2
589008,1
589121,2
589140,2
589154,2
589162,3
589164,3
589171,2
589228,0
589259,2
589306,3
589311,3
589404,0
589405,3
589414,3
589489,3
589539,1
589630,3
589650,3
589758,3
589775,3
589812,3
589822,1
589868,3
589884,2
589977,3
589995,3
590014,1
590040,3
590077,0
590095,2
590103,3
590123,3
590130,3
590163,3
590202,3
590227,3
590230,0
590379,3
590394,3
590397,1
590400,3
590404,3
590412,3
590420,0
590429,3
590434,3
590442,3
590468,1
590471,3
590473,1
590558,2
590659,1
590697,3
590744,2
590829,3
590843,1
590905,3
590922,3
590954,3
590967,3
590981,3
591003,3
591063,0
591097,3
591155,3
591255,2
591271,1
591328,1
591381,2
591433,2
591478,1
591582,0
591593,2
591599,3
591714,3
591746,3
591835,1
591888,3
592035,0
592079,1
592082,3
592118,1
592132,2
592158,3
592221,2
592366,2
592371,3
592372,2
592378,1
592399,2
592403,0
592445,2
592491,3
592598,3
592707,2
592792,3
592833,3
592886,3
592929,3
592958,1
593020,2
593047,1
593244,2
593350,3
593385,3
593386,2
593398,1
593401,3
593494,3
593536,3
593632,3
593672,2
593719,2
593786,0
593804,1
593833,0
593910,3
594000,1
594027,2
594042,2
594103,2
594123,3
594146,1
594188,3
594238,3
594240,3
594406,2
594410,1
594446,2
594449,3
594503,1
594516,1
594601,2
594644,3
594695,3
594737,2
594824,0
594875,1
594892,3
594914,3
594948,3
594985,3
595026,3
595087,3
595122,3
595123,0
595126,2
595171,2
595183,0
595184,3
595257,3
595283,1
595284,3
595386,3
595414,3
595431,2
595442,3
595506,1
595527,2
595587,3
595624,2
595626,3
595690,1
595740,3
595852,3
595861,3
595897,1
595958,0
596103,2
596153,3
596186,2
596220,3
596222,3
596320,1
596329,1
596335,3
596349,1
596361,2
596409,3
596442,1
596505,3
596559,1
596611,1
596732,3
596820,2
596856,2
596863,0
597003,3
597010,3
597029,3
597300,2
597410,3
597434,0
597498,3
597510,3
597662,1
597734,3
597836,3
597878,3
597946,3
597948,1
597954,3
597955,1
598069,2
598075,2
598185,2
598233,3
598265,3
598276,3
598306,3
598526,1
598533,0
598590,3
598687,3
598691,2
598692,2
598715,2
598832,1
598881,3
598911,2
598945,2
599065,0
599239,3
599244,1
599311,3
599335,3
599348,3
599437,3
599454,0
599649,0
599651,1
599657,3
599765,3
599790,1
599833,3
599909,1
599927,3
599999,1
600011,3
600018,2
600057,2
600078,3
600163,1
600265,2
600287,3
600304,3
600351,3
600395,3
600444,3
600515,0
600561,2
600605,3
600648,3
600690,3
600750,3
600796,1
600833,1
600842,0
600886,3
600926,3
600930,3
601094,1
601104,3
601116,2
601158,2
601282,3
601582,3
601673,3
601882,3
601894,2
601917,2
602120,3
602190,3
602323,1
602433,3
602476,2
602478,1
602598,2
602656,3
602734,0
602748,3
602769,0
602793,2
602827,3
602918,1
602921,3
602925,3
602946,3
602953,0
602962,3
603033,0
603053,3
603100,1
603160,2
603221,1
603278,2
603296,3
603341,1
603345,3
603440,0
603515,2
603592,0
603635,0
603715,3
603809,3
603875,3
603883,3
604136,1
604355,2
604388,2
604592,1
604617,1
604664,1
604688,0
604804,3
604840,2
604916,1
604982,3
605004,3
605096,3
605136,1
605308,1
605311,3
605439,3
605494,3
605558,2
605578,1
605607,3
605615,0
605619,3
605776,2
605780,3
605878,3
605943,1
605945,3
606041,3
606060,3
606094,3
606161,3
606283,3
606290,2
606333,3
606362,3
606456,1
606568,3
606635,3
606648,2
606762,3
606862,3
606930,0
607017,3
607028,3
607152,0
607197,0
607270,3
607280,2
607350,2
607524,1
607626,1
607706,1
607799,2
607931,2
607949,1
607998,3
608039,2
608086,0
608287,3
608296,3
608343,0
608478,3
608520,3
608521,3
608629,2
608725,3
608727,3
608764,3
608786,1
608820,3
608823,2
608860,3
608866,3
608970,1
609051,3
609102,3
609167,3
609221,1
609228,3
609230,2
609236,3
609240,3
609243,2
609262,2
609393,0
609413,3
609673,3
609683,0
609720,2
609763,1
609800,3
609817,3
609838,0
609868,3
610144,3
610226,3
610280,1
610294,3
610306,3
610338,0
610395,3
610474,3
610482,2
610492,0
610530,1
610670,2
610763,2
610793,2
610806,3
610905,1
610909,3
611031,1
611065,3
611087,3
611126,3
611177,3
611251,3
611350,2
611371,2
611583,2
611839,2
611852,3
611887,2
611954,3
612002,0
612128,3
612175,2
612220,0
612226,1
612236,3
612562,0
612685,3
612797,3
612812,1
612976,1
613164,2
613252,1
613275,3
613383,3
613386,1
613442,2
613655,3
613874,3
613921,2
613941,0
614033,3
614092,1
614111,2
614165,2
614311,0
614412,3
614549,2
614595,0
614632,1
614668,3
614748,0
614793,1
614814,1
614828,3
614846,1
614918,3
614933,3
615006,3
615266,3
615307,3
615489,0
615544,1
615674,1
615749,3
615783,2
615881,1
615922,1
616086,1
616125,2
616222,3
616461,2
616470,2
616491,3
616518,3
616692,1
616715,3
616718,0
616734,1
616752,2
616789,1
616795,3
616802,0
616950,1
616992,0
617052,3
617125,3
617199,3
617402,0
617407,3
617458,2
617506,3
617606,1
617743,3
617878,2
617964,1
617990,1
617994,3
618063,0
618088,3
618157,0
618181,3
618201,3
618230,1
618266,0
618308,3
618343,1
618392,1
618418,3
618429,3
618535,2
618642,1
618664,1
618759,1
618780,2
618815,1
618881,3
619079,0
619109,3
619218,3
619321,3
619362,3
619432,2
619520,2
619615,3
619918,2
619938,1
619971,1
619983,1
619988,1
620033,0
620274,3
620300,3
620382,2
620394,2
620453,3
620690,1
620719,1
620884,0
620972,3
620991,2
621072,3
621081,3
621085,1
621113,1
621150,1
621291,3
621552,1
621607,2
621665,0
621811,3
621849,3
621922,2
622149,3
622248,2
622293,2
622343,0
622418,0
622464,3
622708,3
622813,3
623043,3
623077,2
623087,3
623142,3
623417,1
623691,2
623750,3
623815,2
623850,3
623935,1
623941,3
623949,3
623972,3
624198,3
624215,3
624258,3
624497,0
624593,3
624636,3
624762,3
624913,3
625030,3
625089,2
625398,2
625400,3
625555,0
625597,1
625700,1
625703,2
625984,3
626037,1
626067,1
626114,1
626249,1
626318,3
626329,3
626519,3
626520,3
626558,1
626587,1
626645,3
626986,3
627041,3
627158,3
627176,0
627436,3
627451,3
627475,1
627518,2
627617,1
627729,1
627889,3
627893,2
627972,2
628023,3
628033,2
628570,3
628653,3
628671,2
628694,3
628752,3
628762,1
629345,1
629647,2
629701,2
629725,3
629747,1
629803,3
629812,0
629877,3
629952,3
630039,3
630097,3
630176,3
630178,3
630267,2
630607,1
630609,2
630694,3
630738,3
630992,1
631174,2
631201,2
631319,3
631384,1
631388,1
631448,1
631477,3
631787,0
631872,1
631970,3
631975,1
631993,3
632136,0
632239,3
632316,3
632425,3
632461,3
632475,0
632631,3
632665,2
632749,2
632866,1
632965,3
632988,3
633183,3
633195,2
633235,1
633314,2
633406,1
633725,0
633972,1
634130,3
634601,1
634739,1
634795,3
634824,2
635249,3
635300,3
635303,3
635375,1
635442,3
635576,3
635587,3
635666,0
635790,3
635861,2
635949,3
636078,3
636102,3
636251,1
636520,3
636524,3
636526,3
636739,2
636873,3
636874,3
636966,2
637075,3
637086,3
637421,2
637457,3
637555,1
637633,2
637687,3
638140,3
638162,2
638237,1
638565,3
638576,2
638580,1
638598,2
638600,1
638874,3
639009,2
639168,3
639458,3
639510,3
639554,2
639571,3
639894,3
640451,1
640580,3
640649,3
640689,0
640715,3
640849,3
640867,0
640968,3
641012,2
641102,3
641106,3
641310,3
641364,2
641529,1
641537,3
642215,1
642344,3
642364,1
642553,0
642578,3
642679,3
642786,3
642820,3
643324,1
643344,1
643359,2
643469,3
643645,3
643714,0
643929,3
644438,1
644467,2
644639,1
644784,2
644870,3
645022,1
645047,0
645168,2
645415,2
645488,1
645664,1
645685,3
645933,2
645939,0
646127,1
646197,1
646257,2
646259,1
646405,2
646424,0
646455,3
646933,2
646937,3
647016,1
647555,3
647597,1
647638,1
647662,0
647674,2
647804,3
647862,1
648201,1
648379,3
648852,3
648983,2
648990,3
649080,2
649081,3
649208,2
649378,3
649935,1
650049,2
650055,2
650079,3
650606,1
650901,2
651018,1
651030,2
651193,3
651201,3
651269,3
651274,1
651390,2
651491,0
651613,3
651675,3
651744,0
651805,3
651818,3
651828,3
651941,1
651960,1
652003,1
652040,3
652190,1
652359,3
652416,3
652527,2
652737,2
653197,1
653228,1
653281,3
653332,3
653640,2
653724,3
653838,0
653852,3
654233,3
654259,3
654395,3
654687,3
654913,2
655022,1
655051,2
655166,0
655300,3
655499,3
656150,3
656346,3
656422,2
656471,0
656560,3
656626,1
656708,3
656850,1
656873,3
656920,1
657122,3
657343,0
657514,1
657591,2
657629,2
657796,3
658234,1
658528,3
658774,1
659128,3
659161,3
659162,3
659360,0
659664,3
659744,3
659832,3
660110,2
660821,1
660894,1
660903,1
660959,1
661614,1
661639,2
661697,3
661930,1
662010,3
662535,3
662596,0
662750,1
663017,3
663376,3
663565,3
664084,2
664119,1
664401,0
664405,0
664617,1
664663,2
664998,3
665329,3
665397,3
665505,2
665593,3
665676,2
665746,0
665887,3
665892,2
665980,1
666049,2
666174,0
666292,0
666718,3
666942,1
667299,1
667536,2
667643,1
667718,0
667916,3
667929,1
667981,3
668083,1
668172,2
668677,2
668776,2
669140,1
669155,1
669329,0
669348,3
669356,3
669449,0
670471,3
670626,3
670971,3
671066,3
671151,0
671367,2
671368,3
671975,3
671999,0
672009,3
672112,3
672468,2
673076,2
673286,1
673874,3
674375,3
675053,3
675201,3
675594,2
676043,1
676373,2
676570,0
676707,1
676762,3
677209,3
677842,1
677896,3
678536,1
678547,1
678888,3
679040,3
679047,2
679066,3
679442,3
679611,2
679831,0
680424,3
680735,3
681050,3
681581,3
681720,3
682005,1
682247,2
683014,3
683663,1
683976,1
683978,3
684510,2
684521,2
684543,3
684764,2
684806,2
685594,3
685604,3
685958,1
686165,3
686408,3
686445,1
686509,0
686915,1
686920,3
688312,1
688600,2
689037,2
689374,3
689456,1
689624,2
689984,2
690420,0
690422,3
691334,3
691541,0
691546,3
692211,0
692510,3
693301,3
693729,2
693765,3
694265,0
695011,2
695094,3
695132,3
695307,3
695557,2
696475,3
697072,0
698291,2
698573,2
699040,1
699411,0
700028,2
700237,0
700289,1
700666,1
701565,3
702595,3
702877,2
703333,3
704652,3
704870,3
705215,2
705310,3
705984,1
707260,3
707402,1
707525,3
708887,1
709630,0
710489,2
710523,1
711391,3
713557,3
714166,3
714420,3
714504,3
714565,3
715059,3
716337,2
716801,0
717149,2
717546,3
720819,3
720860,2
721496,3
721552,2
721570,0
722828,2
722939,3
724581,3
725357,1
726953,3
727886,0
728820,0
730639,1
732729,3
733654,0
734565,3
735029,3
736075,0
736833,1
739139,1
739518,3
739734,1
741190,1
741773,3
741902,3
742639,3
743151,1
745292,3
746934,1
748759,1
750982,3
751545,3
752933,0
756030,2
756434,3
757930,3
760304,2
760793,3
763129,0
763792,1
765745,1
767426,2
768291,3
770252,0
774666,3
777366,3
777846,3
780167,3
785107,3
785186,3
792549,3
796032,0
801660,3
811077,3
844489,1
