user_id,cluster_dbscan
23557,-1
94883,-1
101486,-1
101961,-1
106907,-1
118043,-1
120851,-1
125845,-1
133058,-1
149058,-1
152583,-1
153982,-1
160754,-1
164522,-1
167852,-1
171470,-1
174997,-1
175032,-1
181157,-1
182191,-1
187212,-1
189676,-1
190866,-1
195192,-1
204943,-1
204997,-1
205044,-1
206011,-1
216796,-1
217114,-1
217136,-1
220725,-1
224996,-1
226367,-1
228195,-1
228872,-1
229009,-1
229108,-1
229330,-1
232647,-1
249521,-1
252835,-1
258451,-1
264470,-1
276512,-1
281952,-1
283325,-1
290123,-1
297546,-1
298253,-1
299476,-1
306165,-1
306819,-1
312488,-1
313724,-1
316527,-1
317688,-1
322867,-1
324191,-1
328590,-1
330764,-1
330893,-1
331039,-1
334787,-1
337227,-1
338086,-1
340166,-1
343928,-1
347778,-1
348817,-1
348863,-1
349132,-1
350648,-1
353271,-1
353694,-1
354050,-1
354260,-1
354311,-1
354950,-1
356046,-1
357737,-1
359072,-1
359080,-1
359653,-1
361459,-1
361759,-1
363535,-1
365825,-1
371201,-1
372970,-1
373489,-1
374331,-1
374340,-1
374341,-1
375160,-1
375729,-1
375751,-1
376159,-1
377069,-1
377411,-1
378565,-1
379543,-1
380434,-1
380436,-1
380757,-1
380874,-1
380949,-1
381259,-1
381465,-1
382181,-1
382384,-1
382533,-1
385689,-1
386255,-1
386469,-1
386914,-1
387282,-1
387783,-1
388328,-1
388767,-1
388947,-1
389434,-1
389662,-1
389759,-1
390811,-1
392453,-1
395202,-1
395981,-1
396552,-1
399137,-1
399218,-1
399799,-1
400275,-1
400582,-1
400899,-1
401245,-1
402332,-1
402978,-1
403881,-1
404879,-1
405305,-1
406210,-1
407118,-1
407250,-1
407275,-1
407434,-1
407642,-1
408551,-1
409073,-1
411179,-1
411701,-1
413128,-1
413340,-1
413418,-1
413658,-1
414128,-1
415282,-1
415381,-1
415581,-1
416319,-1
416580,-1
417679,-1
418329,-1
418488,-1
418692,-1
420648,-1
420669,-1
421247,-1
421515,-1
421666,-1
421700,-1
421870,-1
422066,-1
422668,-1
423042,-1
423413,-1
424553,-1
425632,-1
425653,-1
425953,-1
425966,-1
426478,-1
427426,-1
427506,-1
428056,-1
428552,-1
428858,-1
429345,-1
429375,-1
430722,-1
431144,-1
431337,-1
431602,-1
431746,-1
431899,-1
431912,-1
432333,-1
432637,-1
432941,-1
433080,-1
433339,-1
433905,-1
434238,-1
434623,-1
435231,-1
435596,-1
435669,-1
435837,-1
435882,-1
436320,-1
436894,-1
437069,-1
437162,-1
437251,-1
437539,-1
437549,-1
438189,-1
438406,-1
438551,-1
438596,-1
438839,-1
438937,-1
438985,-1
438995,-1
439052,-1
439120,-1
439363,-1
440212,-1
440655,-1
441200,-1
441205,-1
441448,-1
441457,-1
441982,-1
442484,-1
442718,-1
442812,-1
442819,-1
442833,-1
443305,-1
443453,-1
443598,-1
443652,-1
444387,-1
444885,-1
445351,-1
445515,-1
446124,-1
446138,-1
446473,-1
446933,-1
447053,-1
447591,-1
447737,-1
447951,-1
448025,-1
448154,-1
448295,-1
448467,-1
448564,-1
449033,-1
449326,-1
449619,-1
449804,-1
449980,-1
450164,-1
450193,-1
450305,-1
450615,-1
451291,-1
451674,-1
452034,-1
452532,-1
452594,-1
452612,-1
453143,-1
453168,-1
454264,-1
454430,-1
454616,-1
454661,-1
454920,-1
454934,-1
454955,-1
456226,-1
456318,-1
456663,-1
456671,-1
457468,-1
457599,-1
457967,-1
458479,-1
458688,-1
458725,-1
458762,-1
458814,-1
458855,-1
458919,-1
459229,-1
459486,-1
459645,-1
460072,-1
460181,-1
460553,-1
460625,-1
461559,-1
461744,-1
461791,-1
462127,-1
462456,-1
462894,-1
463652,-1
463698,-1
463783,-1
463867,-1
463910,-1
464080,-1
464160,-1
464239,-1
464542,-1
464597,-1
464614,-1
464673,-1
464782,-1
464855,-1
465138,-1
465343,-1
465531,-1
465568,-1
465731,-1
466205,-1
466342,-1
466723,-1
467007,-1
467092,-1
467339,-1
467809,-1
467892,-1
468106,-1
468370,-1
468409,-1
468666,-1
468801,-1
468808,-1
468832,-1
469237,-1
469418,-1
469440,-1
469464,-1
469699,-1
469767,-1
469824,-1
471077,-1
471161,-1
471186,-1
471500,-1
471565,-1
471649,-1
471687,-1
471717,-1
471935,-1
471946,-1
471973,-1
472394,-1
472446,-1
472614,-1
472713,-1
472785,-1
472966,-1
473332,-1
473343,-1
473402,-1
473467,-1
473568,-1
473712,-1
473847,-1
474007,-1
474120,-1
474239,-1
474261,-1
474278,-1
474384,-1
474464,-1
474546,-1
474951,-1
474980,-1
475060,-1
475130,-1
475467,-1
475531,-1
476081,-1
476104,-1
476124,-1
476173,-1
476270,-1
476393,-1
476436,-1
476535,-1
476665,-1
476693,-1
476714,-1
476742,-1
476916,-1
476956,-1
477285,-1
477316,-1
477597,-1
477730,-1
477805,-1
478003,-1
478146,-1
478188,-1
478228,-1
478291,-1
478533,-1
478585,-1
478760,-1
478801,-1
478834,-1
479071,-1
479078,-1
479101,-1
479254,-1
479524,-1
479785,-1
480186,-1
480313,-1
480331,-1
480690,-1
480796,-1
480877,-1
480895,-1
480975,-1
481050,-1
481245,-1
481292,-1
481358,-1
481554,-1
481622,-1
481772,-1
481781,-1
482264,-1
482335,-1
482424,-1
482548,-1
482602,-1
482621,-1
482630,-1
482744,-1
482811,-1
483224,-1
483237,-1
483345,-1
483480,-1
483483,-1
483525,-1
483603,-1
483928,-1
483982,-1
484249,-1
484342,-1
484418,-1
484987,-1
485149,-1
485260,-1
485393,-1
485505,-1
485518,-1
485536,-1
485544,-1
485591,-1
485658,-1
485780,-1
485785,-1
485891,-1
485894,-1
486046,-1
486113,-1
486191,-1
486261,-1
486268,-1
486270,-1
486366,-1
486447,-1
486454,-1
486605,-1
486671,-1
486751,-1
486823,-1
487002,-1
487036,-1
487040,-1
487101,-1
487276,-1
487352,-1
487453,-1
487637,-1
487680,-1
487715,-1
487858,-1
487954,-1
488009,-1
488099,-1
488246,-1
488314,-1
488410,-1
488430,-1
488462,-1
488480,-1
488511,-1
488529,-1
488539,-1
488672,-1
488827,-1
488865,-1
488870,-1
488918,-1
488974,-1
489096,-1
489131,-1
489575,-1
489635,-1
489661,-1
489730,-1
489785,-1
489786,-1
489802,-1
489844,-1
489852,-1
489949,-1
489953,-1
489992,-1
490040,-1
490107,-1
490133,-1
490201,-1
490348,-1
490358,-1
490517,-1
490576,-1
490608,-1
490629,-1
490671,-1
491003,-1
491124,-1
491141,-1
491175,-1
491182,-1
491241,-1
491266,-1
491559,-1
491597,-1
491617,-1
491706,-1
491772,-1
491925,-1
491930,-1
491995,-1
492209,-1
492211,-1
492287,-1
492371,-1
492497,-1
492614,-1
492999,-1
493177,-1
493409,-1
493476,-1
493718,-1
494294,-1
494374,-1
494382,-1
494441,-1
494463,-1
494484,-1
494590,-1
494630,-1
494680,-1
494704,-1
494985,-1
495029,-1
495042,-1
495080,-1
495272,-1
495273,-1
495386,-1
495482,-1
495592,-1
495603,-1
495727,-1
496016,-1
496074,-1
496273,-1
496286,-1
496332,-1
496382,-1
496408,-1
496566,-1
496899,-1
496972,-1
497042,-1
497077,-1
497108,-1
497225,-1
497475,-1
497615,-1
497678,-1
497680,-1
497829,-1
497915,-1
498154,-1
498199,-1
498287,-1
498298,-1
498357,-1
498363,-1
498500,-1
498574,-1
498607,-1
498665,-1
498857,-1
498931,-1
499028,-1
499038,-1
499252,-1
499313,-1
499366,-1
499375,-1
499379,-1
499461,-1
499475,-1
499633,-1
499634,-1
499659,-1
499669,-1
499751,-1
499760,-1
499780,-1
499810,-1
499847,-1
499969,-1
499979,-1
499990,-1
500078,-1
500196,-1
500243,-1
500257,-1
500288,-1
500299,-1
500493,-1
500532,-1
500646,-1
500745,-1
500773,-1
500791,-1
500828,-1
500972,-1
500974,-1
501087,-1
501125,-1
501184,-1
501322,-1
501344,-1
501436,-1
501512,-1
501708,-1
501735,-1
501764,-1
501780,-1
501794,-1
501817,-1
501830,-1
501897,-1
501947,-1
502063,-1
502145,-1
502210,-1
502212,-1
502353,-1
502412,-1
502435,-1
502444,-1
502609,-1
502626,-1
502799,-1
502819,-1
502826,-1
502847,-1
502850,-1
502875,-1
502995,-1
503042,-1
503049,-1
503058,-1
503126,-1
503161,-1
503277,-1
503342,-1
503418,-1
503483,-1
503621,-1
503760,-1
503773,-1
503918,-1
503928,-1
503945,-1
503973,-1
504081,-1
504133,-1
504240,-1
504299,-1
504320,-1
504371,-1
504435,-1
504473,-1
504579,-1
504610,-1
504665,-1
504669,-1
504786,-1
504859,-1
504892,-1
504916,-1
504936,-1
504945,-1
505062,-1
505066,-1
505172,-1
505230,-1
505285,-1
505289,-1
505358,-1
505414,-1
505498,-1
505617,-1
505667,-1
505680,-1
505713,-1
505747,-1
505771,-1
505854,-1
505916,-1
505933,-1
505941,-1
506013,-1
506130,-1
506186,-1
506234,-1
506250,-1
506347,-1
506427,-1
506611,-1
506652,-1
506675,-1
506704,-1
506777,-1
506807,-1
506828,-1
506837,-1
506858,-1
506990,-1
507036,-1
507133,-1
507207,-1
507273,-1
507376,-1
507395,-1
507431,-1
507435,-1
507505,-1
507513,-1
507531,-1
507557,-1
507573,-1
507617,-1
507728,-1
507732,-1
507753,-1
507759,-1
507773,-1
507805,-1
508050,-1
508096,-1
508111,-1
508144,-1
508153,-1
508240,-1
508360,-1
508367,-1
508497,-1
508512,-1
508546,-1
508611,-1
508625,-1
508693,-1
508713,-1
508731,-1
508829,-1
508848,-1
508849,-1
508856,-1
508857,-1
508860,-1
508866,-1
508877,-1
508891,-1
508892,-1
508901,-1
508912,-1
508917,-1
508923,-1
508938,-1
508940,-1
508944,-1
508946,-1
508964,-1
508973,-1
509001,-1
509024,-1
509036,-1
509052,-1
509061,-1
509069,-1
509098,-1
509115,-1
509119,-1
509157,-1
509160,-1
509162,-1
509202,-1
509221,-1
509242,-1
509272,-1
509278,-1
509282,-1
509302,-1
509316,-1
509324,-1
509341,-1
509346,-1
509353,-1
509354,-1
509359,-1
509402,-1
509411,-1
509413,-1
509414,-1
509419,-1
509421,-1
509435,-1
509445,-1
509453,-1
509454,-1
509459,-1
509467,-1
509498,-1
509515,-1
509516,-1
509530,-1
509552,-1
509598,-1
509603,-1
509626,-1
509635,-1
509638,-1
509645,-1
509681,-1
509712,-1
509713,-1
509717,-1
509749,-1
509763,-1
509765,-1
509781,-1
509822,-1
509826,-1
509841,-1
509855,-1
509876,-1
509892,-1
509903,-1
509919,-1
509924,-1
509933,-1
509969,-1
509990,-1
510003,-1
510022,-1
510044,-1
510048,-1
510061,-1
510067,-1
510070,-1
510078,-1
510079,-1
510081,-1
510090,-1
510093,-1
510094,-1
510104,-1
510108,-1
510112,-1
510114,-1
510134,-1
510155,-1
510156,-1
510163,-1
510164,-1
510170,-1
510172,-1
510179,-1
510185,-1
510188,-1
510195,-1
510198,-1
510213,-1
510215,-1
510219,-1
510227,-1
510238,-1
510239,-1
510243,-1
510257,-1
510270,-1
510283,-1
510315,-1
510316,-1
510326,-1
510328,-1
510343,-1
510356,-1
510365,-1
510369,-1
510379,-1
510393,-1
510418,-1
510423,-1
510449,-1
510452,-1
510459,-1
510490,-1
510494,-1
510511,-1
510533,-1
510537,-1
510543,-1
510545,-1
510558,-1
510570,-1
510571,-1
510575,-1
510580,-1
510582,-1
510585,-1
510586,-1
510610,-1
510618,-1
510676,-1
510686,-1
510694,-1
510700,-1
510707,-1
510719,-1
510733,-1
510754,-1
510779,-1
510805,-1
510815,-1
510822,-1
510828,-1
510836,-1
510841,-1
510890,-1
510899,-1
510944,-1
510946,-1
510953,-1
510960,-1
510961,-1
510972,-1
511017,-1
511055,-1
511066,-1
511093,-1
511122,-1
511125,-1
511126,-1
511140,-1
511142,-1
511145,-1
511148,-1
511160,-1
511178,-1
511195,-1
511208,-1
511219,-1
511223,-1
511238,-1
511260,-1
511298,-1
511314,-1
511326,-1
511328,-1
511331,-1
511364,-1
511377,-1
511379,-1
511397,-1
511398,-1
511399,-1
511418,-1
511424,-1
511433,-1
511440,-1
511455,-1
511469,-1
511489,-1
511502,-1
511504,-1
511535,-1
511542,-1
511549,-1
511552,-1
511554,-1
511560,-1
511567,-1
511568,-1
511570,-1
511577,-1
511578,-1
511587,-1
511589,-1
511608,-1
511609,-1
511613,-1
511638,-1
511665,-1
511666,-1
511677,-1
511680,-1
511697,-1
511712,-1
511726,-1
511739,-1
511757,-1
511762,-1
511764,-1
511772,-1
511778,-1
511783,-1
511784,-1
511800,-1
511803,-1
511805,-1
511809,-1
511811,-1
511821,-1
511827,-1
511851,-1
511859,-1
511860,-1
511862,-1
511878,-1
511884,-1
511902,-1
511910,-1
511916,-1
511923,-1
511936,-1
511943,-1
511977,-1
511989,-1
511996,-1
511998,-1
512009,-1
512010,-1
512016,-1
512024,-1
512028,-1
512060,-1
512063,-1
512069,-1
512078,-1
512099,-1
512103,-1
512144,-1
512147,-1
512148,0
512163,-1
512173,-1
512190,-1
512193,-1
512197,-1
512201,-1
512204,-1
512243,-1
512249,-1
512266,-1
512271,-1
512283,-1
512289,-1
512294,-1
512295,-1
512301,-1
512302,-1
512303,-1
512305,-1
512322,-1
512329,-1
512362,-1
512377,-1
512392,-1
512397,-1
512402,-1
512416,-1
512418,-1
512419,-1
512440,-1
512443,-1
512447,-1
512463,-1
512495,-1
512529,-1
512536,-1
512552,-1
512556,-1
512558,-1
512587,-1
512589,-1
512596,-1
512598,-1
512610,-1
512623,-1
512628,-1
512631,-1
512655,-1
512671,-1
512677,-1
512680,-1
512691,-1
512693,-1
512695,-1
512696,-1
512704,-1
512706,-1
512780,-1
512786,-1
512787,-1
512791,-1
512801,-1
512826,-1
512831,-1
512835,-1
512846,-1
512848,-1
512880,-1
512887,-1
512888,-1
512900,-1
512904,-1
512922,-1
512928,-1
512943,-1
512945,-1
512974,-1
512976,-1
512984,-1
512999,-1
513004,-1
513005,-1
513006,-1
513026,-1
513030,-1
513031,-1
513058,-1
513089,-1
513090,-1
513091,-1
513093,-1
513096,-1
513103,-1
513126,-1
513138,-1
513164,-1
513206,-1
513216,-1
513220,-1
513221,-1
513227,-1
513233,-1
513236,-1
513237,-1
513241,-1
513242,-1
513259,-1
513261,-1
513289,-1
513296,-1
513317,-1
513322,-1
513338,-1
513339,-1
513345,-1
513347,-1
513366,-1
513381,-1
513387,-1
513397,-1
513402,-1
513408,-1
513422,-1
513425,-1
513438,-1
513441,-1
513470,-1
513495,-1
513497,-1
513509,-1
513543,-1
513546,-1
513555,-1
513568,-1
513569,-1
513582,-1
513602,-1
513611,-1
513613,-1
513620,-1
513625,-1
513627,-1
513628,-1
513638,-1
513659,-1
513661,-1
513683,-1
513714,-1
513721,-1
513742,-1
513761,-1
513776,-1
513787,-1
513791,-1
513796,-1
513800,-1
513807,-1
513823,-1
513826,-1
513844,-1
513853,-1
513856,-1
513860,-1
513869,-1
513875,-1
513917,-1
513926,-1
513933,-1
513953,-1
513956,-1
513964,-1
513967,-1
513995,-1
514002,-1
514003,-1
514021,-1
514023,-1
514053,-1
514071,-1
514076,-1
514113,-1
514132,-1
514133,-1
514164,-1
514167,-1
514206,-1
514208,-1
514210,-1
514215,-1
514235,-1
514261,-1
514275,-1
514289,-1
514300,-1
514315,-1
514318,-1
514324,-1
514337,-1
514342,-1
514344,-1
514370,-1
514384,-1
514395,-1
514457,-1
514460,-1
514461,-1
514501,-1
514503,-1
514515,-1
514526,-1
514551,-1
514586,-1
514589,-1
514617,-1
514623,-1
514627,-1
514638,-1
514639,-1
514642,-1
514660,-1
514675,-1
514682,-1
514684,-1
514689,-1
514737,-1
514785,-1
514810,-1
514830,-1
514867,-1
514876,-1
514892,-1
514893,-1
514899,-1
514925,-1
514926,-1
514931,-1
514944,-1
514951,-1
514953,-1
514980,-1
514981,-1
515004,-1
515013,-1
515020,-1
515030,-1
515051,-1
515058,-1
515060,-1
515085,-1
515103,-1
515124,-1
515131,-1
515139,-1
515161,-1
515168,-1
515182,-1
515198,-1
515200,-1
515202,-1
515205,-1
515229,-1
515240,-1
515243,-1
515258,-1
515271,-1
515274,-1
515306,-1
515330,-1
515344,-1
515398,-1
515409,-1
515421,-1
515423,-1
515436,-1
515478,-1
515490,-1
515502,-1
515514,-1
515516,-1
515523,-1
515529,-1
515530,-1
515565,-1
515578,-1
515580,-1
515586,-1
515610,-1
515634,-1
515639,-1
515645,-1
515666,-1
515675,-1
515684,-1
515688,-1
515694,-1
515713,-1
515727,-1
515735,-1
515739,-1
515751,-1
515764,-1
515778,-1
515802,-1
515818,-1
515831,-1
515835,-1
515854,-1
515874,-1
515891,-1
515901,-1
515908,-1
515941,-1
515947,-1
515953,-1
515974,-1
515985,-1
516001,-1
516004,-1
516006,-1
516039,-1
516053,-1
516057,-1
516061,-1
516076,-1
516086,-1
516089,-1
516092,-1
516105,-1
516117,-1
516118,-1
516127,-1
516132,-1
516144,-1
516150,-1
516152,-1
516176,-1
516177,-1
516178,-1
516211,-1
516216,-1
516217,-1
516243,-1
516246,-1
516251,-1
516269,-1
516273,-1
516282,-1
516283,-1
516287,-1
516290,-1
516296,-1
516301,-1
516340,-1
516351,-1
516368,-1
516375,-1
516418,-1
516420,-1
516433,-1
516456,-1
516507,-1
516516,-1
516528,-1
516543,-1
516556,-1
516561,-1
516571,-1
516578,-1
516579,-1
516583,-1
516590,-1
516593,-1
516594,-1
516614,-1
516616,-1
516620,-1
516639,-1
516647,-1
516679,-1
516680,-1
516682,-1
516694,-1
516697,-1
516704,-1
516732,-1
516739,-1
516744,-1
516763,-1
516765,-1
516789,-1
516798,-1
516806,-1
516808,-1
516827,-1
516833,-1
516841,-1
516862,-1
516933,-1
516939,-1
516965,-1
516967,-1
516972,-1
517033,-1
517061,-1
517064,-1
517076,-1
517105,-1
517119,-1
517131,-1
517142,-1
517143,-1
517150,-1
517158,-1
517205,-1
517212,-1
517219,-1
517231,-1
517284,-1
517324,-1
517330,-1
517356,-1
517370,-1
517392,-1
517393,-1
517397,-1
517403,-1
517415,-1
517438,-1
517445,-1
517467,-1
517486,-1
517491,-1
517543,-1
517545,-1
517548,-1
517549,-1
517571,-1
517579,-1
517581,-1
517596,-1
517622,-1
517633,-1
517653,-1
517674,-1
517675,-1
517676,-1
517700,-1
517715,-1
517732,-1
517735,-1
517739,-1
517743,-1
517772,-1
517776,-1
517787,-1
517803,-1
517819,-1
517825,-1
517839,-1
517847,-1
517871,-1
517894,-1
517898,-1
517925,-1
517931,-1
517961,-1
517967,-1
517968,-1
518012,-1
518015,-1
518041,0
518044,-1
518074,-1
518084,-1
518092,-1
518121,-1
518127,-1
518135,-1
518191,-1
518196,-1
518211,-1
518219,-1
518281,-1
518324,-1
518334,-1
518338,-1
518347,-1
518348,-1
518354,-1
518372,-1
518393,-1
518406,-1
518416,-1
518422,-1
518443,-1
518450,-1
518480,-1
518495,-1
518516,-1
518526,-1
518527,-1
518533,-1
518535,-1
518541,-1
518567,-1
518579,-1
518582,-1
518585,-1
518612,-1
518628,-1
518629,-1
518639,-1
518642,-1
518645,-1
518694,-1
518696,-1
518711,-1
518716,-1
518722,-1
518726,-1
518735,-1
518743,-1
518747,-1
518751,-1
518756,-1
518826,-1
518827,-1
518865,-1
518866,-1
518867,-1
518870,-1
518894,-1
518896,-1
518907,-1
518922,-1
518925,-1
518931,-1
518954,-1
518956,-1
518963,-1
518971,-1
518998,-1
519014,-1
519059,-1
519079,-1
519089,-1
519091,-1
519096,-1
519114,-1
519117,-1
519137,-1
519140,-1
519171,-1
519191,-1
519205,-1
519210,-1
519211,-1
519248,-1
519254,-1
519260,-1
519267,-1
519285,-1
519312,-1
519313,-1
519335,-1
519348,-1
519353,-1
519357,-1
519368,-1
519383,-1
519392,-1
519393,-1
519406,-1
519412,-1
519419,-1
519430,-1
519446,-1
519469,-1
519515,-1
519529,-1
519532,-1
519541,-1
519548,-1
519554,-1
519561,-1
519595,-1
519596,-1
519604,-1
519626,-1
519631,-1
519664,-1
519687,-1
519694,-1
519695,-1
519706,-1
519709,-1
519718,-1
519722,-1
519725,-1
519726,-1
519747,-1
519769,-1
519774,-1
519787,-1
519799,-1
519846,-1
519848,-1
519853,-1
519859,-1
519885,-1
519888,-1
519893,-1
519896,-1
519897,-1
519905,-1
519911,-1
519912,-1
519943,-1
519955,-1
519957,-1
519961,-1
519965,-1
519982,-1
520054,-1
520063,-1
520097,-1
520106,-1
520141,-1
520152,-1
520170,-1
520175,-1
520177,-1
520182,-1
520188,-1
520193,-1
520225,-1
520244,-1
520248,-1
520250,-1
520256,-1
520265,-1
520277,-1
520291,-1
520298,-1
520307,-1
520311,-1
520314,-1
520327,-1
520358,-1
520373,-1
520397,-1
520405,-1
520411,-1
520422,-1
520429,-1
520436,-1
520440,-1
520480,-1
520491,-1
520497,-1
520527,-1
520530,-1
520532,-1
520539,-1
520556,-1
520558,-1
520561,-1
520603,-1
520619,-1
520680,-1
520696,-1
520708,-1
520719,-1
520733,-1
520745,-1
520762,-1
520770,-1
520771,-1
520780,-1
520783,-1
520804,-1
520819,-1
520821,-1
520844,-1
520851,-1
520861,-1
520877,-1
520878,-1
520882,-1
520885,-1
520898,-1
520902,-1
520920,-1
520934,-1
520947,-1
520959,-1
521000,-1
521004,-1
521009,-1
521031,-1
521033,-1
521044,-1
521060,-1
521062,-1
521065,-1
521066,-1
521070,-1
521109,-1
521127,-1
521152,-1
521170,-1
521185,-1
521186,-1
521187,-1
521192,-1
521201,-1
521211,-1
521212,-1
521235,-1
521250,-1
521259,-1
521282,-1
521286,-1
521293,-1
521295,-1
521298,-1
521309,-1
521316,-1
521331,-1
521335,-1
521343,-1
521379,-1
521392,-1
521404,-1
521408,-1
521416,-1
521434,-1
521462,-1
521474,-1
521491,-1
521509,-1
521510,-1
521514,-1
521587,-1
521607,-1
521609,-1
521642,-1
521657,-1
521658,-1
521663,-1
521695,-1
521708,-1
521719,-1
521720,-1
521743,-1
521748,-1
521768,-1
521785,-1
521814,-1
521818,-1
521859,-1
521865,-1
521883,-1
521884,-1
521885,-1
521904,-1
521921,-1
521925,-1
521941,-1
521943,-1
521956,-1
521963,-1
521986,-1
521992,-1
521997,-1
522001,-1
522005,-1
522062,-1
522086,-1
522111,-1
522112,-1
522115,-1
522118,-1
522134,-1
522152,-1
522171,-1
522179,-1
522184,-1
522201,-1
522223,-1
522233,-1
522237,-1
522263,-1
522265,-1
522276,-1
522286,-1
522315,-1
522323,-1
522364,-1
522373,-1
522375,-1
522387,-1
522402,-1
522420,-1
522426,-1
522427,-1
522438,-1
522441,-1
522445,-1
522457,-1
522465,-1
522476,-1
522484,-1
522513,-1
522523,-1
522532,-1
522533,-1
522585,-1
522607,-1
522624,-1
522631,-1
522633,-1
522634,-1
522639,-1
522654,-1
522687,-1
522738,-1
522745,-1
522748,-1
522761,-1
522788,-1
522800,-1
522809,-1
522873,-1
522898,-1
522911,-1
522927,-1
522937,-1
522939,-1
522943,-1
522944,-1
522970,-1
522981,-1
522999,-1
523030,-1
523057,-1
523073,-1
523077,-1
523090,-1
523098,-1
523146,-1
523158,-1
523209,-1
523228,-1
523231,-1
523256,-1
523271,-1
523273,-1
523290,-1
523299,-1
523301,-1
523335,-1
523338,-1
523392,-1
523395,-1
523442,-1
523454,-1
523465,-1
523474,-1
523484,-1
523503,-1
523505,-1
523511,-1
523513,-1
523517,-1
523526,-1
523546,-1
523559,-1
523612,-1
523619,-1
523657,-1
523666,-1
523686,-1
523690,-1
523700,-1
523710,-1
523715,-1
523717,-1
523729,-1
523735,-1
523746,-1
523756,-1
523768,-1
523771,-1
523787,-1
523800,-1
523807,-1
523819,-1
523824,-1
523841,-1
523842,-1
523845,-1
523846,-1
523860,-1
523866,-1
523877,-1
523887,-1
523913,-1
523938,-1
523981,-1
524001,-1
524012,-1
524031,-1
524036,-1
524038,-1
524043,-1
524046,-1
524052,-1
524057,-1
524076,-1
524080,-1
524098,-1
524116,-1
524120,-1
524151,-1
524167,-1
524169,-1
524172,-1
524180,-1
524194,-1
524200,-1
524211,-1
524214,-1
524226,-1
524244,-1
524251,-1
524278,-1
524313,-1
524318,-1
524328,-1
524358,-1
524365,-1
524383,-1
524407,-1
524412,-1
524419,-1
524448,-1
524473,-1
524484,-1
524511,-1
524572,-1
524606,-1
524607,-1
524615,-1
524620,-1
524628,-1
524637,-1
524644,-1
524650,-1
524663,-1
524668,-1
524682,-1
524722,-1
524728,-1
524739,-1
524766,-1
524797,-1
524805,-1
524807,-1
524821,-1
524834,-1
524842,-1
524849,-1
524861,-1
524880,-1
524885,-1
524895,-1
524909,-1
524913,-1
524923,-1
524926,-1
524929,-1
524940,-1
524980,-1
525022,-1
525034,-1
525043,-1
525053,-1
525056,-1
525081,-1
525089,-1
525102,-1
525106,-1
525168,-1
525175,-1
525176,-1
525201,-1
525212,-1
525227,-1
525234,-1
525244,-1
525265,-1
525281,-1
525308,-1
525323,-1
525332,-1
525356,-1
525377,-1
525379,-1
525389,-1
525405,-1
525410,-1
525415,-1
525447,-1
525488,-1
525515,-1
525529,-1
525546,-1
525555,-1
525591,-1
525610,-1
525611,-1
525615,-1
525631,-1
525647,-1
525671,-1
525684,-1
525716,-1
525722,-1
525734,-1
525761,-1
525769,-1
525789,-1
525804,-1
525806,-1
525824,-1
525842,-1
525844,-1
525848,-1
525864,-1
525879,-1
525920,-1
525975,-1
525996,-1
526032,-1
526036,-1
526062,-1
526079,-1
526084,-1
526102,-1
526144,-1
526154,-1
526174,-1
526179,-1
526184,-1
526203,-1
526206,-1
526221,-1
526235,-1
526239,-1
526256,-1
526258,-1
526291,-1
526297,-1
526303,-1
526308,-1
526332,-1
526354,-1
526365,-1
526367,-1
526372,-1
526378,-1
526409,-1
526431,-1
526435,-1
526443,-1
526445,-1
526471,-1
526490,-1
526492,-1
526495,-1
526540,-1
526565,-1
526570,-1
526628,-1
526668,-1
526676,-1
526683,-1
526690,-1
526711,-1
526727,-1
526729,-1
526740,-1
526759,-1
526782,-1
526789,-1
526837,-1
526855,-1
526858,-1
526867,-1
526872,-1
526873,-1
526900,-1
526901,-1
526905,-1
526913,-1
526916,-1
526925,-1
526950,-1
526959,-1
526970,-1
527001,-1
527004,-1
527019,-1
527038,-1
527046,-1
527075,-1
527081,-1
527082,-1
527109,-1
527130,-1
527132,-1
527133,-1
527141,-1
527142,-1
527150,-1
527154,-1
527158,-1
527187,-1
527197,-1
527219,-1
527232,-1
527253,-1
527280,-1
527321,-1
527326,-1
527344,-1
527346,-1
527354,-1
527359,-1
527365,-1
527389,-1
527393,-1
527396,-1
527401,-1
527406,-1
527445,-1
527451,-1
527452,-1
527455,-1
527464,-1
527467,-1
527470,-1
527490,-1
527507,-1
527508,-1
527518,-1
527524,-1
527536,-1
527541,-1
527552,-1
527560,-1
527564,-1
527585,-1
527605,-1
527689,-1
527690,-1
527726,-1
527735,-1
527750,-1
527782,-1
527783,-1
527801,-1
527824,-1
527850,-1
527857,-1
527886,-1
527928,-1
527944,-1
527945,-1
527984,-1
527987,-1
527995,-1
528020,-1
528028,-1
528046,-1
528061,-1
528098,-1
528105,-1
528122,-1
528137,-1
528139,-1
528158,-1
528164,-1
528179,-1
528186,-1
528193,-1
528216,-1
528242,-1
528244,-1
528248,-1
528281,-1
528322,-1
528330,-1
528354,-1
528372,-1
528378,-1
528379,-1
528411,-1
528413,-1
528417,-1
528421,-1
528455,-1
528461,-1
528490,-1
528500,-1
528522,-1
528528,-1
528542,-1
528567,-1
528580,-1
528612,-1
528657,-1
528661,-1
528683,-1
528688,-1
528690,-1
528706,-1
528723,-1
528735,-1
528743,-1
528744,-1
528777,-1
528816,-1
528826,-1
528827,-1
528828,-1
528829,-1
528839,-1
528842,-1
528844,-1
528906,-1
528909,-1
528929,-1
528930,-1
528936,-1
528942,-1
528953,-1
528965,-1
528967,-1
528995,-1
528999,-1
529019,-1
529023,-1
529048,-1
529050,-1
529082,-1
529205,-1
529214,-1
529216,-1
529224,-1
529229,-1
529231,-1
529237,-1
529249,-1
529284,-1
529309,-1
529332,-1
529338,-1
529362,-1
529406,-1
529420,-1
529421,-1
529422,-1
529424,-1
529428,-1
529436,-1
529488,-1
529501,-1
529502,-1
529510,-1
529513,-1
529520,-1
529566,-1
529602,-1
529677,-1
529678,-1
529689,-1
529695,-1
529704,-1
529734,-1
529737,-1
529768,-1
529781,-1
529783,-1
529787,-1
529801,-1
529831,-1
529840,-1
529845,-1
529857,-1
529879,-1
529887,-1
529913,-1
529940,-1
529972,-1
530004,-1
530039,-1
530090,-1
530118,-1
530188,-1
530196,-1
530199,-1
530213,-1
530223,-1
530240,-1
530277,-1
530278,-1
530282,-1
530298,-1
530315,-1
530322,-1
530329,-1
530365,-1
530371,-1
530374,-1
530379,-1
530383,-1
530385,-1
530421,-1
530427,-1
530453,-1
530463,-1
530468,-1
530514,-1
530543,-1
530563,-1
530579,-1
530581,-1
530585,-1
530592,-1
530599,-1
530607,-1
530625,-1
530627,-1
530633,-1
530645,-1
530649,-1
530656,-1
530665,-1
530666,-1
530667,-1
530672,-1
530673,-1
530687,-1
530719,-1
530720,-1
530724,-1
530739,-1
530743,-1
530754,-1
530773,-1
530775,-1
530797,-1
530801,-1
530810,-1
530811,-1
530833,-1
530869,-1
530873,-1
530881,-1
530906,-1
530949,-1
530950,-1
530978,-1
531006,-1
531009,-1
531016,-1
531020,-1
531027,-1
531031,-1
531054,-1
531073,-1
531094,-1
531109,-1
531143,-1
531144,-1
531158,-1
531198,-1
531204,-1
531217,-1
531253,-1
531255,-1
531322,-1
531339,-1
531344,-1
531361,-1
531373,-1
531386,-1
531427,-1
531431,-1
531447,-1
531456,-1
531467,-1
531471,-1
531475,-1
531499,-1
531500,-1
531511,-1
531512,-1
531557,-1
531562,-1
531568,-1
531615,-1
531620,-1
531625,-1
531650,-1
531654,-1
531663,-1
531670,-1
531682,-1
531735,-1
531739,-1
531744,-1
531745,-1
531771,-1
531777,-1
531789,-1
531795,-1
531803,-1
531807,-1
531824,-1
531834,-1
531844,-1
531847,-1
531857,-1
531868,-1
531884,-1
531921,-1
531926,-1
531931,-1
531959,-1
531967,-1
531971,-1
531987,-1
531989,-1
531994,-1
532063,-1
532064,-1
532073,-1
532101,-1
532106,-1
532119,-1
532159,-1
532215,-1
532225,-1
532233,-1
532258,-1
532259,-1
532279,-1
532312,-1
532329,-1
532347,-1
532361,-1
532365,-1
532381,-1
532387,-1
532388,-1
532390,-1
532410,-1
532426,-1
532432,-1
532433,-1
532500,-1
532519,-1
532535,-1
532544,-1
532568,-1
532607,-1
532622,-1
532623,-1
532627,-1
532637,-1
532650,-1
532651,-1
532653,-1
532656,-1
532705,-1
532710,-1
532711,-1
532721,-1
532725,-1
532730,-1
532742,-1
532748,-1
532750,-1
532774,-1
532810,-1
532823,-1
532835,-1
532843,-1
532863,-1
532866,-1
532901,-1
532905,-1
532912,-1
532941,-1
532989,-1
533048,-1
533093,-1
533117,-1
533123,-1
533129,-1
533155,-1
533187,-1
533199,-1
533204,-1
533211,-1
533222,-1
533248,-1
533251,-1
533283,-1
533291,-1
533302,-1
533327,-1
533357,-1
533378,-1
533388,-1
533393,-1
533396,-1
533402,-1
533404,-1
533411,-1
533449,-1
533464,-1
533490,-1
533492,-1
533497,-1
533518,-1
533527,-1
533537,-1
533542,-1
533550,-1
533573,-1
533575,-1
533598,-1
533613,-1
533617,-1
533656,-1
533716,-1
533742,-1
533755,-1
533759,-1
533773,-1
533782,-1
533809,-1
533827,-1
533846,-1
533859,-1
533895,-1
533908,-1
533932,-1
533975,-1
533985,-1
533990,-1
534040,-1
534045,-1
534066,-1
534082,-1
534088,-1
534105,-1
534179,-1
534190,-1
534246,-1
534254,-1
534295,-1
534333,-1
534351,-1
534360,-1
534378,-1
534380,-1
534391,-1
534445,-1
534474,-1
534499,-1
534564,-1
534586,-1
534594,-1
534604,-1
534607,-1
534608,-1
534661,-1
534688,-1
534697,-1
534703,-1
534742,-1
534747,-1
534782,-1
534793,-1
534798,-1
534825,-1
534840,-1
534842,-1
534858,-1
534895,-1
534903,-1
534939,-1
534948,-1
534957,-1
534971,-1
534986,-1
535003,-1
535007,-1
535024,-1
535035,-1
535047,-1
535051,-1
535060,-1
535063,-1
535081,-1
535099,-1
535135,-1
535136,-1
535149,-1
535155,-1
535177,-1
535189,-1
535229,-1
535266,-1
535311,-1
535341,-1
535365,-1
535398,-1
535441,-1
535447,-1
535459,-1
535473,-1
535495,-1
535497,-1
535502,-1
535553,-1
535595,-1
535600,-1
535610,-1
535625,-1
535637,-1
535644,-1
535682,-1
535686,-1
535701,-1
535702,-1
535706,-1
535734,-1
535737,-1
535746,-1
535747,-1
535791,-1
535795,-1
535878,-1
535879,-1
535885,-1
535896,-1
535905,-1
535906,-1
535912,-1
535942,-1
535983,-1
535994,-1
536000,-1
536016,-1
536034,-1
536035,-1
536039,-1
536050,-1
536058,-1
536066,-1
536086,-1
536099,-1
536135,-1
536170,-1
536212,-1
536228,-1
536229,-1
536241,-1
536275,-1
536278,-1
536313,-1
536343,-1
536387,-1
536431,-1
536467,-1
536469,-1
536474,-1
536488,-1
536489,-1
536490,-1
536532,-1
536566,-1
536574,-1
536594,-1
536604,-1
536622,-1
536641,-1
536651,-1
536652,-1
536656,-1
536658,-1
536659,-1
536672,-1
536675,-1
536691,-1
536695,-1
536763,-1
536764,-1
536782,-1
536791,-1
536810,-1
536843,-1
536876,-1
536893,-1
536951,-1
536964,-1
536995,-1
537038,-1
537066,-1
537098,-1
537121,-1
537123,-1
537177,-1
537181,-1
537212,-1
537227,-1
537289,-1
537317,-1
537373,-1
537393,-1
537400,-1
537412,-1
537413,-1
537414,-1
537470,-1
537481,-1
537507,-1
537560,-1
537580,-1
537586,-1
537595,-1
537659,-1
537671,-1
537676,-1
537688,-1
537723,-1
537725,-1
537748,-1
537770,-1
537776,-1
537795,-1
537804,-1
537818,-1
537819,-1
537834,-1
537860,-1
537861,-1
537904,-1
537922,-1
537926,-1
537975,-1
538069,-1
538074,-1
538084,-1
538108,-1
538112,-1
538131,-1
538134,-1
538139,-1
538147,-1
538167,-1
538188,-1
538197,-1
538214,-1
538216,-1
538260,-1
538270,-1
538274,-1
538279,-1
538306,-1
538319,-1
538321,-1
538331,-1
538349,-1
538350,-1
538388,-1
538413,-1
538426,-1
538432,-1
538438,-1
538441,-1
538454,-1
538457,-1
538458,-1
538463,-1
538489,-1
538511,-1
538522,-1
538529,-1
538538,-1
538608,-1
538638,-1
538641,-1
538666,-1
538677,-1
538680,-1
538681,-1
538691,-1
538696,-1
538703,-1
538714,-1
538780,-1
538788,-1
538814,-1
538883,-1
538915,-1
538919,-1
538944,-1
538976,-1
539008,-1
539010,-1
539012,-1
539093,-1
539105,-1
539135,-1
539140,-1
539146,-1
539209,-1
539221,-1
539243,-1
539267,-1
539283,-1
539300,-1
539304,-1
539307,-1
539315,-1
539317,-1
539320,-1
539337,-1
539338,-1
539384,-1
539414,-1
539426,-1
539453,-1
539460,-1
539493,-1
539510,-1
539519,-1
539528,-1
539542,-1
539558,-1
539566,-1
539611,-1
539625,-1
539627,-1
539637,-1
539648,-1
539656,-1
539669,-1
539671,-1
539710,-1
539729,-1
539782,-1
539794,-1
539855,-1
539864,-1
539866,-1
539868,-1
539883,-1
539888,-1
539899,-1
539912,-1
539916,-1
539917,-1
539919,-1
539936,-1
539953,-1
539962,-1
540014,-1
540029,-1
540043,-1
540094,-1
540138,-1
540147,-1
540150,-1
540180,-1
540199,-1
540226,-1
540244,-1
540252,-1
540253,-1
540260,-1
540302,-1
540306,-1
540308,-1
540319,-1
540347,-1
540348,-1
540413,-1
540415,-1
540444,-1
540455,-1
540475,-1
540502,-1
540527,-1
540557,-1
540572,-1
540580,-1
540597,-1
540605,-1
540614,-1
540622,-1
540642,-1
540652,-1
540653,-1
540654,-1
540656,-1
540664,-1
540666,-1
540698,-1
540708,-1
540718,-1
540733,-1
540777,-1
540819,-1
540837,-1
540857,-1
540863,-1
540924,-1
540941,-1
540966,-1
540973,-1
540974,-1
541001,-1
541034,-1
541040,-1
541041,-1
541047,-1
541061,-1
541083,-1
541084,-1
541112,-1
541132,-1
541150,-1
541162,-1
541168,-1
541176,-1
541193,-1
541216,-1
541224,-1
541235,-1
541236,-1
541240,-1
541249,-1
541259,-1
541262,-1
541282,-1
541289,-1
541326,-1
541352,-1
541357,-1
541382,-1
541389,-1
541438,-1
541454,-1
541497,-1
541505,-1
541516,-1
541539,-1
541540,-1
541612,-1
541649,-1
541672,-1
541699,-1
541700,-1
541734,-1
541735,-1
541752,-1
541764,-1
541812,-1
541878,-1
541901,-1
541906,-1
541921,-1
541923,-1
541931,-1
541939,-1
541967,-1
541972,-1
541980,-1
541988,-1
541998,-1
541999,-1
542012,-1
542015,-1
542027,-1
542036,-1
542056,-1
542059,-1
542065,-1
542080,-1
542095,-1
542142,-1
542153,-1
542189,-1
542194,-1
542196,-1
542208,-1
542230,-1
542254,-1
542267,-1
542270,-1
542277,-1
542282,-1
542303,-1
542316,-1
542326,-1
542334,-1
542358,-1
542366,-1
542383,-1
542418,-1
542451,-1
542471,-1
542482,-1
542570,-1
542585,-1
542605,-1
542638,-1
542657,-1
542658,-1
542663,-1
542670,-1
542706,-1
542752,-1
542760,-1
542767,-1
542795,-1
542796,-1
542805,-1
542812,-1
542815,-1
542825,-1
542843,-1
542850,-1
542857,-1
542874,-1
542914,-1
542918,-1
542937,-1
542965,-1
542976,-1
543008,-1
543038,-1
543052,-1
543074,-1
543075,-1
543081,-1
543114,-1
543126,-1
543165,-1
543222,-1
543237,-1
543240,-1
543271,-1
543273,-1
543304,-1
543306,-1
543327,-1
543339,-1
543352,-1
543375,-1
543385,-1
543428,-1
543437,-1
543476,-1
543497,-1
543557,-1
543559,-1
543618,-1
543620,-1
543659,-1
543660,-1
543666,-1
543668,-1
543671,-1
543694,-1
543696,-1
543713,-1
543716,-1
543723,-1
543728,-1
543778,-1
543810,-1
543816,-1
543817,-1
543826,-1
543885,-1
543900,-1
543927,-1
543928,-1
543937,-1
543952,-1
543968,-1
543976,-1
544002,-1
544008,-1
544012,-1
544015,-1
544043,-1
544163,-1
544207,-1
544254,-1
544256,-1
544271,-1
544333,-1
544364,-1
544367,-1
544391,-1
544406,-1
544414,-1
544425,-1
544444,-1
544447,-1
544449,-1
544469,-1
544472,-1
544476,-1
544480,-1
544495,-1
544497,-1
544507,-1
544513,-1
544536,-1
544549,-1
544595,-1
544604,-1
544627,-1
544640,-1
544647,-1
544680,-1
544683,-1
544685,-1
544694,-1
544698,-1
544747,-1
544749,-1
544818,-1
544839,-1
544868,-1
544926,-1
545010,-1
545011,-1
545012,-1
545063,-1
545070,-1
545089,-1
545109,-1
545115,-1
545132,-1
545208,-1
545209,-1
545226,-1
545247,-1
545249,-1
545264,-1
545272,-1
545281,-1
545290,-1
545300,-1
545317,-1
545318,-1
545327,-1
545344,-1
545345,-1
545360,-1
545375,-1
545399,-1
545404,-1
545446,-1
545465,-1
545510,-1
545518,-1
545551,-1
545577,-1
545629,-1
545633,-1
545634,-1
545652,-1
545684,-1
545736,-1
545745,-1
545748,-1
545754,-1
545755,-1
545758,-1
545763,-1
545770,-1
545771,-1
545803,-1
545805,-1
545810,-1
545848,-1
545865,-1
545879,-1
545936,-1
545939,-1
545958,-1
545981,-1
546008,-1
546050,-1
546061,-1
546064,-1
546065,-1
546072,-1
546121,-1
546127,-1
546130,-1
546131,-1
546161,-1
546164,-1
546190,-1
546224,-1
546256,-1
546280,-1
546282,-1
546307,-1
546334,-1
546395,-1
546399,-1
546419,-1
546437,-1
546462,-1
546470,-1
546485,-1
546509,-1
546529,-1
546587,-1
546612,-1
546648,-1
546664,-1
546671,-1
546679,-1
546688,-1
546702,-1
546728,-1
546740,-1
546756,-1
546774,-1
546842,-1
546844,-1
546847,-1
546857,-1
546864,-1
546867,-1
546881,-1
546882,-1
546884,0
546888,-1
546900,-1
546937,-1
546964,-1
546972,-1
547006,-1
547007,-1
547037,-1
547070,-1
547100,-1
547130,-1
547150,-1
547164,-1
547175,-1
547180,-1
547181,-1
547201,-1
547266,-1
547301,-1
547320,-1
547325,-1
547336,-1
547342,-1
547412,-1
547453,-1
547458,-1
547459,-1
547483,-1
547512,-1
547555,-1
547559,-1
547568,-1
547594,-1
547606,-1
547613,-1
547617,-1
547663,-1
547664,-1
547693,-1
547761,-1
547776,-1
547779,-1
547792,-1
547817,-1
547823,-1
547825,-1
547834,-1
547836,-1
547857,-1
547862,-1
547878,-1
547911,-1
547938,-1
547951,-1
547966,-1
547997,-1
548006,-1
548022,-1
548032,-1
548037,-1
548040,-1
548093,-1
548109,-1
548113,-1
548120,-1
548123,-1
548185,-1
548189,-1
548190,-1
548193,-1
548222,-1
548228,-1
548230,-1
548256,-1
548258,-1
548272,-1
548307,-1
548310,-1
548391,-1
548408,-1
548422,-1
548434,-1
548448,-1
548474,-1
548488,-1
548490,-1
548504,-1
548560,-1
548568,-1
548587,-1
548635,-1
548651,-1
548653,-1
548672,-1
548708,-1
548743,-1
548853,-1
548859,-1
548872,-1
548961,-1
548967,-1
548978,-1
548988,-1
548990,-1
549058,-1
549115,-1
549116,-1
549121,-1
549141,-1
549152,-1
549154,-1
549190,-1
549202,-1
549235,-1
549251,-1
549274,-1
549281,-1
549290,-1
549292,-1
549293,-1
549303,-1
549313,-1
549320,-1
549357,-1
549359,-1
549361,-1
549366,-1
549367,-1
549377,-1
549389,-1
549390,-1
549450,-1
549466,-1
549472,-1
549482,-1
549515,-1
549569,-1
549572,-1
549579,-1
549580,-1
549584,-1
549608,-1
549611,-1
549623,-1
549631,-1
549710,-1
549714,-1
549733,-1
549746,-1
549759,-1
549764,-1
549777,-1
549797,-1
549800,-1
549850,-1
549894,-1
549938,-1
549988,-1
549992,-1
550017,-1
550019,-1
550022,-1
550028,-1
550068,-1
550071,-1
550077,-1
550105,-1
550110,-1
550134,-1
550193,-1
550200,-1
550202,-1
550221,-1
550222,-1
550229,-1
550233,-1
550298,-1
550300,-1
550317,-1
550400,-1
550421,-1
550426,-1
550442,-1
550455,-1
550459,-1
550460,-1
550482,-1
550506,-1
550514,-1
550572,-1
550579,-1
550599,-1
550627,-1
550703,-1
550711,-1
550752,-1
550754,-1
550796,-1
550804,-1
550805,-1
550830,-1
550868,-1
550871,-1
550887,-1
550904,-1
550973,-1
550985,-1
551023,-1
551032,-1
551042,-1
551051,-1
551088,-1
551116,-1
551166,-1
551210,-1
551211,-1
551217,-1
551237,-1
551241,-1
551245,-1
551278,-1
551282,-1
551331,-1
551340,-1
551359,-1
551430,-1
551431,-1
551448,-1
551468,-1
551473,-1
551486,-1
551488,-1
551501,-1
551549,-1
551560,-1
551567,-1
551576,-1
551600,-1
551615,-1
551620,-1
551622,-1
551627,-1
551662,-1
551665,-1
551671,-1
551681,-1
551685,-1
551718,-1
551729,-1
551804,-1
551834,-1
551847,-1
551890,-1
551908,-1
551914,-1
551935,-1
551963,-1
551967,-1
551978,-1
551990,-1
552036,-1
552088,-1
552165,-1
552172,-1
552192,-1
552209,-1
552302,-1
552303,-1
552313,-1
552314,-1
552345,-1
552348,-1
552363,-1
552364,-1
552366,-1
552372,-1
552384,-1
552414,-1
552432,-1
552440,-1
552473,-1
552487,-1
552506,-1
552532,-1
552535,-1
552558,-1
552573,-1
552597,-1
552598,-1
552613,-1
552623,-1
552642,-1
552643,-1
552649,-1
552653,-1
552661,-1
552726,-1
552732,-1
552734,-1
552760,-1
552763,-1
552775,-1
552809,-1
552861,-1
552904,-1
552929,-1
552944,-1
552945,-1
553017,-1
553054,-1
553139,-1
553151,-1
553208,-1
553219,-1
553220,-1
553231,-1
553245,-1
553339,-1
553361,-1
553456,-1
553533,-1
553559,-1
553568,-1
553607,-1
553631,-1
553633,-1
553645,-1
553664,-1
553690,-1
553704,-1
553743,-1
553751,-1
553754,-1
553773,-1
553783,-1
553791,-1
553805,-1
553876,-1
553901,-1
553904,-1
553938,-1
553943,-1
553955,-1
553967,-1
553984,-1
553985,-1
554026,-1
554079,-1
554141,-1
554155,-1
554163,-1
554175,-1
554202,-1
554213,-1
554217,-1
554269,-1
554284,-1
554289,-1
554299,-1
554357,-1
554413,-1
554444,-1
554450,-1
554507,-1
554532,-1
554560,-1
554609,-1
554632,-1
554670,-1
554681,-1
554724,-1
554753,-1
554801,-1
554853,-1
554866,-1
554885,-1
554922,-1
554939,-1
554949,-1
554956,-1
554961,-1
555030,-1
555058,-1
555075,-1
555083,-1
555108,-1
555135,-1
555147,-1
555151,-1
555180,-1
555186,-1
555187,-1
555191,-1
555193,-1
555203,-1
555206,-1
555250,-1
555257,-1
555275,-1
555277,-1
555299,-1
555301,-1
555310,-1
555326,-1
555334,-1
555418,-1
555428,-1
555478,-1
555484,-1
555492,-1
555499,-1
555521,-1
555563,-1
555587,-1
555600,-1
555648,-1
555656,-1
555698,-1
555710,-1
555712,-1
555751,-1
555770,-1
555773,-1
555782,-1
555784,-1
555796,-1
555818,-1
555850,-1
555852,-1
555894,-1
555934,-1
555960,-1
555990,-1
555997,-1
556015,-1
556019,-1
556043,-1
556052,-1
556067,-1
556111,-1
556119,-1
556127,-1
556138,-1
556199,-1
556214,-1
556215,-1
556268,-1
556274,-1
556314,-1
556347,-1
556391,-1
556395,-1
556417,-1
556533,-1
556579,-1
556621,-1
556622,-1
556623,-1
556647,-1
556673,-1
556714,-1
556744,-1
556824,-1
556827,-1
556830,-1
556841,-1
556887,-1
556900,-1
556904,-1
556906,-1
557005,-1
557010,-1
557033,-1
557036,-1
557055,-1
557107,-1
557108,-1
557118,-1
557134,-1
557236,-1
557248,-1
557262,-1
557282,-1
557298,-1
557307,-1
557314,-1
557343,-1
557402,-1
557449,-1
557476,-1
557492,-1
557496,-1
557508,-1
557525,-1
557562,-1
557569,-1
557643,-1
557672,-1
557692,-1
557726,-1
557762,-1
557794,-1
557799,-1
557815,-1
557834,-1
557851,-1
557875,-1
557876,-1
557879,-1
557887,-1
557921,-1
557932,-1
557956,-1
557957,-1
557963,-1
557986,-1
557992,-1
558018,-1
558019,-1
558081,-1
558114,-1
558138,-1
558147,-1
558202,-1
558204,-1
558251,-1
558270,-1
558277,-1
558294,-1
558300,-1
558362,-1
558388,-1
558394,-1
558395,-1
558437,-1
558466,-1
558489,-1
558506,-1
558513,-1
558651,-1
558659,-1
558682,-1
558774,-1
558786,-1
558838,-1
558851,-1
558852,-1
558919,-1
558920,-1
558966,-1
558987,-1
558988,-1
559068,-1
559071,-1
559093,-1
559094,-1
559107,-1
559112,-1
559146,-1
559148,-1
559164,-1
559176,-1
559194,-1
559211,-1
559226,-1
559228,-1
559266,-1
559277,-1
559324,-1
559345,-1
559368,-1
559407,-1
559432,-1
559441,-1
559461,-1
559464,-1
559465,-1
559468,-1
559469,-1
559473,-1
559520,-1
559537,-1
559547,-1
559661,-1
559695,-1
559712,-1
559758,-1
559772,-1
559775,-1
559782,-1
559787,-1
559794,-1
559832,-1
559834,-1
559846,-1
559863,-1
559901,-1
559918,-1
559936,-1
559981,-1
559995,-1
560015,-1
560035,-1
560065,-1
560078,-1
560085,-1
560090,-1
560125,-1
560175,-1
560195,-1
560213,-1
560245,-1
560257,-1
560273,-1
560279,-1
560291,-1
560341,-1
560362,-1
560367,-1
560374,-1
560433,-1
560468,-1
560478,-1
560495,-1
560497,-1
560508,-1
560511,-1
560519,-1
560529,-1
560627,-1
560672,-1
560680,-1
560723,-1
560733,-1
560739,-1
560747,-1
560796,-1
560803,-1
560854,-1
560870,-1
560888,-1
560897,-1
560915,-1
560929,-1
560948,-1
560949,-1
560978,-1
560991,-1
561013,-1
561031,-1
561033,-1
561037,-1
561044,-1
561054,-1
561156,-1
561201,-1
561243,-1
561288,-1
561326,-1
561331,-1
561333,-1
561339,-1
561353,-1
561367,-1
561386,-1
561503,-1
561519,-1
561642,-1
561652,-1
561653,-1
561665,-1
561687,-1
561699,-1
561707,-1
561710,-1
561798,-1
561837,-1
561846,-1
561864,-1
561896,-1
561908,-1
561945,-1
561950,-1
561992,-1
561994,-1
562010,-1
562032,-1
562042,-1
562108,-1
562148,-1
562161,-1
562192,-1
562209,-1
562238,-1
562275,-1
562283,-1
562315,-1
562334,-1
562338,-1
562362,-1
562398,-1
562416,-1
562417,-1
562428,-1
562490,-1
562516,-1
562529,-1
562576,-1
562585,-1
562587,-1
562612,-1
562641,-1
562648,-1
562708,-1
562814,-1
562832,-1
562843,-1
562869,-1
562886,-1
562888,-1
562894,-1
563012,-1
563021,-1
563052,-1
563059,-1
563100,-1
563148,-1
563162,-1
563165,-1
563201,-1
563221,-1
563253,-1
563254,-1
563266,-1
563315,-1
563335,-1
563340,-1
563342,-1
563343,-1
563375,-1
563410,-1
563425,-1
563482,-1
563483,-1
563489,-1
563507,-1
563544,-1
563588,-1
563592,-1
563598,-1
563679,-1
563691,-1
563711,-1
563731,-1
563735,-1
563736,-1
563740,-1
563773,-1
563787,-1
563831,-1
563853,-1
563882,-1
563896,-1
563956,-1
563974,-1
563995,-1
564052,-1
564100,-1
564101,-1
564112,-1
564182,-1
564204,-1
564219,-1
564234,-1
564252,-1
564258,-1
564306,-1
564312,-1
564364,-1
564369,-1
564377,-1
564430,-1
564434,-1
564495,-1
564498,-1
564517,-1
564534,-1
564588,-1
564593,-1
564596,-1
564604,-1
564606,-1
564616,-1
564620,-1
564699,-1
564713,-1
564736,-1
564737,-1
564792,-1
564822,-1
564842,-1
564854,-1
564962,-1
565056,-1
565070,-1
565076,-1
565109,-1
565114,-1
565131,-1
565212,-1
565240,-1
565251,-1
565265,-1
565275,-1
565280,-1
565294,-1
565301,-1
565348,-1
565365,-1
565377,-1
565387,-1
565419,-1
565459,-1
565460,-1
565464,-1
565467,-1
565487,-1
565508,-1
565510,-1
565511,-1
565514,-1
565565,-1
565573,-1
565582,-1
565601,-1
565718,-1
565755,-1
565764,-1
565768,-1
565791,-1
565826,-1
565827,-1
565841,-1
565902,-1
565910,-1
565912,-1
565915,-1
565935,-1
565949,-1
566002,-1
566008,-1
566032,-1
566044,-1
566059,-1
566061,-1
566096,-1
566097,-1
566152,-1
566173,-1
566174,-1
566196,-1
566275,-1
566279,-1
566312,-1
566336,-1
566338,-1
566366,-1
566424,-1
566432,-1
566455,-1
566456,-1
566489,-1
566533,-1
566547,-1
566592,-1
566614,-1
566625,-1
566626,-1
566650,-1
566682,-1
566702,-1
566726,-1
566735,-1
566749,-1
566762,-1
566770,-1
566787,-1
566815,-1
566861,-1
566875,-1
566881,-1
566953,-1
566964,-1
566992,-1
566996,-1
566998,-1
566999,-1
567052,-1
567061,-1
567114,-1
567172,-1
567195,-1
567211,-1
567219,-1
567243,-1
567245,-1
567256,-1
567342,-1
567390,-1
567431,-1
567432,-1
567448,-1
567458,-1
567478,-1
567518,-1
567547,-1
567548,-1
567558,-1
567563,-1
567589,-1
567643,-1
567651,-1
567682,-1
567778,-1
567824,-1
567849,-1
567885,-1
567906,-1
567943,-1
567950,-1
567961,-1
568004,-1
568013,-1
568060,-1
568064,-1
568078,-1
568086,-1
568093,-1
568101,-1
568105,-1
568121,-1
568155,-1
568167,-1
568182,-1
568258,-1
568325,-1
568371,-1
568385,-1
568416,-1
568463,-1
568486,-1
568513,-1
568536,-1
568602,-1
568605,-1
568641,-1
568696,-1
568713,-1
568716,-1
568773,-1
568790,-1
568917,-1
568931,-1
568970,-1
568984,-1
569031,-1
569082,-1
569107,-1
569150,-1
569170,-1
569180,-1
569203,-1
569236,-1
569239,-1
569243,-1
569300,-1
569335,-1
569342,-1
569364,-1
569458,-1
569466,-1
569472,-1
569530,-1
569534,-1
569572,-1
569643,-1
569733,-1
569754,-1
569779,-1
569788,-1
569792,-1
569817,-1
569829,-1
569832,-1
569863,-1
569883,-1
569920,-1
569923,-1
570021,-1
570076,-1
570144,-1
570162,-1
570215,-1
570219,-1
570224,-1
570226,-1
570242,-1
570279,-1
570291,-1
570329,-1
570330,-1
570346,-1
570369,-1
570418,-1
570436,-1
570439,-1
570600,-1
570601,-1
570625,-1
570626,-1
570631,-1
570639,-1
570654,-1
570666,-1
570683,-1
570692,-1
570693,-1
570697,-1
570713,-1
570746,-1
570750,-1
570782,-1
570821,-1
570829,-1
570837,-1
570862,-1
570928,-1
570930,-1
570945,-1
570961,-1
570988,-1
571001,-1
571015,-1
571084,-1
571200,-1
571208,-1
571233,-1
571243,-1
571251,-1
571300,-1
571348,-1
571363,-1
571429,-1
571454,-1
571523,-1
571525,-1
571553,-1
571560,-1
571561,-1
571566,-1
571580,-1
571610,-1
571637,-1
571639,-1
571643,-1
571757,-1
571819,-1
571864,-1
571876,-1
571888,-1
571913,-1
571940,-1
572106,-1
572133,-1
572154,-1
572176,-1
572214,-1
572290,-1
572396,-1
572397,-1
572428,-1
572479,-1
572489,-1
572502,-1
572529,-1
572538,-1
572554,-1
572578,-1
572591,-1
572609,-1
572632,-1
572669,-1
572728,-1
572744,-1
572826,-1
572870,-1
572898,-1
572908,-1
572932,-1
572992,-1
573010,-1
573011,-1
573040,-1
573086,-1
573122,-1
573147,-1
573153,-1
573189,-1
573191,-1
573237,-1
573244,-1
573249,-1
573291,-1
573365,-1
573373,-1
573378,-1
573379,-1
573420,-1
573423,-1
573427,-1
573493,-1
573518,-1
573564,-1
573584,-1
573588,-1
573621,-1
573648,-1
573670,-1
573698,-1
573704,-1
573719,-1
573720,-1
573792,-1
573807,-1
573841,-1
573922,-1
573926,-1
573931,-1
573939,-1
573946,-1
573988,-1
574003,-1
574071,-1
574104,-1
574116,-1
574134,-1
574150,-1
574206,-1
574279,-1
574362,-1
574409,-1
574419,-1
574440,-1
574465,-1
574467,-1
574489,-1
574493,-1
574513,-1
574603,-1
574625,-1
574680,-1
574794,-1
574840,-1
574885,-1
574909,-1
574987,-1
575051,-1
575055,-1
575092,-1
575131,-1
575208,-1
575233,-1
575253,-1
575299,-1
575419,-1
575433,-1
575459,-1
575500,-1
575528,-1
575554,-1
575561,-1
575576,-1
575677,-1
575692,-1
575711,-1
575733,-1
575756,-1
575774,-1
575809,-1
575823,-1
575868,-1
575908,-1
575923,-1
575964,-1
575971,-1
576040,-1
576103,-1
576136,-1
576159,-1
576169,-1
576231,-1
576272,-1
576357,-1
576366,-1
576369,-1
576370,-1
576373,-1
576541,-1
576612,-1
576663,-1
576668,-1
576677,-1
576691,-1
576712,-1
576765,-1
576785,-1
576833,-1
576846,-1
576849,-1
576879,-1
576922,-1
576945,-1
576962,-1
576966,-1
576985,-1
577007,-1
577044,-1
577046,-1
577074,-1
577089,-1
577115,-1
577145,-1
577180,-1
577208,-1
577215,-1
577216,-1
577225,-1
577255,-1
577287,-1
577356,-1
577381,-1
577386,-1
577410,-1
577534,-1
577539,-1
577541,-1
577598,-1
577617,-1
577625,-1
577626,-1
577638,-1
577643,-1
577667,-1
577682,-1
577851,-1
577901,-1
577915,-1
577921,-1
577930,-1
577944,-1
577984,-1
578058,-1
578088,-1
578120,-1
578164,-1
578396,-1
578459,-1
578488,-1
578503,-1
578511,-1
578549,-1
578607,-1
578824,-1
578866,-1
578872,-1
578886,-1
578892,-1
578929,-1
578938,-1
578947,-1
578993,-1
579021,-1
579040,-1
579065,-1
579230,-1
579275,-1
579307,-1
579323,-1
579404,-1
579503,-1
579547,-1
579589,-1
579707,-1
579714,-1
579783,-1
579792,-1
579804,-1
579829,-1
579846,-1
579950,-1
579971,-1
579999,-1
580026,-1
580077,-1
580211,-1
580212,-1
580402,-1
580460,-1
580515,-1
580578,-1
580611,-1
580622,-1
580626,-1
580658,-1
580895,-1
580902,-1
580944,-1
580971,-1
581005,-1
581085,-1
581086,-1
581091,-1
581110,-1
581111,-1
581120,-1
581239,-1
581269,-1
581307,-1
581343,-1
581365,-1
581385,-1
581388,-1
581409,-1
581412,-1
581438,-1
581461,-1
581491,-1
581527,-1
581577,-1
581595,-1
581666,-1
581679,-1
581685,-1
581721,-1
581729,-1
581770,-1
581835,-1
581858,-1
581901,-1
582002,-1
582011,-1
582038,-1
582190,-1
582227,-1
582241,-1
582254,-1
582319,-1
582320,-1
582326,-1
582333,-1
582343,-1
582446,-1
582482,-1
582484,-1
582577,-1
582586,-1
582636,-1
582664,-1
582723,-1
582729,-1
582768,-1
582785,-1
582796,-1
582801,-1
582828,-1
582833,-1
582903,-1
582979,-1
582995,-1
583016,-1
583023,-1
583038,-1
583052,-1
583070,-1
583087,-1
583120,-1
583134,-1
583166,-1
583190,-1
583200,-1
583297,-1
583335,-1
583336,-1
583342,-1
583446,-1
583454,-1
583483,-1
583486,-1
583490,-1
583499,-1
583526,-1
583612,-1
583623,-1
583664,-1
583759,-1
583764,-1
583931,-1
583955,-1
583976,-1
584001,-1
584012,-1
584030,-1
584034,-1
584115,-1
584134,-1
584185,-1
584217,-1
584241,-1
584247,-1
584288,-1
584423,-1
584459,-1
584525,-1
584530,-1
584531,-1
584537,-1
584549,-1
584591,-1
584666,-1
584787,-1
584843,-1
584844,-1
584875,-1
584912,-1
584977,-1
584998,-1
585138,-1
585169,-1
585187,-1
585231,-1
585248,-1
585250,-1
585310,-1
585361,-1
585492,-1
585522,-1
585583,-1
585585,-1
585595,-1
585650,-1
585717,-1
585722,-1
585745,-1
585768,-1
585832,-1
585882,-1
585915,-1
585946,-1
585965,-1
585986,-1
586006,-1
586038,-1
586063,-1
586077,-1
586096,-1
586122,-1
586124,-1
586192,-1
586251,-1
586257,-1
586270,-1
586272,-1
586312,-1
586344,0
586357,-1
586384,-1
586458,-1
586471,-1
586631,-1
586637,-1
586644,-1
586656,-1
586672,-1
586701,-1
586721,-1
586732,-1
586762,-1
586774,-1
586803,-1
586811,-1
586820,-1
586829,-1
586850,-1
586876,-1
586887,-1
586936,-1
586953,-1
587134,-1
587195,-1
587233,-1
587234,-1
587304,-1
587313,-1
587373,-1
587459,-1
587470,-1
587483,-1
587538,-1
587577,-1
587601,-1
587642,-1
587675,-1
587698,-1
587753,-1
587754,-1
587802,-1
587810,-1
587899,-1
588013,-1
588048,-1
588103,-1
588313,-1
588355,-1
588370,-1
588386,-1
588391,-1
588414,-1
588497,-1
588507,-1
588526,-1
588560,-1
588582,-1
588677,-1
588732,-1
588797,-1
588820,-1
588893,-1
588919,-1
588970,-1
589008,-1
589121,-1
589140,-1
589154,-1
589162,-1
589164,-1
589171,-1
589228,-1
589259,-1
589306,-1
589311,-1
589404,-1
589405,-1
589414,-1
589489,-1
589539,-1
589630,-1
589650,-1
589758,-1
589775,-1
589812,-1
589822,-1
589868,-1
589884,-1
589977,-1
589995,-1
590014,-1
590040,-1
590077,-1
590095,-1
590103,-1
590123,-1
590130,-1
590163,-1
590202,-1
590227,-1
590230,-1
590379,-1
590394,-1
590397,-1
590400,-1
590404,-1
590412,-1
590420,-1
590429,-1
590434,-1
590442,-1
590468,-1
590471,-1
590473,-1
590558,-1
590659,-1
590697,-1
590744,-1
590829,-1
590843,-1
590905,-1
590922,-1
590954,-1
590967,-1
590981,-1
591003,-1
591063,-1
591097,-1
591155,-1
591255,-1
591271,-1
591328,-1
591381,-1
591433,-1
591478,-1
591582,-1
591593,-1
591599,-1
591714,-1
591746,-1
591835,-1
591888,-1
592035,-1
592079,-1
592082,-1
592118,-1
592132,-1
592158,-1
592221,-1
592366,-1
592371,-1
592372,-1
592378,-1
592399,-1
592403,-1
592445,-1
592491,-1
592598,-1
592707,-1
592792,-1
592833,-1
592886,-1
592929,-1
592958,-1
593020,-1
593047,-1
593244,-1
593350,-1
593385,-1
593386,-1
593398,-1
593401,-1
593494,-1
593536,-1
593632,-1
593672,-1
593719,-1
593786,-1
593804,-1
593833,-1
593910,-1
594000,-1
594027,-1
594042,-1
594103,-1
594123,-1
594146,-1
594188,-1
594238,-1
594240,-1
594406,-1
594410,-1
594446,-1
594449,-1
594503,-1
594516,-1
594601,-1
594644,-1
594695,-1
594737,-1
594824,-1
594875,-1
594892,-1
594914,-1
594948,-1
594985,-1
595026,-1
595087,-1
595122,-1
595123,-1
595126,-1
595171,-1
595183,-1
595184,-1
595257,-1
595283,-1
595284,-1
595386,-1
595414,-1
595431,-1
595442,-1
595506,-1
595527,-1
595587,-1
595624,-1
595626,-1
595690,-1
595740,-1
595852,-1
595861,-1
595897,-1
595958,-1
596103,-1
596153,-1
596186,-1
596220,-1
596222,-1
596320,-1
596329,-1
596335,-1
596349,-1
596361,-1
596409,-1
596442,-1
596505,-1
596559,-1
596611,-1
596732,-1
596820,-1
596856,-1
596863,-1
597003,-1
597010,-1
597029,-1
597300,-1
597410,-1
597434,-1
597498,-1
597510,-1
597662,-1
597734,-1
597836,-1
597878,-1
597946,-1
597948,-1
597954,-1
597955,-1
598069,-1
598075,-1
598185,-1
598233,-1
598265,-1
598276,-1
598306,-1
598526,-1
598533,-1
598590,-1
598687,-1
598691,-1
598692,-1
598715,-1
598832,-1
598881,-1
598911,-1
598945,-1
599065,-1
599239,-1
599244,-1
599311,-1
599335,-1
599348,-1
599437,-1
599454,-1
599649,-1
599651,-1
599657,-1
599765,-1
599790,-1
599833,-1
599909,-1
599927,-1
599999,-1
600011,-1
600018,-1
600057,-1
600078,-1
600163,-1
600265,-1
600287,-1
600304,-1
600351,-1
600395,-1
600444,-1
600515,-1
600561,-1
600605,-1
600648,-1
600690,-1
600750,-1
600796,-1
600833,-1
600842,-1
600886,-1
600926,-1
600930,-1
601094,-1
601104,-1
601116,-1
601158,-1
601282,-1
601582,-1
601673,-1
601882,-1
601894,-1
601917,-1
602120,-1
602190,-1
602323,-1
602433,-1
602476,-1
602478,-1
602598,-1
602656,-1
602734,-1
602748,-1
602769,-1
602793,-1
602827,-1
602918,-1
602921,-1
602925,-1
602946,-1
602953,-1
602962,-1
603033,-1
603053,-1
603100,-1
603160,-1
603221,-1
603278,-1
603296,-1
603341,-1
603345,-1
603440,-1
603515,-1
603592,-1
603635,-1
603715,-1
603809,-1
603875,-1
603883,-1
604136,-1
604355,-1
604388,-1
604592,-1
604617,-1
604664,-1
604688,-1
604804,-1
604840,-1
604916,-1
604982,-1
605004,-1
605096,-1
605136,-1
605308,-1
605311,-1
605439,-1
605494,-1
605558,-1
605578,-1
605607,-1
605615,-1
605619,-1
605776,-1
605780,-1
605878,-1
605943,-1
605945,-1
606041,-1
606060,-1
606094,-1
606161,-1
606283,-1
606290,-1
606333,-1
606362,-1
606456,-1
606568,-1
606635,-1
606648,-1
606762,-1
606862,-1
606930,-1
607017,-1
607028,-1
607152,-1
607197,-1
607270,-1
607280,-1
607350,-1
607524,-1
607626,-1
607706,-1
607799,-1
607931,-1
607949,-1
607998,-1
608039,-1
608086,-1
608287,-1
608296,-1
608343,-1
608478,-1
608520,-1
608521,-1
608629,-1
608725,-1
608727,-1
608764,-1
608786,-1
608820,-1
608823,-1
608860,-1
608866,-1
608970,-1
609051,-1
609102,-1
609167,-1
609221,-1
609228,-1
609230,-1
609236,-1
609240,-1
609243,-1
609262,-1
609393,-1
609413,-1
609673,-1
609683,-1
609720,-1
609763,-1
609800,-1
609817,-1
609838,-1
609868,-1
610144,-1
610226,-1
610280,-1
610294,-1
610306,-1
610338,-1
610395,-1
610474,-1
610482,-1
610492,-1
610530,-1
610670,-1
610763,-1
610793,-1
610806,-1
610905,-1
610909,-1
611031,-1
611065,-1
611087,-1
611126,-1
611177,-1
611251,-1
611350,-1
611371,-1
611583,-1
611839,-1
611852,-1
611887,-1
611954,-1
612002,-1
612128,-1
612175,-1
612220,-1
612226,-1
612236,-1
612562,-1
612685,-1
612797,-1
612812,-1
612976,-1
613164,-1
613252,-1
613275,-1
613383,-1
613386,-1
613442,-1
613655,-1
613874,-1
613921,-1
613941,-1
614033,-1
614092,-1
614111,-1
614165,-1
614311,-1
614412,-1
614549,-1
614595,-1
614632,-1
614668,-1
614748,-1
614793,-1
614814,-1
614828,-1
614846,-1
614918,-1
614933,-1
615006,-1
615266,-1
615307,-1
615489,-1
615544,-1
615674,-1
615749,-1
615783,-1
615881,-1
615922,-1
616086,-1
616125,-1
616222,-1
616461,-1
616470,-1
616491,-1
616518,-1
616692,-1
616715,-1
616718,-1
616734,-1
616752,-1
616789,-1
616795,-1
616802,-1
616950,-1
616992,-1
617052,-1
617125,-1
617199,-1
617402,-1
617407,-1
617458,-1
617506,-1
617606,-1
617743,-1
617878,-1
617964,-1
617990,-1
617994,-1
618063,-1
618088,-1
618157,-1
618181,-1
618201,-1
618230,-1
618266,-1
618308,-1
618343,-1
618392,-1
618418,-1
618429,-1
618535,-1
618642,-1
618664,-1
618759,-1
618780,-1
618815,-1
618881,-1
619079,-1
619109,-1
619218,-1
619321,-1
619362,-1
619432,-1
619520,-1
619615,-1
619918,-1
619938,-1
619971,-1
619983,-1
619988,-1
620033,-1
620274,-1
620300,-1
620382,-1
620394,-1
620453,-1
620690,-1
620719,-1
620884,-1
620972,-1
620991,-1
621072,-1
621081,-1
621085,-1
621113,-1
621150,-1
621291,-1
621552,-1
621607,-1
621665,-1
621811,-1
621849,-1
621922,-1
622149,-1
622248,-1
622293,-1
622343,-1
622418,-1
622464,-1
622708,-1
622813,-1
623043,-1
623077,-1
623087,-1
623142,-1
623417,-1
623691,-1
623750,-1
623815,-1
623850,-1
623935,-1
623941,-1
623949,-1
623972,-1
624198,-1
624215,-1
624258,-1
624497,-1
624593,-1
624636,-1
624762,-1
624913,-1
625030,-1
625089,-1
625398,-1
625400,-1
625555,-1
625597,-1
625700,-1
625703,-1
625984,-1
626037,-1
626067,-1
626114,-1
626249,-1
626318,-1
626329,-1
626519,-1
626520,-1
626558,-1
626587,-1
626645,-1
626986,-1
627041,-1
627158,-1
627176,-1
627436,-1
627451,-1
627475,-1
627518,-1
627617,-1
627729,-1
627889,-1
627893,-1
627972,-1
628023,-1
628033,-1
628570,-1
628653,-1
628671,-1
628694,-1
628752,-1
628762,-1
629345,-1
629647,-1
629701,-1
629725,-1
629747,-1
629803,-1
629812,-1
629877,-1
629952,-1
630039,-1
630097,-1
630176,-1
630178,-1
630267,-1
630607,-1
630609,-1
630694,-1
630738,-1
630992,-1
631174,-1
631201,-1
631319,-1
631384,-1
631388,-1
631448,-1
631477,-1
631787,-1
631872,-1
631970,-1
631975,-1
631993,-1
632136,-1
632239,-1
632316,-1
632425,-1
632461,-1
632475,-1
632631,-1
632665,-1
632749,-1
632866,-1
632965,-1
632988,-1
633183,-1
633195,-1
633235,-1
633314,-1
633406,-1
633725,-1
633972,-1
634130,-1
634601,-1
634739,-1
634795,-1
634824,-1
635249,-1
635300,-1
635303,-1
635375,-1
635442,-1
635576,-1
635587,-1
635666,-1
635790,-1
635861,-1
635949,-1
636078,-1
636102,-1
636251,-1
636520,-1
636524,-1
636526,-1
636739,-1
636873,-1
636874,-1
636966,-1
637075,-1
637086,-1
637421,-1
637457,-1
637555,-1
637633,-1
637687,-1
638140,-1
638162,-1
638237,-1
638565,-1
638576,-1
638580,-1
638598,-1
638600,-1
638874,-1
639009,-1
639168,-1
639458,-1
639510,-1
639554,-1
639571,-1
639894,-1
640451,-1
640580,-1
640649,-1
640689,-1
640715,-1
640849,-1
640867,-1
640968,-1
641012,-1
641102,-1
641106,-1
641310,-1
641364,-1
641529,-1
641537,-1
642215,-1
642344,-1
642364,-1
642553,-1
642578,-1
642679,-1
642786,-1
642820,-1
643324,-1
643344,-1
643359,-1
643469,-1
643645,-1
643714,-1
643929,-1
644438,-1
644467,-1
644639,-1
644784,-1
644870,-1
645022,-1
645047,-1
645168,-1
645415,-1
645488,-1
645664,-1
645685,-1
645933,-1
645939,-1
646127,-1
646197,-1
646257,-1
646259,-1
646405,-1
646424,-1
646455,-1
646933,-1
646937,-1
647016,-1
647555,-1
647597,-1
647638,0
647662,-1
647674,-1
647804,-1
647862,-1
648201,-1
648379,-1
648852,-1
648983,-1
648990,-1
649080,-1
649081,-1
649208,-1
649378,-1
649935,-1
650049,-1
650055,-1
650079,-1
650606,-1
650901,-1
651018,-1
651030,-1
651193,-1
651201,-1
651269,-1
651274,-1
651390,-1
651491,-1
651613,-1
651675,-1
651744,-1
651805,-1
651818,-1
651828,-1
651941,-1
651960,-1
652003,-1
652040,-1
652190,-1
652359,-1
652416,-1
652527,-1
652737,-1
653197,-1
653228,-1
653281,-1
653332,-1
653640,-1
653724,-1
653838,-1
653852,-1
654233,-1
654259,-1
654395,-1
654687,-1
654913,-1
655022,-1
655051,-1
655166,-1
655300,-1
655499,-1
656150,-1
656346,-1
656422,-1
656471,-1
656560,-1
656626,-1
656708,-1
656850,-1
656873,-1
656920,-1
657122,-1
657343,-1
657514,-1
657591,-1
657629,-1
657796,-1
658234,-1
658528,-1
658774,-1
659128,-1
659161,-1
659162,-1
659360,-1
659664,-1
659744,-1
659832,-1
660110,-1
660821,-1
660894,-1
660903,-1
660959,-1
661614,-1
661639,-1
661697,-1
661930,-1
662010,-1
662535,-1
662596,-1
662750,-1
663017,-1
663376,-1
663565,-1
664084,-1
664119,-1
664401,-1
664405,-1
664617,-1
664663,-1
664998,-1
665329,-1
665397,-1
665505,-1
665593,-1
665676,-1
665746,-1
665887,-1
665892,-1
665980,-1
666049,-1
666174,-1
666292,-1
666718,-1
666942,-1
667299,-1
667536,-1
667643,-1
667718,-1
667916,-1
667929,-1
667981,-1
668083,-1
668172,-1
668677,-1
668776,-1
669140,-1
669155,-1
669329,-1
669348,-1
669356,-1
669449,-1
670471,-1
670626,-1
670971,-1
671066,-1
671151,-1
671367,-1
671368,-1
671975,-1
671999,-1
672009,-1
672112,-1
672468,-1
673076,-1
673286,-1
673874,-1
674375,-1
675053,-1
675201,-1
675594,-1
676043,-1
676373,-1
676570,-1
676707,-1
676762,-1
677209,-1
677842,-1
677896,-1
678536,-1
678547,-1
678888,-1
679040,-1
679047,-1
679066,-1
679442,-1
679611,-1
679831,-1
680424,-1
680735,-1
681050,-1
681581,-1
681720,-1
682005,-1
682247,-1
683014,-1
683663,-1
683976,-1
683978,-1
684510,-1
684521,-1
684543,-1
684764,-1
684806,-1
685594,-1
685604,-1
685958,-1
686165,-1
686408,-1
686445,-1
686509,-1
686915,-1
686920,-1
688312,-1
688600,-1
689037,-1
689374,-1
689456,-1
689624,-1
689984,-1
690420,-1
690422,-1
691334,-1
691541,-1
691546,-1
692211,-1
692510,-1
693301,-1
693729,-1
693765,-1
694265,-1
695011,-1
695094,-1
695132,-1
695307,-1
695557,-1
696475,-1
697072,-1
698291,-1
698573,-1
699040,-1
699411,-1
700028,-1
700237,-1
700289,-1
700666,-1
701565,-1
702595,-1
702877,-1
703333,-1
704652,-1
704870,-1
705215,-1
705310,-1
705984,-1
707260,-1
707402,-1
707525,-1
708887,-1
709630,-1
710489,-1
710523,-1
711391,-1
713557,-1
714166,-1
714420,-1
714504,-1
714565,-1
715059,-1
716337,-1
716801,-1
717149,-1
717546,-1
720819,-1
720860,-1
721496,-1
721552,-1
721570,-1
722828,-1
722939,-1
724581,-1
725357,-1
726953,-1
727886,-1
728820,-1
730639,-1
732729,-1
733654,-1
734565,-1
735029,-1
736075,-1
736833,-1
739139,-1
739518,-1
739734,-1
741190,-1
741773,-1
741902,-1
742639,-1
743151,-1
745292,-1
746934,-1
748759,-1
750982,-1
751545,-1
752933,-1
756030,-1
756434,-1
757930,-1
760304,-1
760793,-1
763129,-1
763792,-1
765745,-1
767426,-1
768291,-1
770252,-1
774666,-1
777366,-1
777846,-1
780167,-1
785107,-1
785186,-1
792549,-1
796032,-1
801660,-1
811077,-1
844489,-1
