user_id,cluster_kmeans
23557,1
94883,0
101486,0
101961,0
106907,2
118043,0
120851,0
125845,0
133058,1
149058,0
152583,3
153982,0
160754,0
164522,0
167852,1
171470,2
174997,2
175032,3
181157,0
182191,1
187212,0
189676,3
190866,3
195192,3
204943,2
204997,2
205044,0
206011,0
216796,2
217114,1
217136,0
220725,2
224996,0
226367,0
228195,1
228872,3
229009,2
229108,2
229330,0
232647,1
249521,0
252835,3
258451,1
264470,0
276512,0
281952,3
283325,0
290123,0
297546,0
298253,1
299476,0
306165,1
306819,2
312488,3
313724,2
316527,0
317688,0
322867,0
324191,0
328590,2
330764,2
330893,0
331039,2
334787,0
337227,1
338086,0
340166,1
343928,0
347778,0
348817,3
348863,1
349132,0
350648,2
353271,3
353694,0
354050,0
354260,0
354311,0
354950,0
356046,3
357737,2
359072,2
359080,0
359653,0
361459,0
361759,0
363535,2
365825,2
371201,1
372970,3
373489,3
374331,2
374340,1
374341,3
375160,1
375729,0
375751,0
376159,0
377069,2
377411,3
378565,0
379543,0
380434,0
380436,0
380757,0
380874,0
380949,2
381259,3
381465,2
382181,3
382384,0
382533,1
385689,0
386255,1
386469,1
386914,2
387282,1
387783,0
388328,0
388767,0
388947,0
389434,2
389662,0
389759,3
390811,0
392453,0
395202,1
395981,0
396552,0
399137,0
399218,0
399799,0
400275,0
400582,3
400899,0
401245,3
402332,3
402978,0
403881,0
404879,0
405305,0
406210,3
407118,2
407250,3
407275,0
407434,1
407642,3
408551,0
409073,0
411179,2
411701,0
413128,3
413340,0
413418,0
413658,2
414128,3
415282,0
415381,0
415581,0
416319,0
416580,2
417679,3
418329,0
418488,3
418692,2
420648,0
420669,2
421247,0
421515,3
421666,2
421700,0
421870,3
422066,0
422668,1
423042,2
423413,1
424553,0
425632,0
425653,1
425953,3
425966,0
426478,2
427426,3
427506,2
428056,3
428552,3
428858,2
429345,1
429375,2
430722,2
431144,0
431337,3
431602,2
431746,0
431899,2
431912,1
432333,0
432637,3
432941,0
433080,0
433339,3
433905,1
434238,0
434623,2
435231,3
435596,0
435669,0
435837,1
435882,2
436320,0
436894,0
437069,0
437162,2
437251,0
437539,0
437549,0
438189,3
438406,0
438551,2
438596,3
438839,0
438937,3
438985,2
438995,1
439052,0
439120,0
439363,0
440212,0
440655,3
441200,3
441205,1
441448,3
441457,0
441982,0
442484,0
442718,0
442812,1
442819,0
442833,0
443305,3
443453,3
443598,0
443652,3
444387,0
444885,3
445351,0
445515,0
446124,0
446138,2
446473,0
446933,0
447053,3
447591,3
447737,0
447951,0
448025,3
448154,0
448295,0
448467,1
448564,0
449033,0
449326,0
449619,3
449804,0
449980,2
450164,3
450193,3
450305,0
450615,0
451291,0
451674,1
452034,2
452532,2
452594,0
452612,2
453143,0
453168,0
454264,1
454430,3
454616,0
454661,0
454920,3
454934,2
454955,0
456226,0
456318,3
456663,3
456671,3
457468,0
457599,0
457967,1
458479,2
458688,0
458725,1
458762,0
458814,3
458855,3
458919,3
459229,0
459486,3
459645,3
460072,0
460181,0
460553,0
460625,2
461559,3
461744,3
461791,0
462127,0
462456,0
462894,1
463652,3
463698,3
463783,0
463867,3
463910,0
464080,0
464160,0
464239,0
464542,3
464597,1
464614,2
464673,0
464782,0
464855,2
465138,3
465343,0
465531,3
465568,1
465731,2
466205,0
466342,1
466723,2
467007,0
467092,2
467339,0
467809,0
467892,2
468106,0
468370,3
468409,2
468666,0
468801,0
468808,0
468832,2
469237,1
469418,1
469440,2
469464,0
469699,0
469767,0
469824,0
471077,0
471161,0
471186,0
471500,3
471565,3
471649,1
471687,0
471717,0
471935,0
471946,1
471973,1
472394,0
472446,3
472614,0
472713,0
472785,0
472966,3
473332,0
473343,0
473402,2
473467,0
473568,0
473712,0
473847,3
474007,1
474120,2
474239,2
474261,3
474278,1
474384,0
474464,0
474546,0
474951,3
474980,0
475060,3
475130,0
475467,3
475531,3
476081,0
476104,0
476124,3
476173,1
476270,0
476393,0
476436,0
476535,0
476665,0
476693,3
476714,0
476742,1
476916,1
476956,3
477285,0
477316,0
477597,0
477730,0
477805,1
478003,0
478146,2
478188,3
478228,3
478291,0
478533,0
478585,0
478760,2
478801,0
478834,1
479071,3
479078,3
479101,3
479254,0
479524,2
479785,1
480186,1
480313,2
480331,0
480690,0
480796,0
480877,0
480895,2
480975,1
481050,0
481245,0
481292,3
481358,1
481554,0
481622,0
481772,3
481781,1
482264,0
482335,1
482424,0
482548,2
482602,0
482621,0
482630,3
482744,0
482811,2
483224,0
483237,3
483345,0
483480,0
483483,0
483525,0
483603,0
483928,0
483982,3
484249,0
484342,2
484418,3
484987,0
485149,0
485260,0
485393,2
485505,3
485518,1
485536,1
485544,0
485591,0
485658,2
485780,0
485785,3
485891,2
485894,0
486046,1
486113,0
486191,1
486261,3
486268,1
486270,3
486366,0
486447,2
486454,0
486605,3
486671,0
486751,2
486823,3
487002,3
487036,0
487040,3
487101,0
487276,0
487352,3
487453,2
487637,0
487680,0
487715,2
487858,0
487954,0
488009,0
488099,1
488246,1
488314,2
488410,0
488430,2
488462,0
488480,2
488511,0
488529,0
488539,1
488672,0
488827,3
488865,3
488870,2
488918,0
488974,0
489096,0
489131,1
489575,0
489635,0
489661,1
489730,0
489785,3
489786,1
489802,0
489844,0
489852,0
489949,2
489953,0
489992,3
490040,0
490107,3
490133,0
490201,0
490348,3
490358,3
490517,0
490576,0
490608,3
490629,3
490671,3
491003,0
491124,0
491141,0
491175,0
491182,0
491241,0
491266,0
491559,0
491597,0
491617,0
491706,0
491772,0
491925,0
491930,0
491995,2
492209,0
492211,3
492287,3
492371,0
492497,2
492614,1
492999,3
493177,0
493409,3
493476,0
493718,0
494294,0
494374,0
494382,0
494441,1
494463,3
494484,3
494590,3
494630,1
494680,3
494704,0
494985,0
495029,2
495042,0
495080,3
495272,3
495273,3
495386,0
495482,3
495592,1
495603,3
495727,0
496016,0
496074,1
496273,0
496286,0
496332,0
496382,0
496408,2
496566,0
496899,2
496972,3
497042,0
497077,2
497108,0
497225,0
497475,0
497615,0
497678,0
497680,0
497829,0
497915,0
498154,0
498199,0
498287,0
498298,3
498357,0
498363,0
498500,2
498574,3
498607,0
498665,2
498857,3
498931,0
499028,3
499038,3
499252,0
499313,0
499366,0
499375,0
499379,1
499461,0
499475,3
499633,3
499634,3
499659,1
499669,3
499751,0
499760,1
499780,1
499810,0
499847,0
499969,1
499979,0
499990,2
500078,0
500196,0
500243,3
500257,0
500288,1
500299,1
500493,0
500532,1
500646,0
500745,3
500773,3
500791,1
500828,0
500972,0
500974,0
501087,0
501125,0
501184,0
501322,0
501344,1
501436,2
501512,3
501708,2
501735,3
501764,0
501780,1
501794,0
501817,0
501830,3
501897,1
501947,2
502063,0
502145,0
502210,2
502212,3
502353,0
502412,0
502435,0
502444,3
502609,0
502626,3
502799,0
502819,1
502826,0
502847,0
502850,1
502875,0
502995,1
503042,3
503049,1
503058,3
503126,1
503161,1
503277,0
503342,2
503418,0
503483,1
503621,0
503760,0
503773,1
503918,1
503928,0
503945,0
503973,0
504081,0
504133,0
504240,0
504299,0
504320,3
504371,0
504435,2
504473,3
504579,1
504610,0
504665,3
504669,0
504786,0
504859,3
504892,3
504916,2
504936,0
504945,0
505062,3
505066,1
505172,2
505230,0
505285,0
505289,3
505358,3
505414,0
505498,3
505617,2
505667,0
505680,0
505713,0
505747,3
505771,0
505854,0
505916,3
505933,2
505941,0
506013,0
506130,0
506186,3
506234,3
506250,0
506347,1
506427,0
506611,0
506652,0
506675,0
506704,0
506777,0
506807,0
506828,3
506837,0
506858,0
506990,1
507036,3
507133,3
507207,1
507273,3
507376,3
507395,2
507431,3
507435,0
507505,0
507513,1
507531,1
507557,0
507573,0
507617,0
507728,3
507732,2
507753,3
507759,0
507773,0
507805,2
508050,0
508096,0
508111,2
508144,3
508153,3
508240,3
508360,3
508367,0
508497,3
508512,1
508546,3
508611,1
508625,2
508693,0
508713,3
508731,0
508829,2
508848,0
508849,3
508856,2
508857,0
508860,3
508866,3
508877,0
508891,1
508892,3
508901,0
508912,2
508917,1
508923,2
508938,0
508940,0
508944,0
508946,3
508964,1
508973,3
509001,1
509024,3
509036,0
509052,1
509061,3
509069,0
509098,0
509115,3
509119,3
509157,3
509160,0
509162,1
509202,3
509221,0
509242,0
509272,1
509278,2
509282,3
509302,0
509316,0
509324,0
509341,3
509346,0
509353,3
509354,0
509359,0
509402,1
509411,0
509413,0
509414,3
509419,0
509421,2
509435,0
509445,0
509453,0
509454,0
509459,1
509467,3
509498,0
509515,3
509516,0
509530,0
509552,1
509598,0
509603,3
509626,0
509635,3
509638,1
509645,2
509681,0
509712,3
509713,3
509717,0
509749,0
509763,0
509765,3
509781,1
509822,0
509826,0
509841,0
509855,1
509876,1
509892,1
509903,0
509919,0
509924,1
509933,0
509969,1
509990,0
510003,0
510022,0
510044,0
510048,3
510061,0
510067,0
510070,2
510078,2
510079,3
510081,0
510090,0
510093,0
510094,0
510104,3
510108,2
510112,0
510114,0
510134,0
510155,0
510156,0
510163,0
510164,3
510170,3
510172,3
510179,0
510185,0
510188,2
510195,0
510198,3
510213,0
510215,3
510219,0
510227,3
510238,0
510239,0
510243,0
510257,0
510270,1
510283,1
510315,0
510316,1
510326,0
510328,3
510343,2
510356,0
510365,0
510369,0
510379,1
510393,0
510418,1
510423,1
510449,0
510452,0
510459,3
510490,1
510494,0
510511,0
510533,3
510537,0
510543,1
510545,1
510558,2
510570,0
510571,3
510575,1
510580,0
510582,3
510585,3
510586,3
510610,3
510618,0
510676,0
510686,3
510694,2
510700,2
510707,0
510719,1
510733,0
510754,0
510779,0
510805,0
510815,0
510822,0
510828,1
510836,0
510841,2
510890,3
510899,0
510944,0
510946,0
510953,0
510960,0
510961,0
510972,3
511017,0
511055,3
511066,3
511093,3
511122,0
511125,0
511126,3
511140,0
511142,0
511145,3
511148,0
511160,0
511178,3
511195,0
511208,3
511219,1
511223,2
511238,1
511260,3
511298,3
511314,3
511326,0
511328,3
511331,2
511364,3
511377,1
511379,0
511397,3
511398,0
511399,0
511418,0
511424,0
511433,0
511440,0
511455,3
511469,0
511489,0
511502,0
511504,3
511535,0
511542,0
511549,0
511552,1
511554,0
511560,0
511567,3
511568,1
511570,0
511577,0
511578,0
511587,0
511589,1
511608,1
511609,0
511613,0
511638,3
511665,2
511666,0
511677,2
511680,3
511697,0
511712,3
511726,0
511739,0
511757,1
511762,0
511764,0
511772,3
511778,3
511783,0
511784,2
511800,0
511803,3
511805,0
511809,0
511811,3
511821,1
511827,2
511851,0
511859,3
511860,0
511862,0
511878,1
511884,0
511902,0
511910,1
511916,0
511923,0
511936,3
511943,3
511977,2
511989,1
511996,0
511998,0
512009,0
512010,0
512016,1
512024,3
512028,0
512060,0
512063,0
512069,0
512078,3
512099,3
512103,2
512144,1
512147,2
512148,1
512163,0
512173,0
512190,1
512193,3
512197,3
512201,0
512204,0
512243,3
512249,1
512266,0
512271,3
512283,0
512289,0
512294,0
512295,0
512301,0
512302,0
512303,0
512305,1
512322,0
512329,3
512362,3
512377,2
512392,0
512397,1
512402,0
512416,1
512418,0
512419,0
512440,3
512443,0
512447,3
512463,3
512495,0
512529,1
512536,0
512552,0
512556,0
512558,2
512587,3
512589,0
512596,0
512598,3
512610,0
512623,1
512628,3
512631,0
512655,0
512671,0
512677,1
512680,0
512691,3
512693,3
512695,0
512696,3
512704,1
512706,0
512780,0
512786,0
512787,0
512791,3
512801,0
512826,0
512831,0
512835,0
512846,3
512848,3
512880,0
512887,0
512888,3
512900,3
512904,0
512922,3
512928,2
512943,0
512945,3
512974,1
512976,3
512984,0
512999,3
513004,0
513005,3
513006,0
513026,0
513030,0
513031,0
513058,0
513089,0
513090,1
513091,1
513093,0
513096,3
513103,3
513126,3
513138,1
513164,0
513206,1
513216,3
513220,0
513221,3
513227,0
513233,0
513236,0
513237,3
513241,1
513242,3
513259,0
513261,1
513289,3
513296,3
513317,1
513322,0
513338,0
513339,3
513345,1
513347,0
513366,0
513381,0
513387,0
513397,0
513402,0
513408,3
513422,0
513425,1
513438,0
513441,1
513470,1
513495,3
513497,0
513509,1
513543,2
513546,1
513555,0
513568,0
513569,3
513582,0
513602,1
513611,0
513613,0
513620,3
513625,2
513627,0
513628,0
513638,0
513659,0
513661,1
513683,0
513714,1
513721,0
513742,1
513761,0
513776,0
513787,2
513791,0
513796,0
513800,1
513807,2
513823,1
513826,0
513844,3
513853,0
513856,3
513860,0
513869,2
513875,2
513917,0
513926,3
513933,0
513953,0
513956,3
513964,0
513967,3
513995,3
514002,0
514003,3
514021,1
514023,0
514053,0
514071,0
514076,0
514113,3
514132,3
514133,0
514164,0
514167,2
514206,3
514208,3
514210,0
514215,0
514235,3
514261,3
514275,3
514289,1
514300,2
514315,3
514318,0
514324,0
514337,0
514342,0
514344,0
514370,0
514384,0
514395,0
514457,0
514460,3
514461,3
514501,1
514503,1
514515,0
514526,0
514551,1
514586,0
514589,0
514617,0
514623,3
514627,0
514638,0
514639,1
514642,1
514660,0
514675,0
514682,0
514684,1
514689,0
514737,0
514785,0
514810,3
514830,0
514867,0
514876,1
514892,0
514893,1
514899,3
514925,2
514926,3
514931,1
514944,0
514951,3
514953,0
514980,0
514981,0
515004,0
515013,0
515020,3
515030,3
515051,0
515058,0
515060,0
515085,2
515103,0
515124,2
515131,0
515139,2
515161,0
515168,1
515182,0
515198,1
515200,3
515202,1
515205,2
515229,2
515240,1
515243,0
515258,3
515271,0
515274,3
515306,0
515330,0
515344,0
515398,0
515409,0
515421,0
515423,0
515436,1
515478,3
515490,0
515502,1
515514,1
515516,1
515523,3
515529,0
515530,1
515565,0
515578,3
515580,0
515586,0
515610,2
515634,1
515639,0
515645,3
515666,0
515675,2
515684,0
515688,0
515694,0
515713,0
515727,0
515735,1
515739,0
515751,0
515764,3
515778,0
515802,0
515818,1
515831,3
515835,0
515854,1
515874,1
515891,0
515901,3
515908,0
515941,0
515947,3
515953,0
515974,3
515985,0
516001,1
516004,0
516006,0
516039,1
516053,0
516057,2
516061,0
516076,1
516086,1
516089,0
516092,3
516105,0
516117,0
516118,0
516127,1
516132,2
516144,0
516150,1
516152,3
516176,0
516177,0
516178,3
516211,2
516216,3
516217,1
516243,1
516246,3
516251,0
516269,3
516273,0
516282,0
516283,2
516287,2
516290,0
516296,0
516301,2
516340,1
516351,0
516368,2
516375,3
516418,3
516420,0
516433,1
516456,0
516507,0
516516,0
516528,0
516543,0
516556,3
516561,0
516571,1
516578,0
516579,3
516583,1
516590,3
516593,0
516594,0
516614,3
516616,0
516620,1
516639,0
516647,0
516679,2
516680,1
516682,3
516694,0
516697,1
516704,0
516732,0
516739,0
516744,1
516763,0
516765,1
516789,0
516798,0
516806,2
516808,3
516827,0
516833,3
516841,3
516862,1
516933,1
516939,3
516965,3
516967,1
516972,0
517033,1
517061,0
517064,3
517076,0
517105,0
517119,0
517131,2
517142,0
517143,1
517150,3
517158,0
517205,0
517212,0
517219,1
517231,0
517284,0
517324,1
517330,0
517356,2
517370,0
517392,2
517393,3
517397,3
517403,0
517415,3
517438,0
517445,0
517467,3
517486,0
517491,0
517543,1
517545,0
517548,0
517549,0
517571,0
517579,3
517581,3
517596,0
517622,1
517633,3
517653,0
517674,3
517675,3
517676,0
517700,0
517715,0
517732,0
517735,0
517739,3
517743,3
517772,2
517776,0
517787,3
517803,0
517819,3
517825,0
517839,0
517847,0
517871,3
517894,0
517898,2
517925,3
517931,3
517961,2
517967,0
517968,0
518012,3
518015,0
518041,1
518044,0
518074,3
518084,3
518092,0
518121,3
518127,3
518135,2
518191,2
518196,0
518211,0
518219,3
518281,0
518324,0
518334,3
518338,3
518347,0
518348,3
518354,1
518372,3
518393,0
518406,0
518416,0
518422,1
518443,0
518450,1
518480,0
518495,3
518516,0
518526,0
518527,0
518533,3
518535,0
518541,0
518567,3
518579,0
518582,0
518585,0
518612,0
518628,1
518629,2
518639,3
518642,1
518645,1
518694,0
518696,1
518711,0
518716,0
518722,0
518726,1
518735,1
518743,3
518747,0
518751,3
518756,2
518826,0
518827,0
518865,3
518866,0
518867,3
518870,3
518894,0
518896,2
518907,0
518922,1
518925,1
518931,1
518954,3
518956,0
518963,3
518971,0
518998,0
519014,0
519059,3
519079,0
519089,3
519091,0
519096,3
519114,0
519117,0
519137,0
519140,0
519171,0
519191,1
519205,0
519210,0
519211,3
519248,3
519254,3
519260,3
519267,0
519285,3
519312,1
519313,3
519335,1
519348,0
519353,1
519357,0
519368,1
519383,2
519392,0
519393,0
519406,1
519412,0
519419,3
519430,3
519446,0
519469,2
519515,0
519529,3
519532,0
519541,0
519548,1
519554,3
519561,1
519595,0
519596,0
519604,0
519626,0
519631,0
519664,0
519687,1
519694,3
519695,0
519706,1
519709,3
519718,2
519722,3
519725,0
519726,0
519747,2
519769,0
519774,0
519787,2
519799,3
519846,0
519848,0
519853,0
519859,0
519885,3
519888,0
519893,0
519896,2
519897,1
519905,0
519911,0
519912,0
519943,1
519955,3
519957,0
519961,3
519965,0
519982,2
520054,3
520063,3
520097,0
520106,3
520141,0
520152,0
520170,3
520175,0
520177,0
520182,0
520188,3
520193,0
520225,0
520244,0
520248,0
520250,0
520256,0
520265,0
520277,0
520291,3
520298,0
520307,0
520311,0
520314,1
520327,3
520358,0
520373,0
520397,2
520405,3
520411,0
520422,3
520429,2
520436,0
520440,1
520480,3
520491,0
520497,0
520527,3
520530,0
520532,0
520539,2
520556,3
520558,3
520561,1
520603,1
520619,0
520680,0
520696,2
520708,0
520719,3
520733,0
520745,0
520762,3
520770,0
520771,1
520780,1
520783,0
520804,0
520819,0
520821,0
520844,3
520851,0
520861,2
520877,0
520878,0
520882,1
520885,2
520898,0
520902,0
520920,1
520934,0
520947,2
520959,0
521000,0
521004,0
521009,1
521031,0
521033,0
521044,0
521060,0
521062,1
521065,2
521066,0
521070,0
521109,3
521127,0
521152,0
521170,0
521185,0
521186,0
521187,1
521192,3
521201,0
521211,1
521212,2
521235,3
521250,3
521259,3
521282,3
521286,3
521293,3
521295,0
521298,3
521309,0
521316,0
521331,2
521335,2
521343,3
521379,0
521392,0
521404,0
521408,0
521416,0
521434,0
521462,0
521474,3
521491,2
521509,0
521510,0
521514,3
521587,3
521607,0
521609,0
521642,1
521657,3
521658,0
521663,1
521695,0
521708,0
521719,3
521720,0
521743,0
521748,0
521768,0
521785,3
521814,0
521818,2
521859,0
521865,0
521883,3
521884,0
521885,0
521904,3
521921,0
521925,0
521941,3
521943,0
521956,3
521963,3
521986,0
521992,3
521997,3
522001,1
522005,0
522062,0
522086,0
522111,2
522112,0
522115,2
522118,0
522134,1
522152,2
522171,3
522179,0
522184,1
522201,1
522223,0
522233,2
522237,3
522263,3
522265,0
522276,0
522286,0
522315,3
522323,0
522364,3
522373,3
522375,0
522387,1
522402,0
522420,2
522426,0
522427,3
522438,0
522441,3
522445,0
522457,3
522465,0
522476,0
522484,0
522513,0
522523,3
522532,3
522533,3
522585,0
522607,0
522624,1
522631,3
522633,0
522634,3
522639,3
522654,0
522687,0
522738,0
522745,0
522748,0
522761,2
522788,1
522800,3
522809,0
522873,1
522898,0
522911,1
522927,3
522937,0
522939,0
522943,1
522944,0
522970,0
522981,3
522999,3
523030,3
523057,1
523073,3
523077,3
523090,3
523098,0
523146,0
523158,0
523209,0
523228,3
523231,0
523256,3
523271,0
523273,1
523290,3
523299,2
523301,0
523335,3
523338,0
523392,0
523395,3
523442,0
523454,0
523465,0
523474,0
523484,0
523503,1
523505,0
523511,3
523513,0
523517,3
523526,3
523546,0
523559,0
523612,0
523619,0
523657,3
523666,0
523686,0
523690,0
523700,0
523710,0
523715,2
523717,0
523729,1
523735,0
523746,3
523756,3
523768,2
523771,3
523787,0
523800,3
523807,0
523819,0
523824,3
523841,0
523842,0
523845,0
523846,3
523860,0
523866,3
523877,0
523887,1
523913,3
523938,3
523981,0
524001,0
524012,0
524031,3
524036,3
524038,0
524043,0
524046,2
524052,0
524057,1
524076,0
524080,3
524098,1
524116,0
524120,0
524151,3
524167,0
524169,0
524172,1
524180,0
524194,2
524200,0
524211,3
524214,1
524226,0
524244,3
524251,0
524278,3
524313,0
524318,1
524328,3
524358,2
524365,0
524383,3
524407,0
524412,0
524419,0
524448,2
524473,0
524484,1
524511,0
524572,0
524606,1
524607,3
524615,0
524620,3
524628,0
524637,3
524644,3
524650,3
524663,3
524668,0
524682,0
524722,0
524728,1
524739,0
524766,3
524797,1
524805,3
524807,3
524821,2
524834,0
524842,1
524849,0
524861,3
524880,1
524885,1
524895,0
524909,0
524913,1
524923,3
524926,0
524929,0
524940,1
524980,2
525022,2
525034,0
525043,0
525053,0
525056,3
525081,0
525089,0
525102,3
525106,3
525168,0
525175,1
525176,1
525201,0
525212,3
525227,0
525234,2
525244,3
525265,0
525281,3
525308,1
525323,3
525332,2
525356,0
525377,1
525379,1
525389,3
525405,3
525410,3
525415,3
525447,2
525488,2
525515,3
525529,0
525546,0
525555,0
525591,0
525610,2
525611,0
525615,3
525631,2
525647,1
525671,0
525684,0
525716,0
525722,0
525734,3
525761,1
525769,3
525789,0
525804,0
525806,3
525824,0
525842,0
525844,2
525848,1
525864,0
525879,0
525920,0
525975,0
525996,0
526032,1
526036,1
526062,0
526079,0
526084,0
526102,0
526144,0
526154,0
526174,0
526179,0
526184,1
526203,2
526206,3
526221,0
526235,0
526239,3
526256,0
526258,0
526291,1
526297,0
526303,1
526308,2
526332,3
526354,0
526365,3
526367,0
526372,0
526378,0
526409,0
526431,0
526435,1
526443,1
526445,0
526471,0
526490,0
526492,0
526495,3
526540,0
526565,3
526570,2
526628,0
526668,0
526676,2
526683,0
526690,3
526711,3
526727,2
526729,0
526740,1
526759,0
526782,3
526789,3
526837,2
526855,3
526858,1
526867,0
526872,1
526873,0
526900,0
526901,0
526905,0
526913,0
526916,1
526925,1
526950,3
526959,0
526970,0
527001,1
527004,0
527019,3
527038,0
527046,0
527075,0
527081,3
527082,0
527109,0
527130,0
527132,0
527133,2
527141,0
527142,3
527150,3
527154,3
527158,2
527187,3
527197,3
527219,3
527232,0
527253,0
527280,1
527321,1
527326,0
527344,0
527346,0
527354,0
527359,3
527365,3
527389,1
527393,3
527396,0
527401,2
527406,0
527445,1
527451,3
527452,0
527455,2
527464,0
527467,0
527470,3
527490,0
527507,0
527508,0
527518,3
527524,1
527536,1
527541,1
527552,1
527560,1
527564,3
527585,0
527605,3
527689,1
527690,3
527726,1
527735,3
527750,1
527782,2
527783,0
527801,1
527824,0
527850,3
527857,1
527886,0
527928,3
527944,3
527945,1
527984,0
527987,0
527995,0
528020,0
528028,0
528046,3
528061,0
528098,1
528105,3
528122,3
528137,1
528139,1
528158,0
528164,0
528179,1
528186,0
528193,0
528216,0
528242,3
528244,3
528248,3
528281,0
528322,0
528330,0
528354,0
528372,1
528378,0
528379,0
528411,0
528413,1
528417,0
528421,3
528455,0
528461,1
528490,0
528500,2
528522,0
528528,3
528542,0
528567,3
528580,0
528612,0
528657,0
528661,0
528683,0
528688,1
528690,3
528706,0
528723,3
528735,0
528743,2
528744,0
528777,0
528816,0
528826,3
528827,0
528828,0
528829,3
528839,2
528842,1
528844,3
528906,3
528909,1
528929,0
528930,0
528936,1
528942,0
528953,2
528965,3
528967,3
528995,0
528999,0
529019,0
529023,3
529048,0
529050,0
529082,3
529205,2
529214,0
529216,1
529224,0
529229,3
529231,3
529237,0
529249,0
529284,1
529309,0
529332,3
529338,0
529362,2
529406,0
529420,1
529421,0
529422,0
529424,0
529428,0
529436,0
529488,0
529501,0
529502,0
529510,0
529513,0
529520,3
529566,0
529602,2
529677,1
529678,0
529689,0
529695,3
529704,2
529734,0
529737,1
529768,0
529781,0
529783,1
529787,0
529801,0
529831,3
529840,1
529845,3
529857,1
529879,3
529887,0
529913,1
529940,0
529972,0
530004,0
530039,0
530090,0
530118,0
530188,3
530196,2
530199,2
530213,0
530223,0
530240,0
530277,0
530278,0
530282,3
530298,3
530315,0
530322,0
530329,1
530365,0
530371,3
530374,3
530379,0
530383,3
530385,0
530421,0
530427,0
530453,1
530463,0
530468,3
530514,2
530543,3
530563,0
530579,0
530581,1
530585,0
530592,3
530599,1
530607,3
530625,0
530627,0
530633,1
530645,3
530649,0
530656,0
530665,3
530666,3
530667,2
530672,1
530673,1
530687,0
530719,0
530720,2
530724,0
530739,3
530743,0
530754,3
530773,0
530775,0
530797,3
530801,0
530810,0
530811,1
530833,0
530869,1
530873,1
530881,3
530906,0
530949,0
530950,0
530978,0
531006,0
531009,0
531016,0
531020,0
531027,0
531031,0
531054,0
531073,3
531094,3
531109,0
531143,0
531144,0
531158,0
531198,3
531204,0
531217,0
531253,0
531255,1
531322,3
531339,2
531344,0
531361,3
531373,0
531386,0
531427,2
531431,0
531447,0
531456,1
531467,3
531471,0
531475,1
531499,3
531500,1
531511,0
531512,0
531557,0
531562,1
531568,0
531615,1
531620,1
531625,3
531650,3
531654,2
531663,0
531670,0
531682,1
531735,1
531739,0
531744,0
531745,2
531771,0
531777,0
531789,0
531795,0
531803,1
531807,3
531824,3
531834,1
531844,3
531847,0
531857,3
531868,0
531884,0
531921,0
531926,1
531931,0
531959,3
531967,1
531971,0
531987,3
531989,0
531994,0
532063,0
532064,2
532073,0
532101,1
532106,0
532119,0
532159,3
532215,0
532225,0
532233,0
532258,0
532259,0
532279,1
532312,0
532329,3
532347,3
532361,0
532365,0
532381,2
532387,0
532388,0
532390,0
532410,2
532426,2
532432,1
532433,3
532500,0
532519,0
532535,0
532544,2
532568,0
532607,3
532622,0
532623,0
532627,1
532637,1
532650,0
532651,3
532653,0
532656,3
532705,0
532710,3
532711,3
532721,0
532725,2
532730,3
532742,0
532748,0
532750,3
532774,1
532810,0
532823,3
532835,1
532843,0
532863,0
532866,0
532901,3
532905,1
532912,0
532941,2
532989,0
533048,1
533093,3
533117,0
533123,0
533129,0
533155,0
533187,1
533199,3
533204,1
533211,0
533222,0
533248,0
533251,0
533283,0
533291,0
533302,0
533327,0
533357,0
533378,0
533388,0
533393,1
533396,0
533402,3
533404,2
533411,3
533449,3
533464,0
533490,0
533492,0
533497,3
533518,0
533527,3
533537,3
533542,0
533550,3
533573,0
533575,3
533598,0
533613,0
533617,0
533656,3
533716,0
533742,3
533755,2
533759,0
533773,3
533782,0
533809,3
533827,1
533846,3
533859,0
533895,3
533908,3
533932,2
533975,3
533985,3
533990,0
534040,0
534045,0
534066,0
534082,1
534088,3
534105,0
534179,0
534190,0
534246,3
534254,3
534295,0
534333,0
534351,0
534360,0
534378,0
534380,3
534391,0
534445,2
534474,0
534499,1
534564,0
534586,1
534594,0
534604,1
534607,3
534608,3
534661,1
534688,3
534697,0
534703,3
534742,1
534747,3
534782,3
534793,3
534798,3
534825,1
534840,0
534842,0
534858,2
534895,3
534903,0
534939,0
534948,0
534957,0
534971,3
534986,0
535003,1
535007,2
535024,2
535035,0
535047,0
535051,0
535060,3
535063,3
535081,0
535099,3
535135,0
535136,3
535149,0
535155,1
535177,0
535189,0
535229,0
535266,1
535311,0
535341,0
535365,3
535398,0
535441,0
535447,0
535459,3
535473,1
535495,0
535497,1
535502,0
535553,0
535595,0
535600,3
535610,3
535625,3
535637,3
535644,0
535682,1
535686,2
535701,0
535702,0
535706,0
535734,0
535737,1
535746,0
535747,3
535791,0
535795,0
535878,0
535879,0
535885,0
535896,0
535905,2
535906,3
535912,0
535942,0
535983,1
535994,1
536000,2
536016,3
536034,0
536035,3
536039,2
536050,3
536058,0
536066,0
536086,0
536099,3
536135,1
536170,1
536212,2
536228,1
536229,1
536241,0
536275,0
536278,0
536313,3
536343,0
536387,0
536431,0
536467,3
536469,3
536474,2
536488,1
536489,0
536490,3
536532,0
536566,0
536574,0
536594,1
536604,0
536622,0
536641,0
536651,3
536652,3
536656,0
536658,0
536659,0
536672,3
536675,3
536691,0
536695,0
536763,0
536764,0
536782,0
536791,0
536810,0
536843,0
536876,3
536893,0
536951,0
536964,3
536995,3
537038,0
537066,0
537098,0
537121,1
537123,0
537177,0
537181,0
537212,1
537227,3
537289,0
537317,3
537373,3
537393,0
537400,1
537412,0
537413,0
537414,0
537470,1
537481,1
537507,0
537560,0
537580,3
537586,0
537595,0
537659,1
537671,0
537676,2
537688,0
537723,3
537725,3
537748,3
537770,0
537776,1
537795,1
537804,3
537818,3
537819,0
537834,3
537860,3
537861,0
537904,3
537922,0
537926,1
537975,1
538069,2
538074,0
538084,0
538108,1
538112,0
538131,0
538134,0
538139,3
538147,2
538167,0
538188,0
538197,0
538214,0
538216,0
538260,0
538270,3
538274,0
538279,0
538306,0
538319,3
538321,1
538331,0
538349,0
538350,2
538388,0
538413,2
538426,0
538432,0
538438,0
538441,2
538454,0
538457,3
538458,0
538463,1
538489,3
538511,1
538522,3
538529,0
538538,0
538608,0
538638,0
538641,2
538666,2
538677,0
538680,0
538681,3
538691,0
538696,1
538703,0
538714,0
538780,0
538788,3
538814,1
538883,3
538915,0
538919,1
538944,0
538976,0
539008,0
539010,0
539012,0
539093,0
539105,0
539135,0
539140,3
539146,3
539209,0
539221,0
539243,2
539267,0
539283,0
539300,0
539304,1
539307,1
539315,0
539317,0
539320,0
539337,3
539338,3
539384,3
539414,3
539426,0
539453,1
539460,0
539493,1
539510,0
539519,0
539528,2
539542,1
539558,0
539566,0
539611,0
539625,0
539627,0
539637,0
539648,0
539656,1
539669,3
539671,0
539710,2
539729,3
539782,1
539794,0
539855,0
539864,0
539866,1
539868,3
539883,0
539888,1
539899,1
539912,0
539916,0
539917,0
539919,2
539936,0
539953,3
539962,2
540014,0
540029,0
540043,1
540094,0
540138,1
540147,0
540150,3
540180,0
540199,0
540226,1
540244,3
540252,0
540253,0
540260,0
540302,0
540306,3
540308,0
540319,0
540347,3
540348,3
540413,3
540415,0
540444,0
540455,3
540475,3
540502,0
540527,0
540557,0
540572,0
540580,0
540597,0
540605,3
540614,2
540622,0
540642,1
540652,1
540653,1
540654,0
540656,0
540664,3
540666,3
540698,0
540708,3
540718,0
540733,3
540777,1
540819,2
540837,0
540857,1
540863,1
540924,1
540941,1
540966,1
540973,3
540974,3
541001,0
541034,1
541040,2
541041,3
541047,2
541061,1
541083,0
541084,0
541112,0
541132,1
541150,3
541162,2
541168,0
541176,0
541193,1
541216,3
541224,0
541235,0
541236,1
541240,3
541249,0
541259,0
541262,2
541282,2
541289,0
541326,0
541352,0
541357,0
541382,0
541389,3
541438,3
541454,0
541497,1
541505,0
541516,0
541539,1
541540,0
541612,0
541649,3
541672,0
541699,0
541700,0
541734,0
541735,1
541752,0
541764,0
541812,0
541878,3
541901,0
541906,2
541921,0
541923,0
541931,0
541939,0
541967,0
541972,0
541980,0
541988,1
541998,0
541999,1
542012,0
542015,0
542027,3
542036,0
542056,2
542059,0
542065,2
542080,0
542095,2
542142,2
542153,0
542189,3
542194,3
542196,1
542208,0
542230,0
542254,0
542267,1
542270,0
542277,3
542282,0
542303,0
542316,1
542326,3
542334,0
542358,3
542366,0
542383,0
542418,2
542451,3
542471,0
542482,1
542570,0
542585,0
542605,0
542638,1
542657,0
542658,3
542663,3
542670,0
542706,1
542752,0
542760,3
542767,0
542795,0
542796,0
542805,3
542812,1
542815,1
542825,3
542843,0
542850,3
542857,1
542874,2
542914,3
542918,3
542937,3
542965,1
542976,0
543008,2
543038,0
543052,0
543074,0
543075,0
543081,0
543114,0
543126,3
543165,0
543222,2
543237,0
543240,0
543271,0
543273,0
543304,0
543306,3
543327,0
543339,3
543352,0
543375,0
543385,0
543428,1
543437,3
543476,1
543497,0
543557,3
543559,0
543618,3
543620,1
543659,3
543660,1
543666,3
543668,3
543671,0
543694,0
543696,1
543713,3
543716,0
543723,1
543728,0
543778,0
543810,3
543816,1
543817,1
543826,0
543885,1
543900,0
543927,3
543928,3
543937,0
543952,0
543968,3
543976,2
544002,0
544008,3
544012,0
544015,3
544043,0
544163,0
544207,0
544254,0
544256,0
544271,0
544333,1
544364,1
544367,0
544391,0
544406,2
544414,0
544425,1
544444,0
544447,1
544449,0
544469,0
544472,1
544476,0
544480,3
544495,2
544497,1
544507,1
544513,0
544536,1
544549,0
544595,3
544604,0
544627,0
544640,0
544647,1
544680,0
544683,0
544685,2
544694,0
544698,1
544747,3
544749,0
544818,3
544839,0
544868,0
544926,0
545010,0
545011,0
545012,3
545063,1
545070,3
545089,2
545109,3
545115,0
545132,3
545208,0
545209,2
545226,0
545247,1
545249,0
545264,1
545272,0
545281,1
545290,0
545300,3
545317,0
545318,0
545327,3
545344,2
545345,3
545360,1
545375,3
545399,0
545404,2
545446,0
545465,0
545510,0
545518,2
545551,0
545577,0
545629,0
545633,3
545634,0
545652,0
545684,2
545736,2
545745,0
545748,0
545754,1
545755,0
545758,3
545763,2
545770,0
545771,0
545803,0
545805,0
545810,1
545848,1
545865,0
545879,2
545936,0
545939,0
545958,1
545981,3
546008,3
546050,0
546061,0
546064,0
546065,0
546072,0
546121,1
546127,0
546130,0
546131,2
546161,0
546164,2
546190,0
546224,0
546256,0
546280,2
546282,0
546307,2
546334,3
546395,2
546399,1
546419,2
546437,0
546462,1
546470,1
546485,0
546509,0
546529,2
546587,0
546612,3
546648,0
546664,3
546671,0
546679,3
546688,2
546702,0
546728,0
546740,0
546756,0
546774,0
546842,1
546844,0
546847,2
546857,1
546864,2
546867,0
546881,0
546882,3
546884,1
546888,2
546900,0
546937,1
546964,0
546972,0
547006,2
547007,3
547037,3
547070,0
547100,2
547130,2
547150,2
547164,2
547175,3
547180,0
547181,1
547201,1
547266,0
547301,1
547320,1
547325,0
547336,0
547342,3
547412,0
547453,3
547458,0
547459,0
547483,3
547512,0
547555,2
547559,3
547568,3
547594,2
547606,0
547613,0
547617,0
547663,0
547664,0
547693,2
547761,0
547776,0
547779,0
547792,0
547817,1
547823,0
547825,3
547834,1
547836,0
547857,0
547862,0
547878,2
547911,0
547938,1
547951,0
547966,0
547997,1
548006,3
548022,0
548032,0
548037,0
548040,3
548093,1
548109,0
548113,0
548120,0
548123,1
548185,1
548189,2
548190,3
548193,2
548222,0
548228,1
548230,0
548256,0
548258,0
548272,0
548307,0
548310,3
548391,0
548408,3
548422,2
548434,0
548448,1
548474,3
548488,3
548490,0
548504,3
548560,0
548568,0
548587,3
548635,0
548651,0
548653,0
548672,0
548708,0
548743,3
548853,0
548859,0
548872,1
548961,2
548967,0
548978,3
548988,0
548990,3
549058,3
549115,3
549116,0
549121,2
549141,1
549152,2
549154,0
549190,2
549202,0
549235,1
549251,3
549274,1
549281,3
549290,1
549292,0
549293,1
549303,3
549313,0
549320,1
549357,0
549359,3
549361,0
549366,1
549367,0
549377,0
549389,1
549390,3
549450,2
549466,0
549472,1
549482,0
549515,0
549569,0
549572,0
549579,0
549580,0
549584,0
549608,1
549611,0
549623,0
549631,0
549710,3
549714,0
549733,3
549746,0
549759,1
549764,0
549777,3
549797,3
549800,0
549850,0
549894,1
549938,2
549988,1
549992,3
550017,0
550019,3
550022,1
550028,1
550068,0
550071,3
550077,0
550105,3
550110,2
550134,0
550193,1
550200,0
550202,3
550221,0
550222,3
550229,3
550233,0
550298,1
550300,0
550317,0
550400,2
550421,0
550426,0
550442,3
550455,0
550459,0
550460,0
550482,1
550506,0
550514,2
550572,0
550579,0
550599,1
550627,1
550703,1
550711,3
550752,0
550754,0
550796,3
550804,0
550805,0
550830,2
550868,0
550871,0
550887,1
550904,0
550973,0
550985,0
551023,2
551032,3
551042,0
551051,1
551088,0
551116,0
551166,3
551210,1
551211,1
551217,3
551237,0
551241,3
551245,2
551278,0
551282,0
551331,0
551340,1
551359,0
551430,0
551431,1
551448,0
551468,0
551473,1
551486,1
551488,1
551501,1
551549,0
551560,3
551567,0
551576,3
551600,3
551615,1
551620,3
551622,2
551627,3
551662,0
551665,0
551671,1
551681,3
551685,0
551718,3
551729,3
551804,0
551834,0
551847,3
551890,3
551908,1
551914,0
551935,1
551963,3
551967,0
551978,3
551990,3
552036,0
552088,3
552165,1
552172,2
552192,3
552209,1
552302,1
552303,0
552313,0
552314,0
552345,0
552348,0
552363,3
552364,1
552366,0
552372,0
552384,0
552414,3
552432,0
552440,0
552473,0
552487,0
552506,1
552532,0
552535,0
552558,0
552573,3
552597,3
552598,0
552613,0
552623,3
552642,0
552643,0
552649,3
552653,2
552661,3
552726,1
552732,0
552734,0
552760,0
552763,0
552775,3
552809,3
552861,2
552904,0
552929,3
552944,0
552945,0
553017,0
553054,2
553139,0
553151,0
553208,1
553219,0
553220,2
553231,0
553245,3
553339,0
553361,0
553456,0
553533,0
553559,3
553568,0
553607,0
553631,1
553633,1
553645,0
553664,0
553690,1
553704,3
553743,1
553751,0
553754,0
553773,2
553783,3
553791,3
553805,0
553876,3
553901,0
553904,3
553938,2
553943,0
553955,0
553967,2
553984,0
553985,2
554026,0
554079,3
554141,0
554155,0
554163,0
554175,0
554202,3
554213,3
554217,3
554269,0
554284,3
554289,1
554299,1
554357,1
554413,0
554444,3
554450,1
554507,3
554532,0
554560,3
554609,0
554632,1
554670,0
554681,1
554724,1
554753,0
554801,0
554853,0
554866,1
554885,3
554922,0
554939,1
554949,1
554956,3
554961,0
555030,2
555058,3
555075,1
555083,0
555108,0
555135,0
555147,3
555151,3
555180,0
555186,0
555187,1
555191,0
555193,0
555203,1
555206,0
555250,3
555257,2
555275,0
555277,0
555299,0
555301,0
555310,2
555326,0
555334,1
555418,1
555428,0
555478,3
555484,0
555492,0
555499,0
555521,0
555563,0
555587,3
555600,0
555648,0
555656,1
555698,2
555710,0
555712,1
555751,0
555770,0
555773,2
555782,0
555784,3
555796,0
555818,1
555850,0
555852,0
555894,0
555934,3
555960,1
555990,1
555997,0
556015,0
556019,0
556043,1
556052,3
556067,0
556111,0
556119,0
556127,3
556138,3
556199,1
556214,0
556215,0
556268,0
556274,1
556314,0
556347,0
556391,0
556395,1
556417,1
556533,0
556579,2
556621,1
556622,0
556623,2
556647,0
556673,0
556714,3
556744,0
556824,0
556827,1
556830,1
556841,3
556887,0
556900,1
556904,0
556906,0
557005,0
557010,1
557033,0
557036,0
557055,0
557107,0
557108,3
557118,0
557134,0
557236,0
557248,1
557262,2
557282,0
557298,0
557307,0
557314,0
557343,0
557402,0
557449,3
557476,0
557492,3
557496,0
557508,3
557525,0
557562,0
557569,2
557643,0
557672,3
557692,0
557726,2
557762,2
557794,0
557799,1
557815,2
557834,2
557851,0
557875,0
557876,0
557879,2
557887,3
557921,0
557932,3
557956,0
557957,0
557963,2
557986,3
557992,1
558018,0
558019,0
558081,0
558114,2
558138,3
558147,1
558202,3
558204,0
558251,0
558270,0
558277,0
558294,3
558300,0
558362,0
558388,0
558394,0
558395,1
558437,0
558466,0
558489,3
558506,0
558513,0
558651,0
558659,0
558682,0
558774,0
558786,0
558838,0
558851,2
558852,1
558919,1
558920,0
558966,0
558987,0
558988,0
559068,3
559071,1
559093,0
559094,1
559107,0
559112,0
559146,3
559148,0
559164,0
559176,1
559194,0
559211,0
559226,0
559228,0
559266,0
559277,3
559324,0
559345,1
559368,0
559407,0
559432,3
559441,1
559461,1
559464,3
559465,1
559468,3
559469,0
559473,0
559520,3
559537,0
559547,1
559661,2
559695,2
559712,0
559758,1
559772,0
559775,0
559782,0
559787,0
559794,3
559832,1
559834,0
559846,0
559863,3
559901,3
559918,0
559936,2
559981,0
559995,0
560015,3
560035,0
560065,0
560078,0
560085,2
560090,3
560125,0
560175,3
560195,0
560213,0
560245,0
560257,1
560273,0
560279,1
560291,0
560341,0
560362,0
560367,0
560374,0
560433,1
560468,0
560478,0
560495,1
560497,0
560508,1
560511,0
560519,0
560529,1
560627,2
560672,3
560680,2
560723,1
560733,0
560739,2
560747,0
560796,0
560803,0
560854,3
560870,0
560888,0
560897,0
560915,3
560929,3
560948,1
560949,0
560978,3
560991,0
561013,0
561031,2
561033,0
561037,3
561044,1
561054,3
561156,1
561201,0
561243,0
561288,1
561326,3
561331,0
561333,1
561339,0
561353,0
561367,0
561386,0
561503,0
561519,1
561642,0
561652,0
561653,0
561665,0
561687,3
561699,3
561707,1
561710,0
561798,0
561837,0
561846,2
561864,0
561896,0
561908,2
561945,3
561950,2
561992,0
561994,0
562010,0
562032,1
562042,0
562108,0
562148,0
562161,3
562192,0
562209,3
562238,0
562275,2
562283,1
562315,0
562334,0
562338,0
562362,3
562398,0
562416,3
562417,0
562428,0
562490,0
562516,1
562529,0
562576,1
562585,0
562587,1
562612,2
562641,0
562648,0
562708,0
562814,1
562832,3
562843,0
562869,0
562886,0
562888,1
562894,0
563012,1
563021,0
563052,1
563059,2
563100,3
563148,2
563162,3
563165,0
563201,3
563221,0
563253,3
563254,3
563266,3
563315,0
563335,0
563340,0
563342,3
563343,0
563375,0
563410,0
563425,0
563482,0
563483,3
563489,0
563507,3
563544,0
563588,0
563592,3
563598,3
563679,1
563691,1
563711,2
563731,0
563735,0
563736,0
563740,3
563773,3
563787,0
563831,2
563853,2
563882,3
563896,2
563956,0
563974,1
563995,3
564052,0
564100,0
564101,2
564112,3
564182,0
564204,0
564219,0
564234,0
564252,0
564258,3
564306,0
564312,0
564364,0
564369,1
564377,3
564430,0
564434,1
564495,2
564498,1
564517,0
564534,0
564588,1
564593,3
564596,3
564604,3
564606,3
564616,0
564620,2
564699,3
564713,0
564736,0
564737,0
564792,0
564822,1
564842,3
564854,0
564962,0
565056,1
565070,0
565076,1
565109,3
565114,3
565131,3
565212,0
565240,1
565251,3
565265,2
565275,1
565280,3
565294,0
565301,0
565348,1
565365,0
565377,0
565387,3
565419,0
565459,3
565460,3
565464,0
565467,3
565487,1
565508,1
565510,0
565511,2
565514,0
565565,2
565573,0
565582,3
565601,1
565718,0
565755,3
565764,3
565768,3
565791,0
565826,1
565827,2
565841,0
565902,3
565910,3
565912,1
565915,3
565935,0
565949,3
566002,1
566008,3
566032,0
566044,2
566059,2
566061,0
566096,0
566097,1
566152,0
566173,0
566174,0
566196,0
566275,3
566279,0
566312,3
566336,0
566338,0
566366,3
566424,3
566432,0
566455,0
566456,1
566489,0
566533,2
566547,0
566592,1
566614,3
566625,0
566626,0
566650,0
566682,0
566702,0
566726,0
566735,0
566749,1
566762,0
566770,1
566787,0
566815,0
566861,0
566875,0
566881,0
566953,2
566964,3
566992,3
566996,1
566998,0
566999,2
567052,1
567061,3
567114,1
567172,0
567195,0
567211,0
567219,3
567243,3
567245,1
567256,0
567342,1
567390,1
567431,0
567432,0
567448,0
567458,3
567478,3
567518,0
567547,3
567548,0
567558,3
567563,0
567589,1
567643,0
567651,3
567682,3
567778,0
567824,1
567849,0
567885,0
567906,0
567943,1
567950,2
567961,3
568004,0
568013,0
568060,0
568064,0
568078,3
568086,1
568093,0
568101,0
568105,0
568121,0
568155,1
568167,3
568182,3
568258,1
568325,1
568371,3
568385,0
568416,3
568463,0
568486,0
568513,1
568536,1
568602,3
568605,2
568641,0
568696,0
568713,0
568716,0
568773,2
568790,0
568917,1
568931,2
568970,1
568984,1
569031,3
569082,0
569107,1
569150,0
569170,0
569180,0
569203,0
569236,0
569239,0
569243,3
569300,0
569335,1
569342,3
569364,0
569458,3
569466,0
569472,0
569530,0
569534,0
569572,0
569643,1
569733,0
569754,0
569779,0
569788,3
569792,3
569817,3
569829,0
569832,3
569863,0
569883,0
569920,3
569923,1
570021,3
570076,2
570144,0
570162,3
570215,0
570219,3
570224,3
570226,3
570242,1
570279,3
570291,0
570329,1
570330,0
570346,3
570369,3
570418,0
570436,0
570439,3
570600,0
570601,3
570625,3
570626,0
570631,0
570639,3
570654,3
570666,3
570683,0
570692,3
570693,0
570697,3
570713,0
570746,0
570750,2
570782,0
570821,0
570829,0
570837,0
570862,1
570928,0
570930,1
570945,0
570961,0
570988,0
571001,1
571015,3
571084,0
571200,0
571208,2
571233,0
571243,2
571251,1
571300,2
571348,0
571363,0
571429,0
571454,3
571523,0
571525,3
571553,0
571560,0
571561,1
571566,0
571580,3
571610,3
571637,0
571639,0
571643,3
571757,1
571819,0
571864,3
571876,0
571888,2
571913,3
571940,1
572106,1
572133,1
572154,1
572176,0
572214,1
572290,0
572396,0
572397,1
572428,0
572479,0
572489,2
572502,0
572529,0
572538,0
572554,0
572578,0
572591,0
572609,0
572632,0
572669,0
572728,0
572744,3
572826,0
572870,1
572898,0
572908,0
572932,1
572992,0
573010,2
573011,0
573040,0
573086,2
573122,0
573147,0
573153,2
573189,0
573191,2
573237,3
573244,3
573249,0
573291,0
573365,1
573373,0
573378,0
573379,0
573420,3
573423,1
573427,0
573493,0
573518,0
573564,3
573584,3
573588,0
573621,0
573648,2
573670,2
573698,2
573704,0
573719,1
573720,0
573792,0
573807,3
573841,0
573922,0
573926,1
573931,3
573939,0
573946,0
573988,0
574003,2
574071,0
574104,0
574116,1
574134,0
574150,0
574206,3
574279,0
574362,1
574409,2
574419,3
574440,0
574465,3
574467,0
574489,0
574493,3
574513,0
574603,0
574625,0
574680,0
574794,0
574840,0
574885,3
574909,0
574987,0
575051,0
575055,0
575092,1
575131,3
575208,0
575233,0
575253,0
575299,0
575419,0
575433,0
575459,0
575500,0
575528,0
575554,2
575561,0
575576,0
575677,0
575692,1
575711,0
575733,1
575756,2
575774,0
575809,0
575823,0
575868,0
575908,3
575923,0
575964,1
575971,0
576040,3
576103,2
576136,0
576159,3
576169,0
576231,3
576272,0
576357,3
576366,0
576369,0
576370,2
576373,0
576541,0
576612,3
576663,0
576668,1
576677,2
576691,0
576712,1
576765,2
576785,1
576833,0
576846,1
576849,2
576879,3
576922,1
576945,0
576962,1
576966,0
576985,0
577007,0
577044,0
577046,0
577074,0
577089,0
577115,3
577145,0
577180,0
577208,0
577215,3
577216,0
577225,0
577255,0
577287,2
577356,0
577381,1
577386,0
577410,3
577534,1
577539,3
577541,2
577598,2
577617,3
577625,0
577626,0
577638,3
577643,1
577667,1
577682,1
577851,2
577901,2
577915,0
577921,3
577930,0
577944,1
577984,0
578058,3
578088,0
578120,0
578164,0
578396,0
578459,0
578488,0
578503,0
578511,0
578549,0
578607,0
578824,3
578866,1
578872,3
578886,1
578892,3
578929,3
578938,0
578947,0
578993,3
579021,3
579040,1
579065,0
579230,1
579275,2
579307,0
579323,3
579404,3
579503,1
579547,0
579589,0
579707,0
579714,1
579783,1
579792,0
579804,0
579829,0
579846,1
579950,3
579971,1
579999,1
580026,1
580077,3
580211,0
580212,0
580402,0
580460,0
580515,0
580578,0
580611,3
580622,1
580626,0
580658,0
580895,1
580902,0
580944,0
580971,0
581005,0
581085,2
581086,0
581091,3
581110,1
581111,0
581120,2
581239,3
581269,0
581307,3
581343,2
581365,3
581385,1
581388,3
581409,0
581412,0
581438,0
581461,1
581491,2
581527,3
581577,3
581595,1
581666,0
581679,2
581685,0
581721,0
581729,2
581770,0
581835,0
581858,0
581901,0
582002,1
582011,0
582038,3
582190,1
582227,3
582241,1
582254,0
582319,0
582320,0
582326,0
582333,0
582343,3
582446,2
582482,0
582484,0
582577,0
582586,1
582636,0
582664,0
582723,0
582729,1
582768,0
582785,0
582796,1
582801,2
582828,3
582833,0
582903,2
582979,0
582995,0
583016,0
583023,0
583038,0
583052,0
583070,3
583087,0
583120,2
583134,3
583166,2
583190,1
583200,0
583297,0
583335,3
583336,3
583342,1
583446,3
583454,3
583483,3
583486,0
583490,1
583499,0
583526,3
583612,0
583623,0
583664,0
583759,3
583764,0
583931,0
583955,1
583976,0
584001,1
584012,0
584030,0
584034,0
584115,2
584134,0
584185,0
584217,1
584241,1
584247,0
584288,3
584423,3
584459,3
584525,0
584530,0
584531,0
584537,0
584549,2
584591,0
584666,0
584787,2
584843,2
584844,0
584875,0
584912,3
584977,0
584998,0
585138,1
585169,1
585187,0
585231,1
585248,0
585250,1
585310,3
585361,1
585492,0
585522,1
585583,3
585585,0
585595,0
585650,2
585717,3
585722,3
585745,0
585768,0
585832,0
585882,0
585915,0
585946,0
585965,0
585986,0
586006,0
586038,3
586063,2
586077,0
586096,0
586122,0
586124,0
586192,2
586251,2
586257,1
586270,3
586272,2
586312,0
586344,1
586357,1
586384,3
586458,1
586471,0
586631,3
586637,0
586644,0
586656,0
586672,3
586701,0
586721,2
586732,3
586762,3
586774,0
586803,1
586811,0
586820,0
586829,1
586850,0
586876,3
586887,0
586936,0
586953,0
587134,0
587195,0
587233,1
587234,2
587304,0
587313,3
587373,0
587459,0
587470,0
587483,0
587538,0
587577,0
587601,1
587642,1
587675,2
587698,3
587753,1
587754,2
587802,0
587810,0
587899,3
588013,3
588048,0
588103,0
588313,3
588355,0
588370,0
588386,3
588391,0
588414,0
588497,3
588507,0
588526,1
588560,1
588582,0
588677,3
588732,3
588797,2
588820,0
588893,0
588919,0
588970,3
589008,1
589121,3
589140,3
589154,3
589162,0
589164,0
589171,3
589228,2
589259,3
589306,0
589311,0
589404,2
589405,0
589414,0
589489,0
589539,1
589630,0
589650,0
589758,0
589775,0
589812,0
589822,1
589868,0
589884,3
589977,0
589995,0
590014,1
590040,0
590077,2
590095,3
590103,0
590123,0
590130,0
590163,0
590202,0
590227,0
590230,2
590379,0
590394,0
590397,1
590400,0
590404,0
590412,0
590420,2
590429,0
590434,0
590442,0
590468,1
590471,0
590473,1
590558,3
590659,1
590697,0
590744,3
590829,0
590843,1
590905,0
590922,0
590954,0
590967,0
590981,0
591003,0
591063,2
591097,0
591155,0
591255,3
591271,1
591328,1
591381,3
591433,3
591478,1
591582,2
591593,3
591599,0
591714,0
591746,0
591835,1
591888,0
592035,2
592079,1
592082,0
592118,1
592132,3
592158,0
592221,3
592366,3
592371,0
592372,3
592378,1
592399,3
592403,2
592445,3
592491,0
592598,0
592707,3
592792,0
592833,0
592886,0
592929,0
592958,1
593020,3
593047,1
593244,3
593350,0
593385,0
593386,3
593398,1
593401,0
593494,0
593536,0
593632,0
593672,3
593719,3
593786,2
593804,1
593833,2
593910,0
594000,1
594027,3
594042,3
594103,3
594123,0
594146,1
594188,0
594238,0
594240,0
594406,3
594410,1
594446,3
594449,0
594503,1
594516,1
594601,3
594644,0
594695,0
594737,3
594824,2
594875,1
594892,0
594914,0
594948,0
594985,0
595026,0
595087,0
595122,0
595123,2
595126,3
595171,3
595183,2
595184,0
595257,0
595283,1
595284,0
595386,0
595414,0
595431,3
595442,0
595506,1
595527,3
595587,0
595624,3
595626,0
595690,1
595740,0
595852,0
595861,0
595897,1
595958,2
596103,3
596153,0
596186,3
596220,0
596222,0
596320,1
596329,1
596335,0
596349,1
596361,3
596409,0
596442,1
596505,0
596559,1
596611,1
596732,0
596820,3
596856,3
596863,2
597003,0
597010,0
597029,0
597300,3
597410,0
597434,2
597498,0
597510,0
597662,1
597734,0
597836,0
597878,0
597946,0
597948,1
597954,0
597955,1
598069,3
598075,3
598185,3
598233,0
598265,0
598276,0
598306,0
598526,1
598533,2
598590,0
598687,0
598691,3
598692,3
598715,3
598832,1
598881,0
598911,3
598945,3
599065,2
599239,0
599244,1
599311,0
599335,0
599348,0
599437,0
599454,2
599649,2
599651,1
599657,0
599765,0
599790,1
599833,0
599909,1
599927,0
599999,1
600011,0
600018,3
600057,3
600078,0
600163,1
600265,3
600287,0
600304,0
600351,0
600395,0
600444,0
600515,2
600561,3
600605,0
600648,0
600690,0
600750,0
600796,1
600833,1
600842,2
600886,0
600926,0
600930,0
601094,1
601104,0
601116,3
601158,3
601282,0
601582,0
601673,0
601882,0
601894,3
601917,3
602120,0
602190,0
602323,1
602433,0
602476,3
602478,1
602598,3
602656,0
602734,2
602748,0
602769,2
602793,3
602827,0
602918,1
602921,0
602925,0
602946,0
602953,2
602962,0
603033,2
603053,0
603100,1
603160,3
603221,1
603278,3
603296,0
603341,1
603345,0
603440,2
603515,3
603592,2
603635,2
603715,0
603809,0
603875,0
603883,0
604136,1
604355,3
604388,3
604592,1
604617,1
604664,1
604688,2
604804,0
604840,3
604916,1
604982,0
605004,0
605096,0
605136,1
605308,1
605311,0
605439,0
605494,0
605558,3
605578,1
605607,0
605615,2
605619,0
605776,3
605780,0
605878,0
605943,1
605945,0
606041,0
606060,0
606094,0
606161,0
606283,0
606290,3
606333,0
606362,0
606456,1
606568,0
606635,0
606648,3
606762,0
606862,0
606930,2
607017,0
607028,0
607152,2
607197,2
607270,0
607280,3
607350,3
607524,1
607626,1
607706,1
607799,3
607931,3
607949,1
607998,0
608039,3
608086,2
608287,0
608296,0
608343,2
608478,0
608520,0
608521,0
608629,3
608725,0
608727,0
608764,0
608786,1
608820,0
608823,3
608860,0
608866,0
608970,1
609051,0
609102,0
609167,0
609221,1
609228,0
609230,3
609236,0
609240,0
609243,3
609262,3
609393,2
609413,0
609673,0
609683,2
609720,2
609763,1
609800,0
609817,0
609838,2
609868,0
610144,0
610226,0
610280,1
610294,0
610306,0
610338,2
610395,0
610474,0
610482,3
610492,2
610530,1
610670,3
610763,3
610793,3
610806,0
610905,1
610909,0
611031,1
611065,0
611087,0
611126,0
611177,0
611251,0
611350,3
611371,3
611583,3
611839,3
611852,0
611887,3
611954,0
612002,2
612128,0
612175,3
612220,2
612226,1
612236,0
612562,2
612685,0
612797,0
612812,1
612976,1
613164,3
613252,1
613275,0
613383,0
613386,1
613442,3
613655,0
613874,0
613921,3
613941,2
614033,0
614092,1
614111,3
614165,3
614311,2
614412,0
614549,3
614595,2
614632,1
614668,0
614748,2
614793,1
614814,1
614828,0
614846,1
614918,0
614933,0
615006,0
615266,0
615307,0
615489,2
615544,1
615674,1
615749,0
615783,3
615881,1
615922,1
616086,1
616125,3
616222,0
616461,3
616470,3
616491,0
616518,0
616692,1
616715,0
616718,2
616734,1
616752,3
616789,1
616795,0
616802,2
616950,1
616992,2
617052,0
617125,0
617199,0
617402,2
617407,0
617458,3
617506,0
617606,1
617743,0
617878,3
617964,1
617990,1
617994,0
618063,2
618088,0
618157,2
618181,0
618201,0
618230,1
618266,2
618308,0
618343,1
618392,1
618418,0
618429,0
618535,3
618642,1
618664,1
618759,1
618780,3
618815,1
618881,0
619079,2
619109,0
619218,0
619321,0
619362,0
619432,3
619520,3
619615,0
619918,3
619938,1
619971,1
619983,1
619988,1
620033,2
620274,0
620300,0
620382,3
620394,3
620453,0
620690,1
620719,1
620884,2
620972,0
620991,3
621072,0
621081,0
621085,1
621113,1
621150,1
621291,0
621552,1
621607,3
621665,2
621811,0
621849,0
621922,3
622149,0
622248,3
622293,3
622343,2
622418,2
622464,0
622708,0
622813,0
623043,0
623077,3
623087,0
623142,0
623417,1
623691,3
623750,0
623815,3
623850,0
623935,1
623941,0
623949,0
623972,0
624198,0
624215,0
624258,0
624497,2
624593,0
624636,0
624762,0
624913,0
625030,0
625089,3
625398,3
625400,0
625555,2
625597,1
625700,1
625703,3
625984,0
626037,1
626067,1
626114,1
626249,1
626318,0
626329,0
626519,0
626520,0
626558,1
626587,1
626645,0
626986,0
627041,0
627158,0
627176,2
627436,0
627451,0
627475,1
627518,3
627617,1
627729,1
627889,0
627893,3
627972,3
628023,0
628033,3
628570,0
628653,0
628671,3
628694,0
628752,0
628762,1
629345,1
629647,3
629701,3
629725,0
629747,1
629803,0
629812,2
629877,0
629952,0
630039,0
630097,0
630176,0
630178,0
630267,3
630607,1
630609,3
630694,0
630738,0
630992,1
631174,3
631201,3
631319,0
631384,1
631388,1
631448,1
631477,0
631787,2
631872,1
631970,0
631975,1
631993,0
632136,2
632239,0
632316,0
632425,0
632461,0
632475,2
632631,0
632665,3
632749,3
632866,1
632965,0
632988,0
633183,0
633195,3
633235,1
633314,3
633406,1
633725,2
633972,1
634130,0
634601,1
634739,1
634795,0
634824,3
635249,0
635300,0
635303,0
635375,1
635442,0
635576,0
635587,0
635666,2
635790,0
635861,3
635949,0
636078,0
636102,0
636251,1
636520,0
636524,0
636526,0
636739,3
636873,0
636874,0
636966,3
637075,0
637086,0
637421,3
637457,0
637555,1
637633,3
637687,0
638140,0
638162,3
638237,1
638565,0
638576,3
638580,1
638598,3
638600,1
638874,0
639009,3
639168,0
639458,0
639510,0
639554,3
639571,0
639894,0
640451,1
640580,0
640649,0
640689,2
640715,0
640849,0
640867,2
640968,0
641012,3
641102,0
641106,0
641310,0
641364,3
641529,1
641537,0
642215,1
642344,0
642364,1
642553,2
642578,0
642679,0
642786,0
642820,0
643324,1
643344,1
643359,3
643469,0
643645,0
643714,2
643929,0
644438,1
644467,3
644639,1
644784,3
644870,0
645022,1
645047,2
645168,3
645415,3
645488,1
645664,1
645685,0
645933,3
645939,2
646127,1
646197,1
646257,3
646259,1
646405,3
646424,2
646455,0
646933,3
646937,0
647016,1
647555,0
647597,1
647638,1
647662,2
647674,3
647804,0
647862,1
648201,1
648379,0
648852,0
648983,3
648990,0
649080,3
649081,0
649208,3
649378,0
649935,1
650049,3
650055,3
650079,0
650606,1
650901,3
651018,1
651030,3
651193,0
651201,0
651269,0
651274,1
651390,3
651491,2
651613,0
651675,0
651744,2
651805,0
651818,0
651828,0
651941,1
651960,1
652003,1
652040,0
652190,1
652359,0
652416,0
652527,3
652737,3
653197,1
653228,1
653281,0
653332,0
653640,3
653724,0
653838,2
653852,0
654233,0
654259,0
654395,0
654687,0
654913,3
655022,1
655051,3
655166,2
655300,0
655499,0
656150,0
656346,0
656422,3
656471,2
656560,0
656626,1
656708,0
656850,1
656873,0
656920,1
657122,0
657343,2
657514,1
657591,3
657629,3
657796,0
658234,1
658528,0
658774,1
659128,0
659161,0
659162,0
659360,2
659664,0
659744,0
659832,0
660110,3
660821,1
660894,1
660903,1
660959,1
661614,1
661639,3
661697,0
661930,1
662010,0
662535,0
662596,2
662750,1
663017,0
663376,0
663565,0
664084,3
664119,1
664401,2
664405,2
664617,1
664663,3
664998,0
665329,0
665397,0
665505,3
665593,0
665676,3
665746,2
665887,0
665892,3
665980,1
666049,3
666174,2
666292,2
666718,0
666942,1
667299,1
667536,3
667643,1
667718,2
667916,0
667929,1
667981,0
668083,1
668172,3
668677,3
668776,3
669140,1
669155,1
669329,2
669348,0
669356,0
669449,2
670471,0
670626,0
670971,0
671066,0
671151,2
671367,3
671368,0
671975,0
671999,2
672009,0
672112,0
672468,3
673076,3
673286,1
673874,0
674375,0
675053,0
675201,0
675594,3
676043,1
676373,3
676570,2
676707,1
676762,0
677209,0
677842,1
677896,0
678536,1
678547,1
678888,0
679040,0
679047,3
679066,0
679442,0
679611,3
679831,2
680424,0
680735,0
681050,0
681581,0
681720,0
682005,1
682247,3
683014,0
683663,1
683976,1
683978,0
684510,3
684521,3
684543,0
684764,3
684806,3
685594,0
685604,0
685958,1
686165,0
686408,0
686445,1
686509,2
686915,1
686920,0
688312,1
688600,3
689037,3
689374,0
689456,1
689624,3
689984,3
690420,2
690422,0
691334,0
691541,2
691546,0
692211,2
692510,0
693301,0
693729,3
693765,0
694265,2
695011,3
695094,0
695132,0
695307,0
695557,3
696475,0
697072,2
698291,3
698573,3
699040,1
699411,2
700028,3
700237,2
700289,1
700666,1
701565,0
702595,0
702877,3
703333,0
704652,0
704870,0
705215,3
705310,0
705984,1
707260,0
707402,1
707525,0
708887,1
709630,2
710489,3
710523,1
711391,0
713557,0
714166,0
714420,0
714504,0
714565,0
715059,0
716337,3
716801,2
717149,3
717546,0
720819,0
720860,3
721496,0
721552,3
721570,2
722828,3
722939,0
724581,0
725357,1
726953,0
727886,2
728820,2
730639,1
732729,0
733654,2
734565,0
735029,0
736075,2
736833,1
739139,1
739518,0
739734,1
741190,1
741773,0
741902,0
742639,0
743151,1
745292,0
746934,1
748759,1
750982,0
751545,0
752933,2
756030,3
756434,0
757930,0
760304,3
760793,0
763129,2
763792,1
765745,1
767426,3
768291,0
770252,2
774666,0
777366,0
777846,0
780167,0
785107,0
785186,0
792549,0
796032,2
801660,0
811077,0
844489,1
