user_id,cluster_gmm
23557,0
94883,2
101486,3
101961,2
106907,3
118043,3
120851,3
125845,2
133058,0
149058,3
152583,1
153982,3
160754,3
164522,2
167852,0
171470,0
174997,1
175032,1
181157,2
182191,0
187212,3
189676,3
190866,1
195192,1
204943,2
204997,2
205044,3
206011,3
216796,1
217114,0
217136,3
220725,2
224996,3
226367,2
228195,0
228872,1
229009,1
229108,0
229330,2
232647,0
249521,3
252835,3
258451,1
264470,3
276512,3
281952,1
283325,2
290123,2
297546,2
298253,0
299476,2
306165,0
306819,3
312488,1
313724,2
316527,3
317688,3
322867,2
324191,2
328590,2
330764,2
330893,3
331039,3
334787,2
337227,0
338086,3
340166,0
343928,2
347778,2
348817,1
348863,0
349132,2
350648,1
353271,3
353694,3
354050,2
354260,2
354311,2
354950,2
356046,1
357737,3
359072,3
359080,2
359653,2
361459,3
361759,2
363535,1
365825,2
371201,0
372970,1
373489,1
374331,2
374340,0
374341,1
375160,0
375729,2
375751,2
376159,2
377069,0
377411,1
378565,3
379543,2
380434,3
380436,2
380757,3
380874,2
380949,2
381259,1
381465,1
382181,1
382384,2
382533,0
385689,3
386255,0
386469,0
386914,3
387282,0
387783,3
388328,3
388767,3
388947,2
389434,2
389662,2
389759,3
390811,2
392453,2
395202,0
395981,2
396552,2
399137,2
399218,3
399799,2
400275,3
400582,1
400899,2
401245,1
402332,1
402978,2
403881,2
404879,2
405305,3
406210,1
407118,2
407250,1
407275,2
407434,0
407642,1
408551,3
409073,2
411179,2
411701,2
413128,1
413340,3
413418,2
413658,3
414128,1
415282,3
415381,2
415581,2
416319,2
416580,2
417679,1
418329,3
418488,1
418692,2
420648,3
420669,3
421247,3
421515,1
421666,3
421700,3
421870,3
422066,3
422668,0
423042,3
423413,0
424553,2
425632,2
425653,0
425953,1
425966,2
426478,1
427426,1
427506,3
428056,1
428552,1
428858,1
429345,0
429375,1
430722,1
431144,2
431337,1
431602,1
431746,2
431899,2
431912,0
432333,3
432637,3
432941,2
433080,2
433339,3
433905,0
434238,3
434623,1
435231,1
435596,2
435669,3
435837,0
435882,2
436320,3
436894,2
437069,2
437162,1
437251,2
437539,2
437549,2
438189,1
438406,2
438551,3
438596,1
438839,3
438937,1
438985,1
438995,0
439052,2
439120,2
439363,2
440212,3
440655,3
441200,3
441205,0
441448,3
441457,2
441982,2
442484,2
442718,3
442812,0
442819,2
442833,2
443305,1
443453,1
443598,2
443652,1
444387,2
444885,1
445351,3
445515,2
446124,2
446138,2
446473,2
446933,2
447053,3
447591,1
447737,2
447951,2
448025,1
448154,2
448295,2
448467,0
448564,2
449033,2
449326,2
449619,1
449804,2
449980,1
450164,1
450193,1
450305,2
450615,2
451291,2
451674,0
452034,2
452532,1
452594,3
452612,3
453143,2
453168,2
454264,0
454430,1
454616,2
454661,2
454920,1
454934,2
454955,2
456226,2
456318,1
456663,3
456671,1
457468,2
457599,2
457967,0
458479,2
458688,2
458725,0
458762,3
458814,1
458855,3
458919,1
459229,2
459486,1
459645,1
460072,2
460181,2
460553,3
460625,3
461559,1
461744,1
461791,3
462127,2
462456,3
462894,0
463652,1
463698,1
463783,2
463867,1
463910,2
464080,2
464160,3
464239,2
464542,3
464597,0
464614,1
464673,3
464782,3
464855,3
465138,1
465343,3
465531,1
465568,0
465731,2
466205,3
466342,0
466723,2
467007,3
467092,1
467339,3
467809,3
467892,1
468106,2
468370,1
468409,2
468666,3
468801,3
468808,3
468832,1
469237,0
469418,0
469440,3
469464,2
469699,3
469767,2
469824,2
471077,2
471161,2
471186,2
471500,3
471565,3
471649,0
471687,2
471717,3
471935,2
471946,0
471973,0
472394,2
472446,1
472614,2
472713,3
472785,2
472966,1
473332,2
473343,2
473402,2
473467,2
473568,3
473712,2
473847,3
474007,1
474120,3
474239,0
474261,1
474278,0
474384,2
474464,2
474546,2
474951,1
474980,2
475060,1
475130,3
475467,1
475531,1
476081,3
476104,3
476124,1
476173,0
476270,2
476393,2
476436,3
476535,3
476665,2
476693,1
476714,2
476742,0
476916,0
476956,1
477285,2
477316,2
477597,3
477730,2
477805,0
478003,2
478146,2
478188,1
478228,1
478291,3
478533,2
478585,2
478760,1
478801,2
478834,0
479071,1
479078,1
479101,3
479254,2
479524,1
479785,0
480186,0
480313,2
480331,2
480690,2
480796,3
480877,2
480895,2
480975,0
481050,3
481245,2
481292,1
481358,0
481554,2
481622,2
481772,0
481781,0
482264,3
482335,0
482424,2
482548,3
482602,2
482621,3
482630,1
482744,2
482811,0
483224,2
483237,1
483345,3
483480,3
483483,3
483525,3
483603,2
483928,2
483982,1
484249,2
484342,0
484418,1
484987,2
485149,2
485260,3
485393,1
485505,1
485518,0
485536,0
485544,2
485591,2
485658,1
485780,3
485785,1
485891,3
485894,3
486046,0
486113,2
486191,0
486261,1
486268,0
486270,1
486366,2
486447,0
486454,3
486605,1
486671,3
486751,2
486823,1
487002,1
487036,3
487040,3
487101,2
487276,2
487352,1
487453,2
487637,3
487680,3
487715,2
487858,2
487954,2
488009,2
488099,0
488246,0
488314,2
488410,3
488430,0
488462,2
488480,2
488511,2
488529,3
488539,0
488672,2
488827,1
488865,1
488870,3
488918,2
488974,2
489096,2
489131,0
489575,3
489635,2
489661,0
489730,2
489785,3
489786,0
489802,2
489844,3
489852,2
489949,3
489953,3
489992,1
490040,2
490107,1
490133,3
490201,3
490348,1
490358,3
490517,3
490576,2
490608,1
490629,3
490671,3
491003,3
491124,2
491141,2
491175,3
491182,2
491241,3
491266,2
491559,2
491597,2
491617,2
491706,2
491772,2
491925,2
491930,2
491995,1
492209,2
492211,1
492287,1
492371,2
492497,0
492614,0
492999,1
493177,2
493409,1
493476,3
493718,3
494294,2
494374,2
494382,3
494441,0
494463,3
494484,1
494590,1
494630,0
494680,1
494704,2
494985,2
495029,2
495042,2
495080,1
495272,1
495273,1
495386,3
495482,1
495592,0
495603,1
495727,2
496016,2
496074,0
496273,2
496286,2
496332,2
496382,2
496408,2
496566,2
496899,1
496972,1
497042,3
497077,2
497108,2
497225,2
497475,2
497615,3
497678,2
497680,3
497829,3
497915,2
498154,2
498199,2
498287,2
498298,1
498357,2
498363,2
498500,3
498574,1
498607,2
498665,1
498857,1
498931,3
499028,1
499038,1
499252,2
499313,2
499366,2
499375,2
499379,2
499461,2
499475,1
499633,1
499634,3
499659,0
499669,3
499751,2
499760,0
499780,0
499810,2
499847,3
499969,0
499979,2
499990,1
500078,2
500196,2
500243,1
500257,2
500288,0
500299,0
500493,3
500532,0
500646,2
500745,1
500773,1
500791,0
500828,2
500972,3
500974,2
501087,2
501125,3
501184,3
501322,3
501344,0
501436,1
501512,3
501708,0
501735,1
501764,2
501780,0
501794,2
501817,2
501830,3
501897,0
501947,3
502063,2
502145,2
502210,2
502212,1
502353,2
502412,3
502435,3
502444,1
502609,2
502626,3
502799,2
502819,0
502826,3
502847,2
502850,0
502875,3
502995,0
503042,1
503049,0
503058,1
503126,0
503161,0
503277,2
503342,2
503418,2
503483,0
503621,2
503760,2
503773,0
503918,0
503928,3
503945,2
503973,2
504081,3
504133,2
504240,2
504299,3
504320,1
504371,3
504435,2
504473,1
504579,0
504610,2
504665,1
504669,2
504786,3
504859,3
504892,1
504916,3
504936,2
504945,2
505062,3
505066,0
505172,3
505230,2
505285,3
505289,1
505358,1
505414,2
505498,3
505617,3
505667,2
505680,2
505713,2
505747,1
505771,3
505854,2
505916,1
505933,2
505941,3
506013,2
506130,2
506186,1
506234,1
506250,3
506347,0
506427,3
506611,2
506652,3
506675,3
506704,2
506777,2
506807,2
506828,1
506837,3
506858,3
506990,0
507036,1
507133,1
507207,0
507273,1
507376,1
507395,3
507431,1
507435,3
507505,3
507513,0
507531,0
507557,3
507573,2
507617,2
507728,3
507732,2
507753,3
507759,2
507773,2
507805,3
508050,2
508096,2
508111,3
508144,1
508153,1
508240,1
508360,1
508367,2
508497,1
508512,0
508546,1
508611,0
508625,2
508693,2
508713,1
508731,2
508829,1
508848,3
508849,1
508856,0
508857,2
508860,1
508866,1
508877,3
508891,0
508892,1
508901,3
508912,2
508917,0
508923,3
508938,2
508940,2
508944,2
508946,1
508964,0
508973,1
509001,0
509024,1
509036,3
509052,0
509061,3
509069,2
509098,2
509115,1
509119,1
509157,3
509160,3
509162,0
509202,3
509221,2
509242,2
509272,0
509278,2
509282,1
509302,3
509316,2
509324,2
509341,1
509346,3
509353,1
509354,2
509359,2
509402,0
509411,2
509413,2
509414,1
509419,2
509421,3
509435,2
509445,2
509453,2
509454,3
509459,0
509467,1
509498,2
509515,3
509516,2
509530,3
509552,0
509598,2
509603,1
509626,3
509635,1
509638,0
509645,2
509681,3
509712,1
509713,3
509717,2
509749,2
509763,2
509765,1
509781,0
509822,2
509826,3
509841,3
509855,0
509876,0
509892,0
509903,2
509919,2
509924,0
509933,3
509969,0
509990,2
510003,3
510022,3
510044,2
510048,3
510061,3
510067,3
510070,3
510078,1
510079,1
510081,2
510090,2
510093,2
510094,2
510104,3
510108,2
510112,2
510114,2
510134,2
510155,3
510156,2
510163,3
510164,3
510170,1
510172,1
510179,2
510185,2
510188,1
510195,2
510198,1
510213,3
510215,1
510219,2
510227,1
510238,3
510239,3
510243,2
510257,2
510270,0
510283,0
510315,2
510316,0
510326,2
510328,1
510343,3
510356,2
510365,2
510369,2
510379,0
510393,2
510418,0
510423,0
510449,3
510452,2
510459,1
510490,0
510494,2
510511,2
510533,1
510537,3
510543,0
510545,0
510558,3
510570,2
510571,1
510575,0
510580,2
510582,1
510585,1
510586,1
510610,1
510618,3
510676,3
510686,1
510694,2
510700,2
510707,3
510719,0
510733,3
510754,2
510779,2
510805,2
510815,3
510822,2
510828,0
510836,2
510841,1
510890,1
510899,2
510944,3
510946,2
510953,2
510960,2
510961,2
510972,3
511017,2
511055,1
511066,1
511093,3
511122,2
511125,3
511126,1
511140,2
511142,3
511145,3
511148,3
511160,2
511178,1
511195,2
511208,1
511219,0
511223,3
511238,0
511260,3
511298,1
511314,1
511326,2
511328,3
511331,3
511364,3
511377,0
511379,2
511397,3
511398,2
511399,3
511418,3
511424,2
511433,2
511440,2
511455,1
511469,2
511489,2
511502,3
511504,1
511535,3
511542,2
511549,3
511552,0
511554,2
511560,3
511567,1
511568,0
511570,3
511577,2
511578,3
511587,3
511589,0
511608,0
511609,2
511613,2
511638,3
511665,3
511666,2
511677,2
511680,1
511697,2
511712,1
511726,3
511739,2
511757,0
511762,2
511764,3
511772,1
511778,1
511783,2
511784,1
511800,2
511803,3
511805,2
511809,2
511811,1
511821,0
511827,2
511851,2
511859,1
511860,3
511862,2
511878,0
511884,2
511902,3
511910,0
511916,3
511923,2
511936,1
511943,3
511977,2
511989,0
511996,3
511998,2
512009,3
512010,3
512016,0
512024,1
512028,2
512060,2
512063,2
512069,3
512078,1
512099,1
512103,3
512144,0
512147,2
512148,0
512163,2
512173,2
512190,0
512193,3
512197,1
512201,2
512204,2
512243,3
512249,0
512266,2
512271,1
512283,2
512289,2
512294,3
512295,2
512301,2
512302,3
512303,3
512305,0
512322,2
512329,1
512362,1
512377,3
512392,2
512397,0
512402,3
512416,0
512418,3
512419,3
512440,1
512443,3
512447,1
512463,1
512495,2
512529,0
512536,3
512552,2
512556,2
512558,2
512587,1
512589,2
512596,2
512598,1
512610,2
512623,0
512628,1
512631,2
512655,2
512671,2
512677,0
512680,3
512691,3
512693,1
512695,2
512696,1
512704,0
512706,3
512780,2
512786,2
512787,2
512791,3
512801,2
512826,2
512831,2
512835,2
512846,3
512848,1
512880,2
512887,2
512888,1
512900,1
512904,2
512922,3
512928,1
512943,3
512945,1
512974,0
512976,1
512984,2
512999,1
513004,2
513005,1
513006,2
513026,2
513030,2
513031,3
513058,3
513089,2
513090,1
513091,0
513093,2
513096,3
513103,3
513126,1
513138,0
513164,2
513206,0
513216,1
513220,2
513221,1
513227,2
513233,3
513236,3
513237,3
513241,0
513242,1
513259,2
513261,0
513289,1
513296,1
513317,0
513322,2
513338,2
513339,1
513345,0
513347,3
513366,2
513381,3
513387,3
513397,2
513402,3
513408,3
513422,2
513425,0
513438,3
513441,0
513470,0
513495,1
513497,2
513509,0
513543,3
513546,0
513555,2
513568,2
513569,1
513582,2
513602,0
513611,2
513613,2
513620,1
513625,3
513627,2
513628,2
513638,3
513659,2
513661,0
513683,2
513714,0
513721,2
513742,0
513761,2
513776,2
513787,2
513791,2
513796,2
513800,0
513807,3
513823,0
513826,2
513844,1
513853,3
513856,1
513860,2
513869,3
513875,3
513917,3
513926,1
513933,2
513953,2
513956,1
513964,2
513967,1
513995,3
514002,2
514003,1
514021,0
514023,3
514053,3
514071,2
514076,3
514113,1
514132,3
514133,2
514164,2
514167,2
514206,1
514208,3
514210,2
514215,2
514235,3
514261,1
514275,1
514289,0
514300,2
514315,1
514318,3
514324,2
514337,2
514342,2
514344,2
514370,2
514384,2
514395,2
514457,2
514460,1
514461,3
514501,0
514503,0
514515,2
514526,3
514551,0
514586,2
514589,2
514617,3
514623,3
514627,2
514638,3
514639,0
514642,0
514660,3
514675,2
514682,2
514684,0
514689,3
514737,3
514785,2
514810,3
514830,2
514867,3
514876,0
514892,2
514893,0
514899,3
514925,1
514926,1
514931,0
514944,3
514951,3
514953,2
514980,2
514981,2
515004,3
515013,2
515020,1
515030,1
515051,2
515058,2
515060,2
515085,3
515103,3
515124,2
515131,2
515139,1
515161,3
515168,0
515182,2
515198,0
515200,1
515202,0
515205,2
515229,3
515240,0
515243,2
515258,1
515271,3
515274,1
515306,2
515330,2
515344,2
515398,3
515409,3
515421,2
515423,2
515436,0
515478,3
515490,3
515502,0
515514,0
515516,0
515523,1
515529,3
515530,0
515565,3
515578,1
515580,2
515586,2
515610,3
515634,0
515639,2
515645,1
515666,2
515675,1
515684,2
515688,3
515694,2
515713,2
515727,2
515735,3
515739,2
515751,3
515764,3
515778,2
515802,2
515818,0
515831,3
515835,3
515854,0
515874,0
515891,2
515901,1
515908,3
515941,3
515947,1
515953,2
515974,1
515985,2
516001,0
516004,3
516006,2
516039,0
516053,3
516057,1
516061,2
516076,0
516086,0
516089,3
516092,1
516105,3
516117,3
516118,2
516127,0
516132,3
516144,3
516150,0
516152,1
516176,3
516177,2
516178,3
516211,2
516216,1
516217,0
516243,0
516246,1
516251,2
516269,1
516273,3
516282,2
516283,1
516287,2
516290,2
516296,2
516301,1
516340,0
516351,2
516368,0
516375,1
516418,1
516420,2
516433,0
516456,2
516507,2
516516,2
516528,2
516543,2
516556,3
516561,2
516571,2
516578,2
516579,1
516583,0
516590,1
516593,2
516594,2
516614,1
516616,3
516620,0
516639,3
516647,2
516679,2
516680,0
516682,0
516694,3
516697,0
516704,2
516732,3
516739,3
516744,0
516763,2
516765,0
516789,2
516798,2
516806,2
516808,1
516827,2
516833,1
516841,1
516862,0
516933,0
516939,3
516965,3
516967,0
516972,3
517033,1
517061,3
517064,1
517076,2
517105,2
517119,3
517131,2
517142,2
517143,0
517150,1
517158,3
517205,2
517212,3
517219,0
517231,2
517284,3
517324,0
517330,2
517356,2
517370,2
517392,2
517393,1
517397,1
517403,3
517415,3
517438,2
517445,2
517467,1
517486,2
517491,2
517543,0
517545,2
517548,2
517549,2
517571,2
517579,1
517581,1
517596,3
517622,0
517633,1
517653,3
517674,1
517675,1
517676,2
517700,2
517715,2
517732,2
517735,3
517739,3
517743,1
517772,3
517776,3
517787,1
517803,2
517819,1
517825,2
517839,2
517847,2
517871,3
517894,2
517898,1
517925,1
517931,1
517961,3
517967,3
517968,2
518012,1
518015,3
518041,0
518044,3
518074,1
518084,1
518092,2
518121,1
518127,1
518135,1
518191,2
518196,3
518211,3
518219,1
518281,3
518324,2
518334,3
518338,3
518347,3
518348,3
518354,0
518372,1
518393,2
518406,2
518416,2
518422,0
518443,2
518450,0
518480,3
518495,1
518516,3
518526,2
518527,2
518533,3
518535,2
518541,2
518567,1
518579,2
518582,3
518585,3
518612,2
518628,0
518629,2
518639,1
518642,0
518645,0
518694,2
518696,0
518711,2
518716,3
518722,2
518726,0
518735,0
518743,1
518747,3
518751,1
518756,2
518826,3
518827,3
518865,3
518866,2
518867,1
518870,1
518894,2
518896,2
518907,2
518922,0
518925,0
518931,0
518954,3
518956,2
518963,3
518971,2
518998,3
519014,2
519059,3
519079,2
519089,3
519091,2
519096,3
519114,3
519117,3
519137,2
519140,2
519171,3
519191,0
519205,2
519210,2
519211,1
519248,1
519254,1
519260,3
519267,2
519285,1
519312,0
519313,3
519335,0
519348,2
519353,0
519357,3
519368,1
519383,1
519392,2
519393,3
519406,0
519412,2
519419,3
519430,1
519446,2
519469,1
519515,3
519529,3
519532,2
519541,2
519548,0
519554,3
519561,0
519595,2
519596,3
519604,2
519626,3
519631,2
519664,3
519687,0
519694,1
519695,2
519706,0
519709,1
519718,3
519722,3
519725,3
519726,2
519747,2
519769,3
519774,3
519787,1
519799,3
519846,3
519848,2
519853,3
519859,2
519885,1
519888,2
519893,2
519896,2
519897,0
519905,2
519911,2
519912,2
519943,0
519955,1
519957,2
519961,1
519965,3
519982,0
520054,3
520063,3
520097,2
520106,3
520141,2
520152,3
520170,3
520175,2
520177,2
520182,3
520188,1
520193,2
520225,3
520244,2
520248,3
520250,2
520256,2
520265,3
520277,2
520291,1
520298,2
520307,2
520311,3
520314,0
520327,1
520358,2
520373,3
520397,2
520405,1
520411,2
520422,1
520429,3
520436,2
520440,0
520480,1
520491,3
520497,2
520527,1
520530,2
520532,2
520539,3
520556,3
520558,1
520561,0
520603,0
520619,2
520680,2
520696,2
520708,2
520719,1
520733,2
520745,2
520762,1
520770,2
520771,0
520780,0
520783,2
520804,2
520819,3
520821,2
520844,1
520851,3
520861,3
520877,2
520878,2
520882,0
520885,3
520898,3
520902,2
520920,0
520934,3
520947,1
520959,2
521000,2
521004,2
521009,0
521031,2
521033,3
521044,2
521060,2
521062,0
521065,3
521066,2
521070,3
521109,3
521127,2
521152,2
521170,2
521185,3
521186,2
521187,0
521192,1
521201,3
521211,0
521212,3
521235,1
521250,1
521259,1
521282,1
521286,1
521293,1
521295,3
521298,1
521309,3
521316,2
521331,2
521335,1
521343,1
521379,2
521392,2
521404,2
521408,2
521416,2
521434,2
521462,3
521474,1
521491,1
521509,2
521510,2
521514,3
521587,1
521607,2
521609,3
521642,0
521657,1
521658,2
521663,0
521695,2
521708,2
521719,1
521720,2
521743,2
521748,2
521768,2
521785,1
521814,3
521818,1
521859,2
521865,3
521883,1
521884,3
521885,3
521904,3
521921,3
521925,2
521941,3
521943,2
521956,1
521963,1
521986,3
521992,3
521997,1
522001,0
522005,3
522062,2
522086,3
522111,1
522112,3
522115,3
522118,2
522134,0
522152,3
522171,1
522179,3
522184,0
522201,0
522223,3
522233,2
522237,1
522263,1
522265,3
522276,2
522286,2
522315,1
522323,2
522364,1
522373,3
522375,2
522387,0
522402,2
522420,1
522426,3
522427,1
522438,3
522441,1
522445,2
522457,3
522465,2
522476,2
522484,2
522513,2
522523,3
522532,1
522533,1
522585,3
522607,2
522624,0
522631,1
522633,2
522634,1
522639,1
522654,3
522687,3
522738,2
522745,2
522748,2
522761,2
522788,0
522800,1
522809,3
522873,0
522898,3
522911,0
522927,1
522937,2
522939,3
522943,0
522944,2
522970,2
522981,1
522999,1
523030,1
523057,0
523073,3
523077,1
523090,3
523098,2
523146,3
523158,3
523209,3
523228,1
523231,2
523256,1
523271,2
523273,0
523290,1
523299,2
523301,3
523335,1
523338,3
523392,2
523395,1
523442,3
523454,2
523465,2
523474,2
523484,2
523503,0
523505,2
523511,3
523513,3
523517,1
523526,1
523546,3
523559,2
523612,3
523619,3
523657,1
523666,2
523686,3
523690,2
523700,3
523710,2
523715,3
523717,2
523729,0
523735,3
523746,1
523756,1
523768,2
523771,3
523787,3
523800,1
523807,3
523819,2
523824,1
523841,2
523842,2
523845,3
523846,3
523860,3
523866,1
523877,2
523887,0
523913,3
523938,1
523981,2
524001,2
524012,2
524031,1
524036,1
524038,2
524043,2
524046,2
524052,2
524057,0
524076,2
524080,1
524098,0
524116,2
524120,2
524151,1
524167,3
524169,3
524172,0
524180,2
524194,1
524200,2
524211,1
524214,0
524226,3
524244,1
524251,3
524278,3
524313,2
524318,0
524328,3
524358,3
524365,2
524383,1
524407,2
524412,2
524419,2
524448,3
524473,2
524484,0
524511,2
524572,3
524606,0
524607,1
524615,2
524620,1
524628,2
524637,1
524644,1
524650,1
524663,3
524668,2
524682,2
524722,3
524728,0
524739,2
524766,3
524797,0
524805,3
524807,3
524821,3
524834,3
524842,0
524849,3
524861,1
524880,0
524885,0
524895,2
524909,2
524913,0
524923,1
524926,2
524929,2
524940,0
524980,2
525022,2
525034,2
525043,2
525053,2
525056,1
525081,3
525089,2
525102,3
525106,1
525168,2
525175,0
525176,2
525201,2
525212,1
525227,2
525234,2
525244,1
525265,2
525281,1
525308,0
525323,1
525332,1
525356,3
525377,0
525379,0
525389,1
525405,1
525410,1
525415,3
525447,2
525488,3
525515,3
525529,2
525546,3
525555,3
525591,2
525610,2
525611,2
525615,1
525631,2
525647,0
525671,2
525684,3
525716,2
525722,2
525734,3
525761,0
525769,1
525789,2
525804,3
525806,3
525824,2
525842,2
525844,1
525848,0
525864,3
525879,3
525920,2
525975,2
525996,2
526032,0
526036,0
526062,2
526079,2
526084,2
526102,2
526144,3
526154,3
526174,2
526179,2
526184,0
526203,3
526206,1
526221,2
526235,2
526239,3
526256,2
526258,2
526291,0
526297,2
526303,0
526308,2
526332,1
526354,2
526365,1
526367,2
526372,3
526378,3
526409,2
526431,2
526435,0
526443,0
526445,2
526471,2
526490,2
526492,2
526495,3
526540,2
526565,1
526570,2
526628,3
526668,3
526676,3
526683,2
526690,1
526711,1
526727,3
526729,2
526740,0
526759,2
526782,1
526789,1
526837,2
526855,1
526858,0
526867,2
526872,0
526873,2
526900,2
526901,2
526905,2
526913,3
526916,0
526925,1
526950,1
526959,2
526970,2
527001,0
527004,2
527019,1
527038,2
527046,3
527075,3
527081,3
527082,2
527109,2
527130,2
527132,2
527133,2
527141,2
527142,1
527150,1
527154,1
527158,2
527187,3
527197,1
527219,1
527232,2
527253,2
527280,0
527321,0
527326,2
527344,2
527346,2
527354,2
527359,3
527365,1
527389,0
527393,1
527396,2
527401,1
527406,2
527445,0
527451,1
527452,2
527455,1
527464,2
527467,2
527470,3
527490,3
527507,3
527508,2
527518,1
527524,0
527536,0
527541,0
527552,0
527560,0
527564,1
527585,2
527605,1
527689,0
527690,1
527726,0
527735,1
527750,0
527782,3
527783,2
527801,0
527824,2
527850,3
527857,0
527886,2
527928,1
527944,1
527945,0
527984,3
527987,3
527995,3
528020,2
528028,2
528046,1
528061,2
528098,0
528105,1
528122,3
528137,0
528139,0
528158,2
528164,2
528179,0
528186,2
528193,2
528216,3
528242,3
528244,1
528248,1
528281,2
528322,2
528330,3
528354,3
528372,0
528378,2
528379,3
528411,2
528413,0
528417,2
528421,1
528455,3
528461,0
528490,2
528500,0
528522,3
528528,1
528542,2
528567,1
528580,2
528612,3
528657,2
528661,2
528683,2
528688,0
528690,3
528706,2
528723,3
528735,3
528743,2
528744,2
528777,2
528816,3
528826,1
528827,3
528828,2
528829,1
528839,1
528842,2
528844,1
528906,1
528909,0
528929,3
528930,3
528936,0
528942,3
528953,2
528965,1
528967,1
528995,2
528999,2
529019,2
529023,3
529048,3
529050,2
529082,1
529205,2
529214,2
529216,0
529224,2
529229,1
529231,1
529237,3
529249,2
529284,0
529309,2
529332,1
529338,2
529362,1
529406,2
529420,0
529421,2
529422,2
529424,3
529428,3
529436,2
529488,2
529501,3
529502,2
529510,3
529513,2
529520,1
529566,3
529602,3
529677,0
529678,2
529689,3
529695,1
529704,2
529734,2
529737,0
529768,2
529781,3
529783,0
529787,3
529801,3
529831,1
529840,0
529845,1
529857,0
529879,1
529887,3
529913,0
529940,3
529972,3
530004,2
530039,2
530090,3
530118,2
530188,1
530196,1
530199,2
530213,2
530223,2
530240,3
530277,3
530278,2
530282,1
530298,3
530315,2
530322,3
530329,0
530365,2
530371,3
530374,1
530379,2
530383,1
530385,2
530421,2
530427,2
530453,0
530463,2
530468,3
530514,3
530543,3
530563,3
530579,2
530581,0
530585,2
530592,1
530599,0
530607,1
530625,3
530627,2
530633,0
530645,1
530649,2
530656,2
530665,1
530666,1
530667,3
530672,0
530673,0
530687,3
530719,2
530720,2
530724,2
530739,1
530743,2
530754,3
530773,3
530775,2
530797,1
530801,3
530810,2
530811,0
530833,3
530869,0
530873,0
530881,3
530906,2
530949,2
530950,2
530978,2
531006,3
531009,2
531016,2
531020,2
531027,3
531031,2
531054,2
531073,1
531094,1
531109,3
531143,2
531144,3
531158,2
531198,1
531204,2
531217,3
531253,3
531255,0
531322,3
531339,0
531344,2
531361,3
531373,3
531386,2
531427,2
531431,2
531447,2
531456,0
531467,1
531471,2
531475,0
531499,1
531500,0
531511,2
531512,2
531557,2
531562,0
531568,2
531615,0
531620,0
531625,1
531650,1
531654,2
531663,3
531670,2
531682,0
531735,0
531739,2
531744,2
531745,1
531771,3
531777,2
531789,2
531795,2
531803,0
531807,1
531824,1
531834,1
531844,3
531847,2
531857,1
531868,3
531884,3
531921,2
531926,0
531931,2
531959,1
531967,0
531971,3
531987,1
531989,3
531994,2
532063,2
532064,3
532073,2
532101,0
532106,3
532119,2
532159,1
532215,2
532225,2
532233,2
532258,3
532259,3
532279,0
532312,2
532329,1
532347,1
532361,2
532365,2
532381,2
532387,2
532388,2
532390,3
532410,1
532426,1
532432,0
532433,3
532500,3
532519,2
532535,2
532544,1
532568,2
532607,1
532622,2
532623,3
532627,0
532637,0
532650,2
532651,3
532653,2
532656,1
532705,2
532710,1
532711,1
532721,2
532725,2
532730,1
532742,2
532748,3
532750,1
532774,0
532810,2
532823,1
532835,0
532843,2
532863,2
532866,3
532901,1
532905,0
532912,2
532941,1
532989,3
533048,0
533093,1
533117,2
533123,3
533129,2
533155,2
533187,0
533199,1
533204,0
533211,3
533222,3
533248,3
533251,3
533283,2
533291,2
533302,2
533327,3
533357,2
533378,3
533388,3
533393,0
533396,2
533402,1
533404,2
533411,1
533449,1
533464,3
533490,2
533492,3
533497,1
533518,2
533527,1
533537,1
533542,2
533550,3
533573,2
533575,3
533598,2
533613,3
533617,3
533656,1
533716,2
533742,3
533755,1
533759,3
533773,1
533782,2
533809,3
533827,0
533846,1
533859,2
533895,1
533908,1
533932,3
533975,3
533985,1
533990,3
534040,3
534045,2
534066,3
534082,0
534088,3
534105,2
534179,2
534190,3
534246,1
534254,1
534295,2
534333,3
534351,2
534360,3
534378,3
534380,3
534391,2
534445,2
534474,2
534499,0
534564,2
534586,0
534594,2
534604,0
534607,1
534608,1
534661,0
534688,3
534697,2
534703,1
534742,2
534747,1
534782,1
534793,1
534798,1
534825,0
534840,2
534842,2
534858,3
534895,3
534903,3
534939,2
534948,2
534957,2
534971,1
534986,2
535003,0
535007,2
535024,1
535035,3
535047,3
535051,2
535060,1
535063,1
535081,2
535099,1
535135,2
535136,1
535149,3
535155,0
535177,2
535189,3
535229,2
535266,0
535311,3
535341,2
535365,3
535398,2
535441,3
535447,2
535459,1
535473,0
535495,3
535497,0
535502,3
535553,2
535595,3
535600,1
535610,1
535625,3
535637,1
535644,2
535682,0
535686,2
535701,2
535702,3
535706,3
535734,2
535737,0
535746,2
535747,1
535791,2
535795,3
535878,2
535879,3
535885,2
535896,3
535905,1
535906,1
535912,2
535942,3
535983,0
535994,0
536000,1
536016,3
536034,3
536035,1
536039,3
536050,1
536058,2
536066,2
536086,3
536099,3
536135,0
536170,0
536212,1
536228,0
536229,0
536241,3
536275,3
536278,2
536313,3
536343,2
536387,2
536431,2
536467,1
536469,1
536474,1
536488,0
536489,2
536490,1
536532,3
536566,2
536574,3
536594,0
536604,2
536622,2
536641,2
536651,1
536652,1
536656,3
536658,2
536659,2
536672,3
536675,1
536691,2
536695,2
536763,2
536764,2
536782,3
536791,2
536810,2
536843,2
536876,1
536893,2
536951,2
536964,3
536995,1
537038,3
537066,2
537098,2
537121,0
537123,2
537177,3
537181,3
537212,1
537227,3
537289,3
537317,3
537373,3
537393,2
537400,0
537412,2
537413,2
537414,2
537470,0
537481,0
537507,2
537560,2
537580,1
537586,3
537595,2
537659,0
537671,2
537676,2
537688,2
537723,1
537725,1
537748,1
537770,2
537776,0
537795,1
537804,1
537818,3
537819,2
537834,1
537860,1
537861,3
537904,3
537922,2
537926,0
537975,0
538069,3
538074,2
538084,2
538108,0
538112,2
538131,3
538134,2
538139,1
538147,3
538167,3
538188,3
538197,2
538214,3
538216,2
538260,2
538270,1
538274,2
538279,2
538306,3
538319,1
538321,0
538331,3
538349,2
538350,3
538388,2
538413,3
538426,3
538432,2
538438,2
538441,2
538454,2
538457,1
538458,3
538463,0
538489,3
538511,0
538522,1
538529,2
538538,2
538608,3
538638,2
538641,1
538666,1
538677,2
538680,2
538681,1
538691,2
538696,0
538703,3
538714,2
538780,3
538788,1
538814,0
538883,1
538915,2
538919,0
538944,2
538976,2
539008,2
539010,3
539012,3
539093,2
539105,3
539135,2
539140,1
539146,3
539209,2
539221,3
539243,1
539267,2
539283,2
539300,2
539304,0
539307,0
539315,3
539317,3
539320,2
539337,3
539338,1
539384,1
539414,3
539426,2
539453,0
539460,2
539493,0
539510,3
539519,2
539528,3
539542,0
539558,3
539566,2
539611,2
539625,2
539627,2
539637,2
539648,2
539656,0
539669,1
539671,2
539710,2
539729,1
539782,0
539794,3
539855,2
539864,2
539866,0
539868,3
539883,2
539888,0
539899,0
539912,2
539916,2
539917,2
539919,2
539936,2
539953,3
539962,1
540014,3
540029,3
540043,0
540094,3
540138,0
540147,3
540150,3
540180,2
540199,2
540226,0
540244,1
540252,2
540253,2
540260,2
540302,2
540306,1
540308,2
540319,3
540347,3
540348,3
540413,1
540415,2
540444,2
540455,1
540475,1
540502,2
540527,2
540557,3
540572,3
540580,3
540597,2
540605,1
540614,1
540622,2
540642,0
540652,0
540653,0
540654,3
540656,2
540664,3
540666,3
540698,2
540708,1
540718,2
540733,1
540777,0
540819,2
540837,3
540857,0
540863,0
540924,2
540941,0
540966,0
540973,1
540974,1
541001,3
541034,0
541040,1
541041,1
541047,2
541061,0
541083,2
541084,2
541112,2
541132,0
541150,1
541162,3
541168,2
541176,3
541193,0
541216,1
541224,3
541235,2
541236,0
541240,1
541249,2
541259,2
541262,3
541282,2
541289,2
541326,2
541352,3
541357,2
541382,3
541389,1
541438,1
541454,3
541497,0
541505,2
541516,2
541539,0
541540,3
541612,3
541649,1
541672,2
541699,2
541700,2
541734,2
541735,0
541752,2
541764,2
541812,3
541878,1
541901,2
541906,2
541921,2
541923,2
541931,2
541939,3
541967,2
541972,3
541980,2
541988,0
541998,2
541999,0
542012,2
542015,2
542027,3
542036,3
542056,3
542059,2
542065,2
542080,2
542095,3
542142,3
542153,2
542189,1
542194,3
542196,0
542208,3
542230,2
542254,2
542267,0
542270,2
542277,1
542282,2
542303,3
542316,0
542326,3
542334,3
542358,1
542366,2
542383,2
542418,2
542451,1
542471,3
542482,0
542570,2
542585,3
542605,3
542638,0
542657,2
542658,1
542663,3
542670,2
542706,0
542752,2
542760,1
542767,2
542795,3
542796,2
542805,1
542812,0
542815,0
542825,1
542843,3
542850,1
542857,0
542874,2
542914,1
542918,3
542937,1
542965,0
542976,3
543008,3
543038,2
543052,2
543074,2
543075,3
543081,2
543114,2
543126,1
543165,2
543222,2
543237,2
543240,2
543271,2
543273,3
543304,3
543306,3
543327,2
543339,1
543352,2
543375,2
543385,2
543428,0
543437,1
543476,0
543497,2
543557,1
543559,3
543618,1
543620,0
543659,1
543660,0
543666,1
543668,1
543671,3
543694,2
543696,0
543713,3
543716,3
543723,0
543728,2
543778,3
543810,1
543816,0
543817,0
543826,2
543885,0
543900,2
543927,1
543928,1
543937,2
543952,2
543968,1
543976,1
544002,3
544008,1
544012,3
544015,1
544043,3
544163,3
544207,2
544254,2
544256,2
544271,3
544333,0
544364,0
544367,2
544391,3
544406,2
544414,2
544425,0
544444,2
544447,0
544449,3
544469,3
544472,0
544476,3
544480,1
544495,2
544497,0
544507,0
544513,2
544536,0
544549,2
544595,1
544604,2
544627,3
544640,2
544647,0
544680,2
544683,2
544685,3
544694,2
544698,0
544747,1
544749,2
544818,1
544839,2
544868,2
544926,3
545010,2
545011,3
545012,3
545063,0
545070,3
545089,1
545109,1
545115,2
545132,3
545208,2
545209,1
545226,2
545247,0
545249,3
545264,0
545272,2
545281,0
545290,3
545300,3
545317,3
545318,3
545327,3
545344,1
545345,1
545360,0
545375,3
545399,2
545404,2
545446,3
545465,3
545510,2
545518,3
545551,3
545577,2
545629,2
545633,1
545634,2
545652,2
545684,3
545736,1
545745,2
545748,3
545754,0
545755,2
545758,1
545763,2
545770,2
545771,2
545803,3
545805,3
545810,0
545848,0
545865,2
545879,1
545936,2
545939,2
545958,0
545981,1
546008,1
546050,2
546061,3
546064,3
546065,3
546072,2
546121,1
546127,2
546130,3
546131,2
546161,2
546164,1
546190,3
546224,3
546256,3
546280,2
546282,2
546307,2
546334,1
546395,3
546399,0
546419,3
546437,2
546462,0
546470,0
546485,3
546509,2
546529,2
546587,2
546612,3
546648,3
546664,1
546671,2
546679,1
546688,2
546702,2
546728,2
546740,2
546756,2
546774,3
546842,0
546844,3
546847,2
546857,0
546864,2
546867,2
546881,3
546882,1
546884,0
546888,1
546900,2
546937,0
546964,2
546972,3
547006,2
547007,1
547037,1
547070,2
547100,2
547130,1
547150,3
547164,1
547175,1
547180,3
547181,2
547201,0
547266,2
547301,0
547320,0
547325,3
547336,2
547342,1
547412,2
547453,3
547458,2
547459,2
547483,3
547512,2
547555,2
547559,1
547568,1
547594,1
547606,3
547613,2
547617,2
547663,2
547664,2
547693,3
547761,2
547776,2
547779,3
547792,3
547817,0
547823,2
547825,1
547834,0
547836,2
547857,3
547862,3
547878,1
547911,3
547938,0
547951,2
547966,3
547997,0
548006,1
548022,2
548032,2
548037,2
548040,1
548093,0
548109,2
548113,2
548120,2
548123,0
548185,0
548189,1
548190,1
548193,0
548222,3
548228,0
548230,2
548256,3
548258,2
548272,3
548307,3
548310,1
548391,3
548408,1
548422,2
548434,2
548448,2
548474,3
548488,1
548490,3
548504,1
548560,3
548568,3
548587,1
548635,3
548651,3
548653,3
548672,2
548708,2
548743,1
548853,2
548859,2
548872,0
548961,3
548967,2
548978,1
548988,2
548990,1
549058,1
549115,1
549116,3
549121,2
549141,0
549152,1
549154,3
549190,1
549202,2
549235,0
549251,3
549274,0
549281,3
549290,0
549292,3
549293,0
549303,1
549313,3
549320,0
549357,2
549359,3
549361,3
549366,0
549367,3
549377,2
549389,0
549390,3
549450,0
549466,2
549472,1
549482,2
549515,3
549569,2
549572,3
549579,2
549580,2
549584,2
549608,0
549611,2
549623,3
549631,3
549710,3
549714,3
549733,1
549746,2
549759,0
549764,2
549777,3
549797,3
549800,3
549850,2
549894,0
549938,1
549988,0
549992,1
550017,2
550019,1
550022,0
550028,0
550068,3
550071,1
550077,2
550105,1
550110,2
550134,2
550193,0
550200,3
550202,1
550221,2
550222,1
550229,1
550233,2
550298,0
550300,2
550317,3
550400,2
550421,2
550426,3
550442,1
550455,3
550459,2
550460,2
550482,0
550506,3
550514,1
550572,3
550579,3
550599,0
550627,0
550703,0
550711,1
550752,3
550754,3
550796,0
550804,3
550805,2
550830,2
550868,2
550871,3
550887,0
550904,2
550973,2
550985,2
551023,2
551032,1
551042,2
551051,0
551088,2
551116,2
551166,1
551210,0
551211,0
551217,1
551237,2
551241,1
551245,1
551278,2
551282,2
551331,3
551340,0
551359,2
551430,3
551431,0
551448,2
551468,2
551473,0
551486,1
551488,0
551501,0
551549,3
551560,3
551567,2
551576,1
551600,1
551615,0
551620,1
551622,2
551627,1
551662,2
551665,3
551671,0
551681,1
551685,2
551718,3
551729,1
551804,2
551834,2
551847,1
551890,1
551908,0
551914,2
551935,0
551963,1
551967,2
551978,1
551990,1
552036,3
552088,1
552165,0
552172,3
552192,1
552209,0
552302,0
552303,2
552313,2
552314,3
552345,3
552348,2
552363,1
552364,0
552366,2
552372,2
552384,2
552414,1
552432,2
552440,3
552473,2
552487,2
552506,0
552532,3
552535,2
552558,3
552573,3
552597,1
552598,3
552613,3
552623,1
552642,2
552643,3
552649,1
552653,2
552661,1
552726,0
552732,2
552734,3
552760,2
552763,2
552775,1
552809,1
552861,2
552904,3
552929,1
552944,2
552945,2
553017,2
553054,1
553139,2
553151,3
553208,0
553219,2
553220,3
553231,3
553245,3
553339,2
553361,2
553456,2
553533,3
553559,1
553568,3
553607,3
553631,0
553633,0
553645,2
553664,2
553690,0
553704,1
553743,0
553751,2
553754,3
553773,3
553783,1
553791,3
553805,3
553876,1
553901,3
553904,1
553938,2
553943,2
553955,2
553967,3
553984,2
553985,1
554026,3
554079,1
554141,2
554155,2
554163,3
554175,2
554202,1
554213,1
554217,1
554269,3
554284,3
554289,0
554299,0
554357,0
554413,3
554444,1
554450,0
554507,1
554532,2
554560,1
554609,2
554632,0
554670,2
554681,0
554724,0
554753,3
554801,2
554853,2
554866,0
554885,1
554922,2
554939,0
554949,0
554956,1
554961,2
555030,0
555058,1
555075,0
555083,3
555108,2
555135,2
555147,1
555151,1
555180,3
555186,3
555187,0
555191,2
555193,3
555203,0
555206,2
555250,1
555257,3
555275,2
555277,3
555299,2
555301,3
555310,2
555326,2
555334,0
555418,0
555428,3
555478,1
555484,2
555492,2
555499,3
555521,2
555563,3
555587,1
555600,2
555648,2
555656,0
555698,2
555710,2
555712,0
555751,2
555770,3
555773,0
555782,3
555784,3
555796,2
555818,0
555850,3
555852,2
555894,2
555934,1
555960,0
555990,0
555997,2
556015,2
556019,2
556043,0
556052,1
556067,3
556111,3
556119,2
556127,1
556138,1
556199,0
556214,2
556215,2
556268,2
556274,0
556314,2
556347,2
556391,3
556395,0
556417,0
556533,3
556579,2
556621,0
556622,2
556623,2
556647,2
556673,2
556714,1
556744,2
556824,2
556827,2
556830,2
556841,3
556887,3
556900,0
556904,2
556906,2
557005,3
557010,0
557033,2
557036,2
557055,2
557107,2
557108,1
557118,2
557134,2
557236,2
557248,0
557262,3
557282,2
557298,2
557307,3
557314,2
557343,2
557402,3
557449,1
557476,2
557492,3
557496,3
557508,1
557525,3
557562,2
557569,3
557643,2
557672,1
557692,3
557726,0
557762,2
557794,3
557799,0
557815,2
557834,1
557851,2
557875,3
557876,2
557879,1
557887,1
557921,2
557932,3
557956,3
557957,2
557963,2
557986,1
557992,0
558018,2
558019,2
558081,2
558114,2
558138,1
558147,0
558202,1
558204,2
558251,3
558270,2
558277,2
558294,1
558300,3
558362,3
558388,3
558394,2
558395,0
558437,3
558466,2
558489,1
558506,3
558513,3
558651,3
558659,2
558682,3
558774,2
558786,3
558838,2
558851,1
558852,0
558919,0
558920,2
558966,3
558987,2
558988,2
559068,1
559071,3
559093,2
559094,0
559107,3
559112,3
559146,3
559148,2
559164,2
559176,3
559194,2
559211,3
559226,3
559228,2
559266,2
559277,1
559324,2
559345,0
559368,3
559407,2
559432,1
559441,0
559461,0
559464,1
559465,0
559468,1
559469,3
559473,2
559520,1
559537,3
559547,0
559661,1
559695,3
559712,2
559758,0
559772,2
559775,2
559782,2
559787,2
559794,1
559832,0
559834,3
559846,3
559863,1
559901,1
559918,2
559936,2
559981,2
559995,2
560015,1
560035,2
560065,2
560078,2
560085,3
560090,1
560125,2
560175,1
560195,2
560213,3
560245,3
560257,0
560273,2
560279,0
560291,2
560341,3
560362,2
560367,2
560374,2
560433,0
560468,3
560478,2
560495,0
560497,2
560508,0
560511,2
560519,2
560529,0
560627,2
560672,1
560680,3
560723,0
560733,2
560739,3
560747,2
560796,2
560803,2
560854,3
560870,2
560888,2
560897,2
560915,1
560929,3
560948,0
560949,2
560978,1
560991,3
561013,2
561031,1
561033,3
561037,1
561044,0
561054,1
561156,0
561201,3
561243,2
561288,0
561326,1
561331,3
561333,0
561339,3
561353,2
561367,2
561386,3
561503,2
561519,0
561642,3
561652,2
561653,2
561665,2
561687,1
561699,1
561707,0
561710,2
561798,2
561837,2
561846,2
561864,2
561896,3
561908,1
561945,1
561950,2
561992,3
561994,2
562010,3
562032,0
562042,3
562108,2
562148,2
562161,1
562192,3
562209,1
562238,3
562275,2
562283,0
562315,2
562334,2
562338,2
562362,3
562398,2
562416,1
562417,2
562428,2
562490,2
562516,0
562529,3
562576,0
562585,2
562587,0
562612,2
562641,3
562648,3
562708,2
562814,0
562832,3
562843,2
562869,2
562886,2
562888,0
562894,3
563012,0
563021,3
563052,0
563059,3
563100,1
563148,1
563162,3
563165,2
563201,1
563221,3
563253,1
563254,1
563266,1
563315,2
563335,2
563340,2
563342,1
563343,2
563375,3
563410,3
563425,3
563482,2
563483,1
563489,2
563507,1
563544,3
563588,3
563592,1
563598,1
563679,0
563691,0
563711,2
563731,2
563735,2
563736,3
563740,1
563773,1
563787,2
563831,0
563853,1
563882,1
563896,3
563956,2
563974,0
563995,3
564052,3
564100,2
564101,0
564112,1
564182,2
564204,2
564219,3
564234,2
564252,2
564258,1
564306,2
564312,2
564364,3
564369,0
564377,1
564430,3
564434,0
564495,3
564498,0
564517,2
564534,2
564588,0
564593,1
564596,3
564604,1
564606,1
564616,2
564620,2
564699,3
564713,3
564736,2
564737,2
564792,3
564822,0
564842,1
564854,2
564962,2
565056,0
565070,2
565076,0
565109,1
565114,1
565131,1
565212,2
565240,0
565251,1
565265,1
565275,0
565280,1
565294,2
565301,3
565348,0
565365,3
565377,2
565387,1
565419,2
565459,1
565460,3
565464,2
565467,1
565487,0
565508,0
565510,2
565511,0
565514,2
565565,3
565573,2
565582,3
565601,0
565718,2
565755,1
565764,3
565768,1
565791,2
565826,0
565827,0
565841,3
565902,1
565910,1
565912,0
565915,1
565935,2
565949,3
566002,0
566008,1
566032,2
566044,0
566059,3
566061,3
566096,3
566097,0
566152,2
566173,3
566174,3
566196,2
566275,1
566279,2
566312,1
566336,2
566338,2
566366,1
566424,1
566432,3
566455,3
566456,0
566489,2
566533,1
566547,2
566592,0
566614,1
566625,3
566626,2
566650,2
566682,3
566702,3
566726,3
566735,3
566749,0
566762,3
566770,0
566787,2
566815,2
566861,3
566875,2
566881,3
566953,3
566964,1
566992,1
566996,0
566998,3
566999,2
567052,0
567061,3
567114,0
567172,2
567195,2
567211,2
567219,1
567243,3
567245,0
567256,2
567342,0
567390,0
567431,2
567432,3
567448,3
567458,1
567478,1
567518,2
567547,1
567548,2
567558,3
567563,2
567589,0
567643,2
567651,1
567682,1
567778,3
567824,0
567849,2
567885,3
567906,2
567943,0
567950,2
567961,1
568004,3
568013,2
568060,3
568064,2
568078,3
568086,2
568093,2
568101,3
568105,3
568121,3
568155,0
568167,1
568182,3
568258,0
568325,2
568371,1
568385,2
568416,3
568463,2
568486,2
568513,0
568536,0
568602,3
568605,1
568641,2
568696,3
568713,2
568716,2
568773,3
568790,2
568917,0
568931,3
568970,0
568984,0
569031,1
569082,2
569107,0
569150,2
569170,2
569180,3
569203,2
569236,2
569239,2
569243,3
569300,2
569335,0
569342,3
569364,3
569458,1
569466,3
569472,2
569530,2
569534,2
569572,3
569643,0
569733,2
569754,2
569779,2
569788,1
569792,1
569817,1
569829,2
569832,1
569863,2
569883,2
569920,1
569923,0
570021,3
570076,1
570144,3
570162,3
570215,2
570219,1
570224,1
570226,1
570242,0
570279,1
570291,3
570329,0
570330,2
570346,1
570369,1
570418,2
570436,2
570439,1
570600,2
570601,3
570625,1
570626,2
570631,3
570639,1
570654,1
570666,1
570683,2
570692,1
570693,2
570697,1
570713,2
570746,2
570750,0
570782,2
570821,3
570829,2
570837,2
570862,0
570928,2
570930,0
570945,2
570961,2
570988,2
571001,0
571015,1
571084,2
571200,2
571208,1
571233,2
571243,3
571251,2
571300,2
571348,2
571363,2
571429,3
571454,1
571523,2
571525,1
571553,3
571560,2
571561,0
571566,2
571580,1
571610,1
571637,3
571639,3
571643,1
571757,0
571819,2
571864,1
571876,2
571888,2
571913,1
571940,0
572106,0
572133,0
572154,0
572176,2
572214,0
572290,2
572396,3
572397,0
572428,3
572479,2
572489,3
572502,2
572529,2
572538,2
572554,2
572578,2
572591,2
572609,2
572632,3
572669,2
572728,3
572744,1
572826,3
572870,0
572898,3
572908,3
572932,0
572992,2
573010,3
573011,2
573040,2
573086,3
573122,2
573147,2
573153,2
573189,2
573191,1
573237,3
573244,1
573249,2
573291,2
573365,0
573373,2
573378,3
573379,2
573420,1
573423,0
573427,2
573493,3
573518,2
573564,1
573584,1
573588,2
573621,3
573648,2
573670,1
573698,1
573704,2
573719,0
573720,2
573792,2
573807,3
573841,3
573922,3
573926,0
573931,1
573939,2
573946,2
573988,3
574003,2
574071,2
574104,2
574116,0
574134,2
574150,2
574206,3
574279,2
574362,0
574409,3
574419,1
574440,3
574465,1
574467,3
574489,3
574493,1
574513,2
574603,3
574625,2
574680,2
574794,2
574840,3
574885,1
574909,3
574987,3
575051,2
575055,2
575092,0
575131,1
575208,2
575233,2
575253,3
575299,2
575419,2
575433,2
575459,2
575500,2
575528,2
575554,0
575561,2
575576,2
575677,2
575692,0
575711,3
575733,0
575756,2
575774,2
575809,2
575823,2
575868,2
575908,3
575923,3
575964,0
575971,2
576040,1
576103,3
576136,2
576159,3
576169,2
576231,3
576272,3
576357,1
576366,2
576369,2
576370,1
576373,2
576541,3
576612,1
576663,3
576668,0
576677,2
576691,3
576712,0
576765,0
576785,0
576833,3
576846,0
576849,1
576879,3
576922,0
576945,3
576962,0
576966,2
576985,2
577007,2
577044,3
577046,3
577074,2
577089,3
577115,1
577145,2
577180,2
577208,3
577215,1
577216,3
577225,2
577255,2
577287,3
577356,3
577381,0
577386,2
577410,3
577534,0
577539,3
577541,1
577598,2
577617,1
577625,3
577626,3
577638,1
577643,0
577667,0
577682,1
577851,3
577901,1
577915,2
577921,1
577930,2
577944,0
577984,3
578058,1
578088,2
578120,2
578164,3
578396,3
578459,2
578488,2
578503,2
578511,3
578549,2
578607,2
578824,1
578866,0
578872,1
578886,0
578892,3
578929,1
578938,2
578947,3
578993,3
579021,1
579040,0
579065,3
579230,0
579275,2
579307,3
579323,3
579404,1
579503,0
579547,2
579589,2
579707,3
579714,0
579783,0
579792,2
579804,2
579829,2
579846,0
579950,3
579971,0
579999,0
580026,0
580077,1
580211,2
580212,2
580402,2
580460,3
580515,2
580578,3
580611,1
580622,0
580626,2
580658,2
580895,0
580902,2
580944,3
580971,2
581005,2
581085,3
581086,2
581091,1
581110,0
581111,3
581120,2
581239,3
581269,2
581307,1
581343,1
581365,1
581385,0
581388,1
581409,3
581412,2
581438,2
581461,0
581491,1
581527,1
581577,1
581595,0
581666,2
581679,0
581685,3
581721,2
581729,0
581770,3
581835,2
581858,2
581901,2
582002,0
582011,3
582038,1
582190,0
582227,3
582241,0
582254,2
582319,2
582320,2
582326,2
582333,2
582343,1
582446,3
582482,2
582484,3
582577,3
582586,0
582636,2
582664,3
582723,3
582729,0
582768,2
582785,3
582796,0
582801,2
582828,1
582833,2
582903,1
582979,2
582995,2
583016,3
583023,2
583038,2
583052,2
583070,3
583087,3
583120,3
583134,1
583166,0
583190,0
583200,2
583297,3
583335,1
583336,3
583342,0
583446,1
583454,1
583483,1
583486,2
583490,0
583499,2
583526,3
583612,3
583623,3
583664,2
583759,3
583764,3
583931,2
583955,0
583976,2
584001,1
584012,3
584030,3
584034,2
584115,1
584134,3
584185,3
584217,0
584241,0
584247,2
584288,1
584423,1
584459,3
584525,2
584530,3
584531,3
584537,2
584549,2
584591,2
584666,2
584787,2
584843,3
584844,2
584875,2
584912,1
584977,2
584998,2
585138,0
585169,0
585187,2
585231,0
585248,3
585250,0
585310,1
585361,0
585492,2
585522,0
585583,3
585585,2
585595,2
585650,1
585717,1
585722,1
585745,2
585768,3
585832,2
585882,2
585915,2
585946,2
585965,2
585986,3
586006,3
586038,1
586063,2
586077,2
586096,2
586122,2
586124,2
586192,2
586251,3
586257,0
586270,3
586272,1
586312,2
586344,0
586357,0
586384,1
586458,0
586471,2
586631,3
586637,2
586644,2
586656,2
586672,1
586701,2
586721,1
586732,1
586762,1
586774,3
586803,0
586811,3
586820,2
586829,0
586850,2
586876,3
586887,2
586936,2
586953,3
587134,2
587195,3
587233,0
587234,3
587304,2
587313,1
587373,2
587459,2
587470,3
587483,2
587538,3
587577,2
587601,0
587642,0
587675,2
587698,1
587753,0
587754,3
587802,2
587810,3
587899,1
588013,1
588048,2
588103,2
588313,1
588355,2
588370,3
588386,1
588391,3
588414,2
588497,1
588507,2
588526,0
588560,0
588582,2
588677,3
588732,1
588797,3
588820,2
588893,2
588919,3
588970,3
589008,0
589121,1
589140,3
589154,3
589162,3
589164,3
589171,3
589228,2
589259,3
589306,3
589311,3
589404,3
589405,3
589414,3
589489,2
589539,0
589630,3
589650,2
589758,2
589775,2
589812,3
589822,0
589868,2
589884,1
589977,2
589995,2
590014,1
590040,2
590077,2
590095,1
590103,2
590123,2
590130,2
590163,3
590202,2
590227,2
590230,1
590379,2
590394,3
590397,0
590400,2
590404,3
590412,2
590420,3
590429,2
590434,2
590442,2
590468,0
590471,2
590473,0
590558,1
590659,0
590697,2
590744,1
590829,2
590843,0
590905,2
590922,2
590954,2
590967,3
590981,2
591003,3
591063,0
591097,3
591155,2
591255,1
591271,0
591328,0
591381,1
591433,1
591478,0
591582,1
591593,1
591599,3
591714,2
591746,2
591835,0
591888,2
592035,3
592079,0
592082,2
592118,0
592132,1
592158,3
592221,1
592366,3
592371,2
592372,1
592378,0
592399,1
592403,2
592445,3
592491,2
592598,3
592707,1
592792,3
592833,3
592886,2
592929,2
592958,0
593020,1
593047,0
593244,1
593350,3
593385,3
593386,1
593398,0
593401,2
593494,2
593536,3
593632,3
593672,1
593719,3
593786,3
593804,0
593833,1
593910,2
594000,0
594027,3
594042,1
594103,3
594123,3
594146,0
594188,3
594238,3
594240,3
594406,1
594410,0
594446,3
594449,3
594503,0
594516,0
594601,1
594644,2
594695,2
594737,3
594824,3
594875,0
594892,2
594914,2
594948,2
594985,2
595026,2
595087,2
595122,2
595123,3
595126,1
595171,1
595183,2
595184,2
595257,2
595283,0
595284,2
595386,2
595414,2
595431,1
595442,2
595506,0
595527,1
595587,3
595624,1
595626,2
595690,0
595740,3
595852,2
595861,2
595897,0
595958,2
596103,1
596153,2
596186,1
596220,2
596222,2
596320,0
596329,0
596335,2
596349,0
596361,1
596409,2
596442,0
596505,2
596559,0
596611,0
596732,3
596820,1
596856,3
596863,3
597003,2
597010,2
597029,2
597300,3
597410,2
597434,2
597498,2
597510,3
597662,0
597734,2
597836,2
597878,2
597946,2
597948,0
597954,2
597955,0
598069,1
598075,3
598185,1
598233,3
598265,3
598276,2
598306,2
598526,0
598533,3
598590,2
598687,2
598691,1
598692,1
598715,3
598832,0
598881,2
598911,1
598945,1
599065,3
599239,3
599244,0
599311,3
599335,2
599348,2
599437,2
599454,2
599649,3
599651,0
599657,2
599765,2
599790,0
599833,3
599909,0
599927,2
599999,0
600011,2
600018,1
600057,1
600078,2
600163,0
600265,1
600287,3
600304,2
600351,2
600395,2
600444,2
600515,1
600561,1
600605,2
600648,2
600690,2
600750,3
600796,0
600833,0
600842,1
600886,2
600926,3
600930,3
601094,0
601104,2
601116,1
601158,1
601282,3
601582,3
601673,3
601882,2
601894,3
601917,1
602120,2
602190,3
602323,1
602433,2
602476,1
602478,0
602598,3
602656,2
602734,1
602748,2
602769,3
602793,3
602827,3
602918,2
602921,2
602925,2
602946,2
602953,2
602962,3
603033,0
603053,2
603100,0
603160,1
603221,0
603278,1
603296,2
603341,0
603345,3
603440,2
603515,1
603592,1
603635,2
603715,2
603809,2
603875,2
603883,2
604136,2
604355,1
604388,1
604592,0
604617,0
604664,0
604688,3
604804,3
604840,1
604916,0
604982,2
605004,2
605096,3
605136,0
605308,0
605311,3
605439,2
605494,3
605558,1
605578,0
605607,3
605615,1
605619,3
605776,1
605780,3
605878,2
605943,0
605945,3
606041,3
606060,2
606094,2
606161,3
606283,3
606290,1
606333,2
606362,2
606456,0
606568,2
606635,2
606648,1
606762,3
606862,2
606930,2
607017,2
607028,2
607152,1
607197,0
607270,2
607280,3
607350,3
607524,0
607626,0
607706,0
607799,3
607931,1
607949,0
607998,2
608039,1
608086,1
608287,3
608296,2
608343,2
608478,2
608520,2
608521,3
608629,1
608725,3
608727,3
608764,3
608786,0
608820,3
608823,1
608860,2
608866,2
608970,0
609051,3
609102,3
609167,2
609221,0
609228,2
609230,1
609236,2
609240,3
609243,3
609262,1
609393,2
609413,3
609673,2
609683,0
609720,3
609763,0
609800,3
609817,2
609838,0
609868,3
610144,2
610226,3
610280,0
610294,2
610306,2
610338,1
610395,2
610474,2
610482,1
610492,1
610530,0
610670,3
610763,3
610793,3
610806,2
610905,0
610909,2
611031,0
611065,2
611087,3
611126,3
611177,3
611251,2
611350,3
611371,1
611583,3
611839,1
611852,2
611887,1
611954,2
612002,3
612128,3
612175,3
612220,0
612226,0
612236,3
612562,0
612685,2
612797,3
612812,0
612976,0
613164,1
613252,0
613275,3
613383,2
613386,0
613442,1
613655,2
613874,2
613921,1
613941,2
614033,2
614092,0
614111,1
614165,1
614311,2
614412,3
614549,1
614595,0
614632,0
614668,3
614748,3
614793,0
614814,0
614828,2
614846,0
614918,2
614933,2
615006,2
615266,2
615307,3
615489,3
615544,0
615674,0
615749,2
615783,1
615881,0
615922,0
616086,0
616125,1
616222,3
616461,3
616470,1
616491,3
616518,2
616692,0
616715,3
616718,2
616734,0
616752,1
616789,0
616795,2
616802,2
616950,1
616992,3
617052,3
617125,2
617199,2
617402,1
617407,3
617458,3
617506,2
617606,0
617743,2
617878,3
617964,0
617990,0
617994,2
618063,2
618088,2
618157,3
618181,2
618201,2
618230,0
618266,3
618308,3
618343,0
618392,0
618418,2
618429,3
618535,3
618642,0
618664,0
618759,0
618780,3
618815,0
618881,2
619079,2
619109,2
619218,2
619321,3
619362,2
619432,1
619520,1
619615,2
619918,1
619938,0
619971,0
619983,0
619988,0
620033,2
620274,2
620300,3
620382,1
620394,3
620453,3
620690,0
620719,0
620884,1
620972,2
620991,1
621072,3
621081,2
621085,0
621113,0
621150,0
621291,2
621552,0
621607,3
621665,3
621811,3
621849,3
621922,1
622149,2
622248,1
622293,1
622343,2
622418,3
622464,2
622708,2
622813,2
623043,2
623077,1
623087,2
623142,3
623417,0
623691,1
623750,3
623815,1
623850,2
623935,0
623941,3
623949,2
623972,2
624198,2
624215,3
624258,2
624497,3
624593,3
624636,2
624762,3
624913,3
625030,2
625089,3
625398,1
625400,3
625555,1
625597,0
625700,0
625703,1
625984,2
626037,0
626067,0
626114,0
626249,0
626318,2
626329,2
626519,2
626520,2
626558,0
626587,0
626645,2
626986,2
627041,2
627158,3
627176,2
627436,2
627451,2
627475,0
627518,1
627617,1
627729,0
627889,2
627893,1
627972,3
628023,2
628033,3
628570,3
628653,2
628671,3
628694,2
628752,3
628762,0
629345,0
629647,1
629701,1
629725,2
629747,0
629803,3
629812,1
629877,2
629952,2
630039,2
630097,2
630176,3
630178,2
630267,1
630607,0
630609,1
630694,2
630738,2
630992,0
631174,1
631201,1
631319,2
631384,0
631388,0
631448,0
631477,3
631787,2
631872,0
631970,2
631975,0
631993,3
632136,2
632239,2
632316,2
632425,3
632461,2
632475,2
632631,2
632665,1
632749,3
632866,0
632965,2
632988,3
633183,2
633195,1
633235,0
633314,3
633406,0
633725,2
633972,0
634130,2
634601,0
634739,0
634795,3
634824,1
635249,2
635300,2
635303,3
635375,0
635442,3
635576,2
635587,2
635666,1
635790,2
635861,1
635949,3
636078,2
636102,2
636251,0
636520,2
636524,2
636526,3
636739,3
636873,2
636874,2
636966,1
637075,2
637086,2
637421,3
637457,2
637555,0
637633,1
637687,2
638140,3
638162,1
638237,0
638565,3
638576,3
638580,0
638598,1
638600,0
638874,2
639009,1
639168,3
639458,2
639510,2
639554,1
639571,2
639894,3
640451,0
640580,2
640649,3
640689,2
640715,2
640849,2
640867,3
640968,2
641012,1
641102,2
641106,2
641310,3
641364,1
641529,0
641537,3
642215,0
642344,2
642364,0
642553,1
642578,3
642679,2
642786,2
642820,3
643324,0
643344,0
643359,1
643469,2
643645,3
643714,2
643929,2
644438,0
644467,3
644639,0
644784,1
644870,2
645022,0
645047,2
645168,1
645415,3
645488,0
645664,0
645685,2
645933,1
645939,0
646127,0
646197,0
646257,1
646259,0
646405,3
646424,2
646455,2
646933,1
646937,3
647016,0
647555,2
647597,0
647638,0
647662,2
647674,3
647804,3
647862,0
648201,0
648379,3
648852,3
648983,1
648990,2
649080,3
649081,2
649208,3
649378,2
649935,0
650049,1
650055,1
650079,2
650606,0
650901,1
651018,0
651030,1
651193,3
651201,2
651269,3
651274,0
651390,3
651491,2
651613,3
651675,3
651744,2
651805,3
651818,2
651828,3
651941,0
651960,0
652003,0
652040,2
652190,0
652359,2
652416,3
652527,1
652737,3
653197,0
653228,0
653281,2
653332,3
653640,3
653724,2
653838,2
653852,2
654233,2
654259,2
654395,3
654687,2
654913,1
655022,0
655051,1
655166,0
655300,2
655499,2
656150,3
656346,3
656422,1
656471,3
656560,3
656626,0
656708,3
656850,0
656873,2
656920,1
657122,3
657343,2
657514,0
657591,1
657629,1
657796,3
658234,0
658528,3
658774,0
659128,3
659161,2
659162,3
659360,1
659664,2
659744,3
659832,2
660110,1
660821,0
660894,0
660903,0
660959,0
661614,0
661639,1
661697,2
661930,0
662010,2
662535,2
662596,1
662750,0
663017,2
663376,3
663565,2
664084,1
664119,0
664401,2
664405,3
664617,2
664663,1
664998,2
665329,2
665397,2
665505,1
665593,2
665676,3
665746,2
665887,3
665892,3
665980,0
666049,1
666174,2
666292,1
666718,2
666942,0
667299,0
667536,1
667643,0
667718,1
667916,2
667929,0
667981,2
668083,0
668172,1
668677,1
668776,3
669140,3
669155,0
669329,1
669348,2
669356,2
669449,2
670471,3
670626,2
670971,2
671066,3
671151,2
671367,1
671368,2
671975,2
671999,0
672009,2
672112,3
672468,3
673076,1
673286,0
673874,3
674375,2
675053,2
675201,3
675594,1
676043,0
676373,3
676570,2
676707,0
676762,2
677209,2
677842,0
677896,3
678536,0
678547,0
678888,2
679040,3
679047,1
679066,2
679442,2
679611,1
679831,1
680424,3
680735,2
681050,2
681581,3
681720,3
682005,0
682247,1
683014,2
683663,0
683976,0
683978,3
684510,3
684521,1
684543,3
684764,1
684806,3
685594,2
685604,2
685958,0
686165,2
686408,2
686445,0
686509,1
686915,0
686920,2
688312,0
688600,1
689037,1
689374,3
689456,0
689624,3
689984,1
690420,3
690422,2
691334,3
691541,1
691546,3
692211,0
692510,2
693301,2
693729,3
693765,3
694265,0
695011,1
695094,2
695132,3
695307,2
695557,1
696475,2
697072,2
698291,1
698573,1
699040,0
699411,2
700028,1
700237,2
700289,0
700666,0
701565,3
702595,3
702877,3
703333,3
704652,3
704870,2
705215,3
705310,2
705984,0
707260,2
707402,0
707525,3
708887,0
709630,0
710489,1
710523,0
711391,3
713557,2
714166,2
714420,3
714504,2
714565,2
715059,2
716337,1
716801,2
717149,1
717546,2
720819,2
720860,3
721496,3
721552,1
721570,0
722828,3
722939,3
724581,2
725357,0
726953,2
727886,2
728820,0
730639,0
732729,3
733654,2
734565,2
735029,2
736075,1
736833,0
739139,0
739518,2
739734,0
741190,0
741773,3
741902,3
742639,3
743151,0
745292,2
746934,0
748759,0
750982,2
751545,3
752933,2
756030,3
756434,3
757930,2
760304,1
760793,2
763129,2
763792,0
765745,0
767426,3
768291,3
770252,0
774666,2
777366,2
777846,3
780167,3
785107,2
785186,3
792549,2
796032,2
801660,3
811077,3
844489,0
