user_id,cluster_gmm
23557,2
94883,1
101486,1
101961,1
106907,0
118043,1
120851,1
125845,1
133058,2
149058,1
152583,1
153982,1
160754,1
164522,0
167852,2
171470,0
174997,0
175032,1
181157,1
182191,0
187212,1
189676,1
190866,1
195192,1
204943,0
204997,0
205044,1
206011,1
216796,0
217114,2
217136,1
220725,0
224996,3
226367,1
228195,2
228872,1
229009,0
229108,0
229330,1
232647,2
249521,3
252835,1
258451,0
264470,1
276512,1
281952,1
283325,1
290123,1
297546,1
298253,2
299476,1
306165,2
306819,0
312488,1
313724,0
316527,1
317688,1
322867,1
324191,1
328590,0
330764,0
330893,1
331039,0
334787,1
337227,2
338086,1
340166,2
343928,3
347778,1
348817,1
348863,2
349132,1
350648,0
353271,3
353694,1
354050,1
354260,1
354311,1
354950,1
356046,1
357737,0
359072,0
359080,3
359653,1
361459,1
361759,3
363535,0
365825,0
371201,2
372970,1
373489,0
374331,0
374340,2
374341,2
375160,2
375729,1
375751,1
376159,1
377069,0
377411,1
378565,1
379543,1
380434,1
380436,1
380757,1
380874,1
380949,0
381259,3
381465,0
382181,1
382384,3
382533,2
385689,1
386255,2
386469,2
386914,0
387282,2
387783,1
388328,1
388767,1
388947,1
389434,0
389662,1
389759,1
390811,1
392453,1
395202,2
395981,1
396552,1
399137,1
399218,1
399799,1
400275,1
400582,1
400899,1
401245,1
402332,1
402978,1
403881,1
404879,1
405305,1
406210,3
407118,0
407250,1
407275,1
407434,2
407642,1
408551,1
409073,1
411179,0
411701,1
413128,1
413340,1
413418,3
413658,0
414128,1
415282,1
415381,1
415581,1
416319,1
416580,0
417679,1
418329,1
418488,1
418692,0
420648,1
420669,0
421247,1
421515,1
421666,0
421700,1
421870,3
422066,1
422668,2
423042,0
423413,2
424553,1
425632,1
425653,2
425953,1
425966,1
426478,0
427426,1
427506,0
428056,1
428552,1
428858,0
429345,2
429375,0
430722,0
431144,1
431337,1
431602,0
431746,1
431899,0
431912,2
432333,1
432637,1
432941,1
433080,1
433339,1
433905,2
434238,1
434623,0
435231,1
435596,1
435669,3
435837,2
435882,0
436320,1
436894,1
437069,1
437162,0
437251,1
437539,1
437549,1
438189,1
438406,1
438551,0
438596,1
438839,1
438937,1
438985,0
438995,2
439052,1
439120,3
439363,1
440212,1
440655,1
441200,1
441205,0
441448,1
441457,3
441982,1
442484,3
442718,1
442812,2
442819,3
442833,1
443305,3
443453,1
443598,1
443652,1
444387,3
444885,1
445351,1
445515,1
446124,1
446138,0
446473,1
446933,1
447053,1
447591,3
447737,1
447951,1
448025,1
448154,1
448295,1
448467,2
448564,1
449033,1
449326,1
449619,1
449804,1
449980,0
450164,1
450193,1
450305,1
450615,1
451291,3
451674,2
452034,0
452532,0
452594,1
452612,0
453143,1
453168,1
454264,2
454430,1
454616,1
454661,1
454920,1
454934,0
454955,1
456226,3
456318,1
456663,1
456671,1
457468,1
457599,1
457967,2
458479,0
458688,1
458725,2
458762,3
458814,1
458855,1
458919,1
459229,1
459486,1
459645,1
460072,1
460181,3
460553,1
460625,0
461559,1
461744,1
461791,1
462127,3
462456,1
462894,2
463652,3
463698,1
463783,1
463867,1
463910,1
464080,3
464160,1
464239,1
464542,1
464597,2
464614,0
464673,1
464782,3
464855,0
465138,1
465343,1
465531,1
465568,2
465731,0
466205,1
466342,2
466723,0
467007,3
467092,0
467339,1
467809,1
467892,0
468106,1
468370,1
468409,0
468666,1
468801,1
468808,1
468832,0
469237,2
469418,2
469440,0
469464,1
469699,1
469767,1
469824,1
471077,1
471161,1
471186,1
471500,1
471565,1
471649,2
471687,1
471717,1
471935,1
471946,2
471973,2
472394,1
472446,3
472614,1
472713,3
472785,1
472966,1
473332,1
473343,1
473402,0
473467,3
473568,1
473712,1
473847,1
474007,3
474120,0
474239,0
474261,1
474278,2
474384,1
474464,1
474546,1
474951,1
474980,1
475060,1
475130,1
475467,1
475531,1
476081,1
476104,1
476124,1
476173,2
476270,1
476393,1
476436,1
476535,1
476665,1
476693,1
476714,1
476742,2
476916,2
476956,1
477285,1
477316,1
477597,1
477730,1
477805,2
478003,1
478146,0
478188,1
478228,1
478291,1
478533,1
478585,1
478760,0
478801,1
478834,2
479071,1
479078,3
479101,1
479254,1
479524,0
479785,2
480186,2
480313,0
480331,1
480690,1
480796,1
480877,1
480895,0
480975,2
481050,1
481245,1
481292,1
481358,2
481554,1
481622,1
481772,2
481781,2
482264,1
482335,2
482424,1
482548,0
482602,1
482621,1
482630,1
482744,1
482811,0
483224,1
483237,1
483345,1
483480,1
483483,1
483525,1
483603,1
483928,1
483982,3
484249,1
484342,0
484418,1
484987,1
485149,1
485260,1
485393,0
485505,1
485518,2
485536,2
485544,1
485591,1
485658,0
485780,1
485785,1
485891,0
485894,1
486046,2
486113,1
486191,2
486261,1
486268,2
486270,1
486366,1
486447,0
486454,1
486605,1
486671,1
486751,0
486823,1
487002,3
487036,3
487040,1
487101,1
487276,3
487352,3
487453,0
487637,1
487680,0
487715,0
487858,1
487954,1
488009,1
488099,2
488246,2
488314,0
488410,1
488430,0
488462,1
488480,0
488511,1
488529,1
488539,2
488672,1
488827,1
488865,1
488870,0
488918,1
488974,1
489096,1
489131,2
489575,1
489635,1
489661,2
489730,1
489785,1
489786,2
489802,1
489844,1
489852,1
489949,0
489953,1
489992,1
490040,1
490107,1
490133,1
490201,1
490348,1
490358,1
490517,1
490576,1
490608,1
490629,1
490671,1
491003,1
491124,1
491141,1
491175,1
491182,1
491241,1
491266,1
491559,1
491597,1
491617,1
491706,1
491772,1
491925,1
491930,1
491995,0
492209,1
492211,3
492287,1
492371,1
492497,0
492614,2
492999,1
493177,1
493409,1
493476,1
493718,1
494294,1
494374,1
494382,1
494441,2
494463,1
494484,3
494590,1
494630,2
494680,1
494704,1
494985,1
495029,0
495042,1
495080,1
495272,1
495273,1
495386,1
495482,1
495592,2
495603,3
495727,1
496016,1
496074,2
496273,1
496286,1
496332,1
496382,1
496408,0
496566,1
496899,0
496972,1
497042,1
497077,0
497108,1
497225,1
497475,3
497615,1
497678,1
497680,1
497829,1
497915,1
498154,1
498199,1
498287,1
498298,3
498357,1
498363,1
498500,0
498574,1
498607,1
498665,0
498857,1
498931,3
499028,1
499038,1
499252,1
499313,1
499366,1
499375,1
499379,3
499461,1
499475,1
499633,1
499634,1
499659,2
499669,1
499751,1
499760,2
499780,2
499810,1
499847,1
499969,2
499979,1
499990,0
500078,1
500196,1
500243,1
500257,1
500288,2
500299,2
500493,1
500532,2
500646,1
500745,3
500773,1
500791,2
500828,1
500972,1
500974,1
501087,1
501125,1
501184,1
501322,1
501344,2
501436,0
501512,1
501708,0
501735,1
501764,1
501780,2
501794,1
501817,1
501830,1
501897,2
501947,0
502063,1
502145,1
502210,0
502212,1
502353,1
502412,1
502435,1
502444,1
502609,1
502626,1
502799,1
502819,2
502826,3
502847,1
502850,2
502875,1
502995,2
503042,1
503049,2
503058,1
503126,2
503161,2
503277,1
503342,0
503418,1
503483,2
503621,1
503760,3
503773,2
503918,2
503928,1
503945,1
503973,1
504081,1
504133,1
504240,1
504299,1
504320,1
504371,3
504435,0
504473,1
504579,2
504610,3
504665,1
504669,1
504786,1
504859,1
504892,1
504916,0
504936,1
504945,1
505062,1
505066,2
505172,0
505230,3
505285,1
505289,1
505358,1
505414,1
505498,1
505617,0
505667,1
505680,1
505713,1
505747,1
505771,1
505854,1
505916,1
505933,0
505941,1
506013,1
506130,1
506186,3
506234,1
506250,1
506347,2
506427,1
506611,3
506652,3
506675,1
506704,1
506777,3
506807,1
506828,1
506837,1
506858,3
506990,2
507036,1
507133,1
507207,2
507273,1
507376,1
507395,0
507431,1
507435,1
507505,1
507513,2
507531,2
507557,3
507573,1
507617,1
507728,1
507732,0
507753,1
507759,1
507773,1
507805,0
508050,1
508096,3
508111,0
508144,1
508153,1
508240,1
508360,1
508367,1
508497,1
508512,2
508546,1
508611,2
508625,0
508693,1
508713,3
508731,1
508829,0
508848,1
508849,1
508856,0
508857,1
508860,1
508866,1
508877,1
508891,0
508892,1
508901,1
508912,0
508917,2
508923,0
508938,1
508940,1
508944,1
508946,1
508964,2
508973,1
509001,2
509024,3
509036,1
509052,2
509061,1
509069,3
509098,1
509115,1
509119,1
509157,1
509160,1
509162,2
509202,1
509221,1
509242,1
509272,2
509278,0
509282,1
509302,3
509316,1
509324,1
509341,1
509346,1
509353,1
509354,1
509359,1
509402,2
509411,1
509413,1
509414,0
509419,1
509421,0
509435,1
509445,1
509453,1
509454,1
509459,2
509467,1
509498,0
509515,1
509516,1
509530,1
509552,2
509598,1
509603,3
509626,3
509635,1
509638,2
509645,0
509681,1
509712,1
509713,1
509717,1
509749,1
509763,1
509765,1
509781,2
509822,1
509826,3
509841,3
509855,2
509876,2
509892,2
509903,1
509919,1
509924,2
509933,1
509969,2
509990,1
510003,1
510022,1
510044,1
510048,1
510061,1
510067,1
510070,3
510078,0
510079,3
510081,1
510090,1
510093,1
510094,1
510104,1
510108,0
510112,1
510114,1
510134,1
510155,1
510156,1
510163,1
510164,1
510170,1
510172,1
510179,3
510185,1
510188,0
510195,1
510198,1
510213,1
510215,1
510219,1
510227,1
510238,1
510239,1
510243,1
510257,3
510270,2
510283,2
510315,1
510316,2
510326,1
510328,1
510343,0
510356,1
510365,1
510369,1
510379,2
510393,1
510418,2
510423,2
510449,1
510452,1
510459,1
510490,2
510494,1
510511,1
510533,1
510537,3
510543,2
510545,2
510558,0
510570,1
510571,0
510575,2
510580,1
510582,1
510585,0
510586,1
510610,1
510618,1
510676,1
510686,1
510694,0
510700,0
510707,1
510719,2
510733,1
510754,1
510779,1
510805,3
510815,1
510822,1
510828,2
510836,1
510841,0
510890,1
510899,1
510944,1
510946,1
510953,3
510960,1
510961,1
510972,1
511017,3
511055,1
511066,1
511093,1
511122,1
511125,1
511126,1
511140,1
511142,1
511145,1
511148,1
511160,1
511178,1
511195,1
511208,1
511219,2
511223,0
511238,2
511260,1
511298,1
511314,3
511326,1
511328,1
511331,0
511364,1
511377,2
511379,1
511397,1
511398,1
511399,1
511418,1
511424,3
511433,1
511440,1
511455,1
511469,1
511489,1
511502,1
511504,1
511535,1
511542,1
511549,1
511552,0
511554,1
511560,1
511567,1
511568,2
511570,1
511577,3
511578,1
511587,1
511589,2
511608,2
511609,1
511613,1
511638,1
511665,0
511666,1
511677,0
511680,1
511697,1
511712,1
511726,1
511739,1
511757,2
511762,1
511764,1
511772,1
511778,1
511783,1
511784,0
511800,1
511803,1
511805,1
511809,1
511811,1
511821,2
511827,0
511851,1
511859,1
511860,1
511862,1
511878,2
511884,1
511902,1
511910,2
511916,3
511923,1
511936,3
511943,1
511977,0
511989,2
511996,1
511998,1
512009,1
512010,3
512016,2
512024,1
512028,3
512060,1
512063,1
512069,1
512078,1
512099,1
512103,0
512144,2
512147,0
512148,2
512163,1
512173,0
512190,2
512193,1
512197,1
512201,1
512204,3
512243,1
512249,2
512266,1
512271,1
512283,1
512289,3
512294,1
512295,1
512301,1
512302,1
512303,1
512305,2
512322,1
512329,1
512362,1
512377,0
512392,1
512397,2
512402,1
512416,2
512418,1
512419,1
512440,1
512443,1
512447,3
512463,3
512495,1
512529,2
512536,1
512552,1
512556,1
512558,0
512587,1
512589,1
512596,1
512598,1
512610,1
512623,2
512628,1
512631,1
512655,1
512671,1
512677,2
512680,3
512691,1
512693,1
512695,1
512696,3
512704,2
512706,1
512780,1
512786,1
512787,1
512791,1
512801,1
512826,1
512831,1
512835,1
512846,1
512848,1
512880,1
512887,1
512888,1
512900,3
512904,3
512922,3
512928,0
512943,1
512945,3
512974,2
512976,1
512984,1
512999,1
513004,1
513005,3
513006,1
513026,1
513030,1
513031,1
513058,1
513089,1
513090,3
513091,2
513093,1
513096,1
513103,1
513126,1
513138,2
513164,1
513206,2
513216,1
513220,1
513221,1
513227,3
513233,1
513236,1
513237,1
513241,2
513242,1
513259,1
513261,2
513289,1
513296,1
513317,2
513322,1
513338,1
513339,1
513345,2
513347,1
513366,1
513381,1
513387,1
513397,1
513402,3
513408,1
513422,1
513425,2
513438,0
513441,0
513470,2
513495,1
513497,1
513509,0
513543,0
513546,2
513555,1
513568,3
513569,3
513582,1
513602,2
513611,1
513613,1
513620,3
513625,0
513627,1
513628,1
513638,1
513659,1
513661,2
513683,1
513714,2
513721,1
513742,2
513761,1
513776,3
513787,0
513791,1
513796,1
513800,2
513807,0
513823,2
513826,1
513844,3
513853,1
513856,1
513860,3
513869,0
513875,0
513917,1
513926,1
513933,1
513953,1
513956,1
513964,1
513967,3
513995,1
514002,1
514003,1
514021,2
514023,1
514053,1
514071,1
514076,1
514113,3
514132,1
514133,1
514164,1
514167,0
514206,1
514208,1
514210,1
514215,1
514235,1
514261,1
514275,1
514289,2
514300,0
514315,3
514318,1
514324,1
514337,1
514342,1
514344,3
514370,1
514384,1
514395,1
514457,1
514460,1
514461,1
514501,2
514503,2
514515,1
514526,1
514551,2
514586,1
514589,1
514617,1
514623,1
514627,1
514638,1
514639,2
514642,2
514660,1
514675,1
514682,1
514684,2
514689,1
514737,1
514785,1
514810,1
514830,1
514867,1
514876,2
514892,1
514893,2
514899,1
514925,0
514926,1
514931,2
514944,1
514951,3
514953,0
514980,1
514981,1
515004,1
515013,3
515020,3
515030,1
515051,1
515058,1
515060,1
515085,0
515103,1
515124,0
515131,1
515139,0
515161,1
515168,2
515182,1
515198,2
515200,1
515202,2
515205,0
515229,0
515240,2
515243,1
515258,1
515271,1
515274,1
515306,1
515330,1
515344,1
515398,1
515409,1
515421,1
515423,1
515436,2
515478,1
515490,1
515502,2
515514,2
515516,2
515523,3
515529,1
515530,2
515565,1
515578,1
515580,1
515586,1
515610,0
515634,2
515639,1
515645,1
515666,1
515675,0
515684,1
515688,1
515694,1
515713,1
515727,1
515735,3
515739,1
515751,1
515764,1
515778,1
515802,1
515818,2
515831,1
515835,1
515854,2
515874,2
515891,1
515901,1
515908,1
515941,1
515947,1
515953,1
515974,3
515985,1
516001,2
516004,1
516006,1
516039,2
516053,1
516057,0
516061,1
516076,2
516086,2
516089,1
516092,1
516105,2
516117,1
516118,1
516127,2
516132,0
516144,1
516150,2
516152,1
516176,1
516177,1
516178,3
516211,0
516216,1
516217,2
516243,2
516246,1
516251,1
516269,1
516273,1
516282,1
516283,0
516287,0
516290,1
516296,1
516301,0
516340,2
516351,1
516368,0
516375,1
516418,1
516420,3
516433,2
516456,1
516507,1
516516,3
516528,1
516543,0
516556,1
516561,1
516571,3
516578,1
516579,1
516583,2
516590,3
516593,1
516594,1
516614,1
516616,1
516620,2
516639,1
516647,1
516679,0
516680,2
516682,2
516694,3
516697,2
516704,1
516732,1
516739,1
516744,2
516763,1
516765,2
516789,1
516798,1
516806,0
516808,1
516827,1
516833,3
516841,3
516862,2
516933,0
516939,1
516965,1
516967,2
516972,1
517033,2
517061,1
517064,3
517076,1
517105,1
517119,1
517131,0
517142,1
517143,2
517150,1
517158,1
517205,1
517212,1
517219,2
517231,3
517284,3
517324,2
517330,3
517356,0
517370,1
517392,0
517393,1
517397,1
517403,1
517415,3
517438,1
517445,1
517467,3
517486,1
517491,1
517543,2
517545,1
517548,1
517549,1
517571,1
517579,3
517581,1
517596,1
517622,2
517633,1
517653,1
517674,1
517675,1
517676,3
517700,1
517715,3
517732,1
517735,1
517739,1
517743,1
517772,0
517776,3
517787,0
517803,1
517819,1
517825,1
517839,1
517847,1
517871,1
517894,1
517898,0
517925,0
517931,1
517961,0
517967,1
517968,1
518012,1
518015,1
518041,2
518044,1
518074,1
518084,0
518092,1
518121,1
518127,1
518135,0
518191,0
518196,3
518211,1
518219,1
518281,1
518324,1
518334,1
518338,3
518347,1
518348,1
518354,2
518372,1
518393,1
518406,1
518416,1
518422,2
518443,3
518450,2
518480,1
518495,1
518516,1
518526,1
518527,1
518533,1
518535,1
518541,1
518567,3
518579,1
518582,3
518585,1
518612,1
518628,2
518629,0
518639,3
518642,2
518645,2
518694,1
518696,2
518711,1
518716,1
518722,1
518726,2
518735,2
518743,1
518747,1
518751,1
518756,0
518826,1
518827,1
518865,1
518866,1
518867,1
518870,1
518894,1
518896,0
518907,1
518922,2
518925,2
518931,2
518954,1
518956,1
518963,1
518971,3
518998,1
519014,1
519059,1
519079,1
519089,3
519091,1
519096,1
519114,1
519117,1
519137,1
519140,1
519171,1
519191,2
519205,1
519210,1
519211,1
519248,0
519254,1
519260,3
519267,1
519285,1
519312,2
519313,1
519335,2
519348,1
519353,2
519357,1
519368,3
519383,0
519392,1
519393,1
519406,2
519412,1
519419,1
519430,1
519446,1
519469,0
519515,1
519529,1
519532,3
519541,1
519548,2
519554,1
519561,2
519595,1
519596,1
519604,1
519626,1
519631,1
519664,1
519687,2
519694,1
519695,1
519706,2
519709,0
519718,0
519722,2
519725,3
519726,1
519747,0
519769,1
519774,1
519787,0
519799,1
519846,1
519848,1
519853,1
519859,1
519885,1
519888,1
519893,1
519896,3
519897,2
519905,1
519911,1
519912,1
519943,2
519955,1
519957,1
519961,1
519965,1
519982,0
520054,1
520063,1
520097,1
520106,1
520141,1
520152,1
520170,3
520175,1
520177,1
520182,1
520188,1
520193,1
520225,1
520244,1
520248,1
520250,1
520256,1
520265,1
520277,1
520291,1
520298,1
520307,1
520311,3
520314,2
520327,1
520358,1
520373,1
520397,0
520405,3
520411,1
520422,1
520429,0
520436,1
520440,2
520480,1
520491,1
520497,1
520527,1
520530,1
520532,1
520539,0
520556,1
520558,1
520561,2
520603,2
520619,1
520680,1
520696,0
520708,1
520719,1
520733,1
520745,1
520762,1
520770,1
520771,2
520780,2
520783,1
520804,1
520819,1
520821,1
520844,3
520851,1
520861,0
520877,1
520878,1
520882,2
520885,0
520898,1
520902,1
520920,2
520934,1
520947,0
520959,1
521000,1
521004,1
521009,2
521031,1
521033,1
521044,1
521060,1
521062,2
521065,0
521066,1
521070,3
521109,1
521127,1
521152,1
521170,1
521185,1
521186,1
521187,2
521192,1
521201,3
521211,2
521212,0
521235,3
521250,3
521259,1
521282,1
521286,1
521293,1
521295,1
521298,1
521309,1
521316,1
521331,0
521335,0
521343,1
521379,1
521392,1
521404,1
521408,1
521416,1
521434,1
521462,3
521474,3
521491,0
521509,1
521510,1
521514,1
521587,1
521607,1
521609,1
521642,2
521657,1
521658,1
521663,2
521695,1
521708,1
521719,3
521720,1
521743,1
521748,1
521768,1
521785,1
521814,1
521818,0
521859,1
521865,1
521883,3
521884,1
521885,1
521904,1
521921,1
521925,1
521941,1
521943,1
521956,1
521963,3
521986,1
521992,1
521997,1
522001,2
522005,1
522062,1
522086,1
522111,0
522112,1
522115,0
522118,1
522134,2
522152,0
522171,1
522179,1
522184,2
522201,2
522223,1
522233,0
522237,1
522263,1
522265,1
522276,1
522286,1
522315,3
522323,1
522364,1
522373,1
522375,1
522387,2
522402,1
522420,0
522426,1
522427,1
522438,1
522441,1
522445,1
522457,1
522465,3
522476,1
522484,1
522513,1
522523,1
522532,1
522533,3
522585,1
522607,1
522624,2
522631,1
522633,1
522634,1
522639,1
522654,1
522687,3
522738,3
522745,1
522748,1
522761,0
522788,2
522800,1
522809,1
522873,2
522898,3
522911,2
522927,1
522937,1
522939,1
522943,2
522944,1
522970,1
522981,1
522999,1
523030,3
523057,2
523073,1
523077,1
523090,1
523098,1
523146,1
523158,1
523209,1
523228,1
523231,1
523256,1
523271,1
523273,2
523290,1
523299,0
523301,1
523335,1
523338,1
523392,1
523395,1
523442,1
523454,1
523465,1
523474,1
523484,1
523503,2
523505,1
523511,3
523513,1
523517,1
523526,1
523546,3
523559,1
523612,1
523619,1
523657,1
523666,1
523686,1
523690,1
523700,3
523710,1
523715,0
523717,1
523729,2
523735,1
523746,1
523756,1
523768,0
523771,1
523787,3
523800,1
523807,1
523819,1
523824,3
523841,1
523842,1
523845,1
523846,1
523860,1
523866,3
523877,1
523887,2
523913,1
523938,3
523981,1
524001,1
524012,1
524031,1
524036,1
524038,1
524043,1
524046,0
524052,1
524057,2
524076,1
524080,1
524098,2
524116,1
524120,1
524151,1
524167,1
524169,1
524172,2
524180,1
524194,0
524200,1
524211,1
524214,2
524226,1
524244,1
524251,1
524278,1
524313,1
524318,2
524328,1
524358,0
524365,1
524383,1
524407,1
524412,1
524419,3
524448,0
524473,1
524484,2
524511,1
524572,1
524606,0
524607,1
524615,1
524620,1
524628,1
524637,1
524644,1
524650,1
524663,1
524668,1
524682,1
524722,1
524728,2
524739,3
524766,1
524797,2
524805,1
524807,1
524821,0
524834,1
524842,2
524849,1
524861,1
524880,2
524885,2
524895,1
524909,1
524913,2
524923,3
524926,1
524929,1
524940,2
524980,0
525022,0
525034,1
525043,1
525053,1
525056,1
525081,1
525089,1
525102,1
525106,1
525168,1
525175,2
525176,3
525201,1
525212,3
525227,1
525234,0
525244,1
525265,1
525281,1
525308,2
525323,1
525332,0
525356,1
525377,2
525379,2
525389,1
525405,1
525410,1
525415,1
525447,0
525488,0
525515,1
525529,1
525546,1
525555,0
525591,1
525610,0
525611,1
525615,1
525631,0
525647,2
525671,1
525684,1
525716,1
525722,1
525734,1
525761,2
525769,1
525789,3
525804,1
525806,1
525824,1
525842,1
525844,0
525848,2
525864,3
525879,1
525920,1
525975,1
525996,1
526032,2
526036,2
526062,1
526079,1
526084,1
526102,1
526144,1
526154,1
526174,1
526179,1
526184,2
526203,0
526206,3
526221,3
526235,1
526239,1
526256,1
526258,1
526291,2
526297,1
526303,2
526308,0
526332,1
526354,1
526365,1
526367,1
526372,1
526378,1
526409,1
526431,1
526435,2
526443,2
526445,1
526471,1
526490,3
526492,1
526495,1
526540,1
526565,1
526570,0
526628,1
526668,1
526676,0
526683,1
526690,3
526711,1
526727,0
526729,1
526740,2
526759,1
526782,1
526789,1
526837,0
526855,1
526858,2
526867,1
526872,2
526873,1
526900,1
526901,1
526905,1
526913,1
526916,2
526925,2
526950,1
526959,1
526970,1
527001,2
527004,1
527019,3
527038,1
527046,1
527075,1
527081,1
527082,1
527109,1
527130,0
527132,1
527133,0
527141,1
527142,1
527150,1
527154,1
527158,0
527187,1
527197,1
527219,1
527232,1
527253,1
527280,2
527321,2
527326,1
527344,1
527346,1
527354,1
527359,1
527365,3
527389,2
527393,1
527396,1
527401,0
527406,1
527445,2
527451,1
527452,1
527455,0
527464,1
527467,1
527470,1
527490,1
527507,1
527508,1
527518,1
527524,2
527536,2
527541,2
527552,2
527560,2
527564,1
527585,1
527605,1
527689,2
527690,1
527726,0
527735,3
527750,2
527782,0
527783,1
527801,2
527824,1
527850,1
527857,2
527886,1
527928,1
527944,1
527945,2
527984,1
527987,1
527995,1
528020,1
528028,1
528046,1
528061,1
528098,2
528105,1
528122,1
528137,2
528139,2
528158,1
528164,3
528179,2
528186,1
528193,1
528216,1
528242,1
528244,1
528248,1
528281,1
528322,1
528330,1
528354,1
528372,2
528378,1
528379,1
528411,1
528413,2
528417,1
528421,1
528455,1
528461,2
528490,1
528500,0
528522,1
528528,3
528542,1
528567,1
528580,1
528612,1
528657,1
528661,1
528683,1
528688,2
528690,1
528706,1
528723,1
528735,1
528743,0
528744,1
528777,1
528816,0
528826,1
528827,1
528828,1
528829,1
528839,0
528842,3
528844,1
528906,1
528909,2
528929,1
528930,1
528936,2
528942,1
528953,0
528965,1
528967,3
528995,1
528999,1
529019,3
529023,1
529048,3
529050,1
529082,1
529205,0
529214,3
529216,2
529224,1
529229,1
529231,3
529237,1
529249,1
529284,2
529309,1
529332,1
529338,1
529362,0
529406,1
529420,2
529421,1
529422,1
529424,1
529428,1
529436,3
529488,3
529501,1
529502,1
529510,1
529513,1
529520,3
529566,1
529602,0
529677,2
529678,1
529689,1
529695,1
529704,0
529734,1
529737,2
529768,1
529781,3
529783,2
529787,1
529801,1
529831,1
529840,2
529845,1
529857,2
529879,1
529887,3
529913,2
529940,3
529972,1
530004,1
530039,1
530090,1
530118,1
530188,1
530196,0
530199,0
530213,1
530223,1
530240,1
530277,1
530278,3
530282,1
530298,1
530315,1
530322,1
530329,2
530365,1
530371,1
530374,1
530379,3
530383,1
530385,1
530421,1
530427,1
530453,2
530463,1
530468,1
530514,0
530543,1
530563,1
530579,1
530581,2
530585,1
530592,1
530599,2
530607,1
530625,1
530627,1
530633,2
530645,1
530649,1
530656,1
530665,1
530666,1
530667,0
530672,2
530673,2
530687,1
530719,1
530720,0
530724,1
530739,1
530743,1
530754,1
530773,1
530775,1
530797,1
530801,1
530810,1
530811,2
530833,1
530869,2
530873,2
530881,1
530906,1
530949,1
530950,1
530978,1
531006,1
531009,1
531016,1
531020,1
531027,1
531031,0
531054,1
531073,1
531094,1
531109,1
531143,1
531144,1
531158,1
531198,1
531204,1
531217,1
531253,1
531255,2
531322,1
531339,0
531344,1
531361,3
531373,1
531386,1
531427,0
531431,1
531447,1
531456,2
531467,1
531471,1
531475,2
531499,1
531500,2
531511,1
531512,1
531557,1
531562,2
531568,1
531615,2
531620,2
531625,1
531650,1
531654,0
531663,1
531670,1
531682,2
531735,2
531739,1
531744,1
531745,0
531771,1
531777,1
531789,1
531795,3
531803,2
531807,1
531824,1
531834,3
531844,1
531847,3
531857,3
531868,3
531884,1
531921,1
531926,2
531931,1
531959,3
531967,2
531971,3
531987,1
531989,1
531994,1
532063,1
532064,0
532073,1
532101,2
532106,1
532119,1
532159,3
532215,1
532225,1
532233,1
532258,1
532259,1
532279,2
532312,1
532329,0
532347,1
532361,1
532365,1
532381,0
532387,1
532388,1
532390,1
532410,0
532426,0
532432,2
532433,1
532500,3
532519,1
532535,1
532544,0
532568,1
532607,1
532622,1
532623,1
532627,2
532637,2
532650,1
532651,1
532653,1
532656,1
532705,3
532710,3
532711,3
532721,1
532725,0
532730,3
532742,1
532748,1
532750,3
532774,2
532810,1
532823,1
532835,2
532843,1
532863,1
532866,1
532901,1
532905,2
532912,1
532941,0
532989,1
533048,2
533093,3
533117,1
533123,1
533129,1
533155,1
533187,2
533199,1
533204,2
533211,1
533222,1
533248,1
533251,1
533283,1
533291,1
533302,1
533327,3
533357,1
533378,1
533388,0
533393,2
533396,1
533402,1
533404,0
533411,1
533449,3
533464,1
533490,1
533492,3
533497,1
533518,1
533527,1
533537,1
533542,1
533550,1
533573,3
533575,1
533598,1
533613,1
533617,1
533656,1
533716,1
533742,1
533755,0
533759,1
533773,1
533782,1
533809,1
533827,2
533846,1
533859,1
533895,1
533908,1
533932,0
533975,2
533985,1
533990,1
534040,1
534045,1
534066,1
534082,2
534088,1
534105,1
534179,1
534190,1
534246,1
534254,3
534295,1
534333,1
534351,1
534360,1
534378,3
534380,3
534391,1
534445,0
534474,1
534499,2
534564,1
534586,2
534594,1
534604,2
534607,1
534608,1
534661,2
534688,1
534697,3
534703,0
534742,3
534747,1
534782,1
534793,3
534798,1
534825,2
534840,1
534842,3
534858,0
534895,1
534903,1
534939,1
534948,1
534957,1
534971,1
534986,3
535003,2
535007,0
535024,0
535035,1
535047,1
535051,1
535060,1
535063,1
535081,1
535099,1
535135,1
535136,1
535149,1
535155,2
535177,1
535189,1
535229,1
535266,2
535311,1
535341,1
535365,1
535398,1
535441,1
535447,1
535459,1
535473,2
535495,1
535497,2
535502,1
535553,1
535595,3
535600,1
535610,1
535625,3
535637,1
535644,1
535682,2
535686,0
535701,1
535702,1
535706,3
535734,1
535737,2
535746,1
535747,1
535791,1
535795,1
535878,1
535879,1
535885,1
535896,1
535905,0
535906,1
535912,1
535942,1
535983,2
535994,2
536000,0
536016,1
536034,3
536035,1
536039,0
536050,1
536058,1
536066,1
536086,1
536099,1
536135,2
536170,2
536212,0
536228,2
536229,2
536241,1
536275,1
536278,1
536313,1
536343,1
536387,3
536431,1
536467,1
536469,1
536474,0
536488,2
536489,3
536490,1
536532,1
536566,1
536574,1
536594,2
536604,1
536622,1
536641,1
536651,1
536652,1
536656,1
536658,1
536659,1
536672,3
536675,1
536691,1
536695,1
536763,1
536764,1
536782,1
536791,1
536810,1
536843,1
536876,1
536893,3
536951,1
536964,1
536995,3
537038,3
537066,1
537098,1
537121,2
537123,1
537177,0
537181,1
537212,3
537227,1
537289,1
537317,1
537373,1
537393,1
537400,2
537412,1
537413,0
537414,1
537470,2
537481,2
537507,0
537560,1
537580,3
537586,1
537595,1
537659,2
537671,1
537676,0
537688,3
537723,3
537725,1
537748,1
537770,1
537776,2
537795,3
537804,3
537818,1
537819,1
537834,1
537860,1
537861,1
537904,1
537922,1
537926,2
537975,2
538069,0
538074,1
538084,1
538108,0
538112,1
538131,1
538134,1
538139,3
538147,0
538167,1
538188,1
538197,1
538214,1
538216,3
538260,1
538270,1
538274,3
538279,1
538306,1
538319,1
538321,2
538331,1
538349,1
538350,0
538388,1
538413,0
538426,3
538432,1
538438,1
538441,0
538454,3
538457,1
538458,1
538463,2
538489,1
538511,2
538522,1
538529,1
538538,1
538608,1
538638,1
538641,0
538666,0
538677,3
538680,1
538681,3
538691,1
538696,2
538703,1
538714,1
538780,1
538788,1
538814,2
538883,1
538915,1
538919,0
538944,1
538976,1
539008,1
539010,1
539012,1
539093,1
539105,1
539135,1
539140,1
539146,1
539209,1
539221,1
539243,3
539267,1
539283,1
539300,1
539304,2
539307,2
539315,1
539317,1
539320,1
539337,1
539338,1
539384,1
539414,1
539426,3
539453,2
539460,1
539493,2
539510,1
539519,1
539528,0
539542,2
539558,1
539566,3
539611,1
539625,1
539627,1
539637,3
539648,1
539656,2
539669,3
539671,1
539710,0
539729,1
539782,2
539794,1
539855,1
539864,1
539866,2
539868,1
539883,1
539888,2
539899,2
539912,1
539916,1
539917,1
539919,0
539936,1
539953,1
539962,0
540014,1
540029,3
540043,2
540094,1
540138,2
540147,1
540150,1
540180,1
540199,1
540226,2
540244,1
540252,1
540253,1
540260,1
540302,1
540306,1
540308,3
540319,1
540347,1
540348,1
540413,1
540415,1
540444,1
540455,1
540475,1
540502,1
540527,1
540557,1
540572,0
540580,1
540597,1
540605,3
540614,0
540622,1
540642,2
540652,2
540653,2
540654,1
540656,1
540664,1
540666,1
540698,1
540708,1
540718,1
540733,1
540777,2
540819,0
540837,1
540857,2
540863,2
540924,2
540941,2
540966,2
540973,1
540974,1
541001,1
541034,2
541040,0
541041,3
541047,0
541061,2
541083,3
541084,1
541112,1
541132,2
541150,1
541162,0
541168,1
541176,1
541193,2
541216,1
541224,1
541235,1
541236,2
541240,1
541249,1
541259,1
541262,0
541282,0
541289,1
541326,1
541352,1
541357,3
541382,1
541389,1
541438,1
541454,1
541497,2
541505,1
541516,1
541539,0
541540,1
541612,1
541649,1
541672,1
541699,1
541700,1
541734,1
541735,2
541752,1
541764,1
541812,1
541878,1
541901,1
541906,0
541921,3
541923,1
541931,1
541939,1
541967,1
541972,1
541980,3
541988,2
541998,1
541999,2
542012,1
542015,1
542027,1
542036,1
542056,0
542059,1
542065,0
542080,1
542095,0
542142,0
542153,1
542189,1
542194,1
542196,2
542208,1
542230,0
542254,1
542267,2
542270,1
542277,1
542282,1
542303,1
542316,2
542326,1
542334,1
542358,1
542366,1
542383,1
542418,0
542451,1
542471,1
542482,2
542570,1
542585,1
542605,1
542638,2
542657,1
542658,3
542663,1
542670,1
542706,2
542752,1
542760,1
542767,3
542795,1
542796,1
542805,1
542812,2
542815,2
542825,1
542843,1
542850,1
542857,2
542874,0
542914,1
542918,3
542937,1
542965,2
542976,1
543008,0
543038,1
543052,1
543074,1
543075,1
543081,1
543114,1
543126,3
543165,1
543222,0
543237,3
543240,3
543271,1
543273,1
543304,1
543306,1
543327,1
543339,1
543352,1
543375,1
543385,1
543428,2
543437,1
543476,2
543497,1
543557,1
543559,1
543618,3
543620,2
543659,1
543660,2
543666,1
543668,1
543671,3
543694,1
543696,2
543713,1
543716,1
543723,2
543728,1
543778,1
543810,1
543816,2
543817,2
543826,1
543885,2
543900,1
543927,1
543928,3
543937,1
543952,3
543968,1
543976,0
544002,1
544008,1
544012,1
544015,1
544043,1
544163,1
544207,1
544254,1
544256,1
544271,3
544333,2
544364,2
544367,1
544391,1
544406,0
544414,1
544425,2
544444,1
544447,2
544449,1
544469,1
544472,2
544476,1
544480,1
544495,0
544497,2
544507,2
544513,1
544536,2
544549,1
544595,1
544604,1
544627,1
544640,1
544647,2
544680,1
544683,1
544685,0
544694,1
544698,2
544747,1
544749,1
544818,1
544839,1
544868,1
544926,1
545010,1
545011,1
545012,1
545063,2
545070,1
545089,0
545109,1
545115,1
545132,1
545208,1
545209,0
545226,1
545247,2
545249,1
545264,2
545272,1
545281,2
545290,1
545300,1
545317,1
545318,1
545327,1
545344,0
545345,1
545360,2
545375,1
545399,1
545404,0
545446,3
545465,1
545510,1
545518,0
545551,1
545577,1
545629,1
545633,1
545634,1
545652,1
545684,0
545736,0
545745,3
545748,1
545754,2
545755,1
545758,1
545763,0
545770,1
545771,1
545803,1
545805,1
545810,2
545848,2
545865,1
545879,0
545936,1
545939,1
545958,2
545981,1
546008,1
546050,1
546061,1
546064,1
546065,1
546072,1
546121,3
546127,1
546130,1
546131,0
546161,1
546164,0
546190,1
546224,1
546256,1
546280,0
546282,1
546307,0
546334,1
546395,0
546399,2
546419,0
546437,1
546462,2
546470,2
546485,1
546509,1
546529,0
546587,1
546612,1
546648,1
546664,1
546671,1
546679,1
546688,0
546702,1
546728,3
546740,1
546756,1
546774,1
546842,2
546844,1
546847,0
546857,2
546864,0
546867,1
546881,1
546882,0
546884,2
546888,0
546900,1
546937,2
546964,1
546972,1
547006,0
547007,1
547037,1
547070,1
547100,0
547130,0
547150,0
547164,0
547175,3
547180,1
547181,3
547201,2
547266,1
547301,2
547320,2
547325,1
547336,1
547342,1
547412,1
547453,1
547458,1
547459,3
547483,1
547512,1
547555,0
547559,3
547568,1
547594,0
547606,1
547613,1
547617,3
547663,1
547664,1
547693,0
547761,1
547776,1
547779,1
547792,1
547817,2
547823,1
547825,3
547834,2
547836,1
547857,3
547862,1
547878,0
547911,1
547938,2
547951,1
547966,1
547997,2
548006,1
548022,1
548032,1
548037,1
548040,1
548093,2
548109,1
548113,1
548120,3
548123,2
548185,2
548189,0
548190,1
548193,0
548222,3
548228,2
548230,3
548256,1
548258,1
548272,1
548307,1
548310,1
548391,1
548408,1
548422,0
548434,1
548448,3
548474,2
548488,1
548490,1
548504,3
548560,1
548568,1
548587,1
548635,1
548651,1
548653,1
548672,1
548708,1
548743,1
548853,1
548859,1
548872,2
548961,0
548967,1
548978,1
548988,1
548990,1
549058,3
549115,0
549116,1
549121,0
549141,2
549152,0
549154,1
549190,0
549202,1
549235,2
549251,3
549274,2
549281,1
549290,2
549292,1
549293,2
549303,1
549313,1
549320,2
549357,1
549359,1
549361,1
549366,2
549367,1
549377,0
549389,2
549390,2
549450,0
549466,3
549472,3
549482,1
549515,1
549569,3
549572,1
549579,1
549580,1
549584,1
549608,2
549611,1
549623,1
549631,1
549710,1
549714,1
549733,3
549746,1
549759,2
549764,3
549777,1
549797,1
549800,1
549850,3
549894,2
549938,0
549988,2
549992,3
550017,1
550019,1
550022,2
550028,2
550068,1
550071,1
550077,1
550105,1
550110,0
550134,1
550193,2
550200,1
550202,3
550221,1
550222,1
550229,1
550233,1
550298,2
550300,1
550317,1
550400,0
550421,1
550426,1
550442,1
550455,1
550459,1
550460,1
550482,2
550506,1
550514,0
550572,1
550579,3
550599,0
550627,2
550703,2
550711,3
550752,1
550754,1
550796,2
550804,3
550805,1
550830,0
550868,1
550871,1
550887,2
550904,1
550973,1
550985,1
551023,0
551032,1
551042,1
551051,2
551088,1
551116,1
551166,1
551210,2
551211,2
551217,1
551237,1
551241,1
551245,0
551278,1
551282,1
551331,1
551340,2
551359,1
551430,1
551431,2
551448,1
551468,1
551473,2
551486,3
551488,2
551501,2
551549,3
551560,1
551567,1
551576,3
551600,0
551615,2
551620,1
551622,0
551627,1
551662,1
551665,1
551671,2
551681,1
551685,3
551718,1
551729,3
551804,1
551834,3
551847,1
551890,1
551908,2
551914,1
551935,2
551963,1
551967,1
551978,3
551990,3
552036,1
552088,1
552165,2
552172,0
552192,1
552209,2
552302,2
552303,1
552313,1
552314,1
552345,1
552348,1
552363,1
552364,2
552366,1
552372,1
552384,3
552414,1
552432,3
552440,1
552473,3
552487,1
552506,2
552532,1
552535,1
552558,1
552573,3
552597,1
552598,1
552613,1
552623,0
552642,1
552643,1
552649,1
552653,0
552661,1
552726,2
552732,1
552734,1
552760,1
552763,1
552775,3
552809,1
552861,0
552904,1
552929,1
552944,1
552945,1
553017,1
553054,0
553139,1
553151,1
553208,2
553219,1
553220,0
553231,1
553245,1
553339,1
553361,1
553456,1
553533,1
553559,3
553568,1
553607,1
553631,2
553633,2
553645,3
553664,1
553690,2
553704,3
553743,2
553751,1
553754,1
553773,0
553783,1
553791,1
553805,1
553876,1
553901,3
553904,3
553938,0
553943,1
553955,1
553967,0
553984,1
553985,0
554026,1
554079,1
554141,1
554155,1
554163,1
554175,1
554202,3
554213,0
554217,1
554269,1
554284,1
554289,2
554299,2
554357,2
554413,1
554444,1
554450,2
554507,3
554532,1
554560,3
554609,1
554632,2
554670,1
554681,2
554724,2
554753,3
554801,3
554853,1
554866,2
554885,1
554922,1
554939,2
554949,2
554956,1
554961,1
555030,0
555058,3
555075,2
555083,3
555108,1
555135,1
555147,3
555151,3
555180,1
555186,1
555187,2
555191,1
555193,1
555203,2
555206,1
555250,3
555257,0
555275,3
555277,3
555299,1
555301,1
555310,0
555326,1
555334,2
555418,2
555428,1
555478,3
555484,1
555492,3
555499,1
555521,1
555563,1
555587,1
555600,1
555648,1
555656,2
555698,0
555710,1
555712,2
555751,1
555770,1
555773,0
555782,1
555784,1
555796,1
555818,2
555850,1
555852,1
555894,1
555934,1
555960,2
555990,2
555997,1
556015,1
556019,1
556043,2
556052,1
556067,1
556111,1
556119,1
556127,1
556138,1
556199,2
556214,1
556215,1
556268,1
556274,2
556314,3
556347,1
556391,1
556395,2
556417,2
556533,1
556579,0
556621,2
556622,1
556623,0
556647,1
556673,3
556714,1
556744,1
556824,1
556827,3
556830,2
556841,1
556887,0
556900,2
556904,3
556906,1
557005,3
557010,2
557033,1
557036,3
557055,1
557107,1
557108,1
557118,1
557134,1
557236,1
557248,2
557262,0
557282,1
557298,1
557307,1
557314,1
557343,1
557402,1
557449,1
557476,1
557492,1
557496,1
557508,1
557525,1
557562,1
557569,0
557643,1
557672,1
557692,1
557726,0
557762,0
557794,1
557799,2
557815,0
557834,0
557851,1
557875,1
557876,1
557879,0
557887,1
557921,1
557932,1
557956,3
557957,1
557963,0
557986,3
557992,2
558018,1
558019,1
558081,1
558114,0
558138,1
558147,2
558202,3
558204,3
558251,1
558270,1
558277,1
558294,1
558300,1
558362,1
558388,1
558394,1
558395,2
558437,1
558466,1
558489,1
558506,1
558513,1
558651,3
558659,1
558682,1
558774,3
558786,1
558838,1
558851,0
558852,2
558919,2
558920,1
558966,1
558987,1
558988,3
559068,0
559071,3
559093,1
559094,2
559107,1
559112,1
559146,1
559148,1
559164,3
559176,3
559194,3
559211,1
559226,3
559228,1
559266,1
559277,3
559324,1
559345,2
559368,1
559407,1
559432,0
559441,2
559461,2
559464,1
559465,2
559468,1
559469,1
559473,1
559520,1
559537,1
559547,2
559661,0
559695,0
559712,1
559758,2
559772,1
559775,1
559782,1
559787,3
559794,1
559832,2
559834,1
559846,1
559863,1
559901,1
559918,1
559936,0
559981,1
559995,1
560015,3
560035,1
560065,1
560078,1
560085,0
560090,1
560125,1
560175,1
560195,1
560213,1
560245,1
560257,2
560273,1
560279,2
560291,1
560341,1
560362,1
560367,1
560374,1
560433,2
560468,1
560478,1
560495,2
560497,3
560508,2
560511,1
560519,1
560529,2
560627,0
560672,1
560680,0
560723,2
560733,1
560739,0
560747,1
560796,1
560803,1
560854,3
560870,1
560888,1
560897,1
560915,3
560929,1
560948,2
560949,1
560978,0
560991,1
561013,1
561031,0
561033,1
561037,1
561044,2
561054,3
561156,2
561201,3
561243,1
561288,2
561326,1
561331,1
561333,2
561339,1
561353,1
561367,1
561386,1
561503,1
561519,2
561642,1
561652,1
561653,3
561665,3
561687,3
561699,3
561707,0
561710,1
561798,1
561837,1
561846,0
561864,1
561896,1
561908,0
561945,1
561950,0
561992,1
561994,1
562010,1
562032,2
562042,1
562108,1
562148,1
562161,1
562192,1
562209,1
562238,1
562275,0
562283,2
562315,1
562334,1
562338,1
562362,1
562398,1
562416,1
562417,1
562428,1
562490,3
562516,2
562529,1
562576,2
562585,1
562587,2
562612,0
562641,1
562648,1
562708,1
562814,2
562832,1
562843,1
562869,1
562886,1
562888,2
562894,1
563012,2
563021,1
563052,2
563059,0
563100,3
563148,0
563162,1
563165,1
563201,1
563221,1
563253,1
563254,3
563266,3
563315,1
563335,3
563340,3
563342,1
563343,3
563375,3
563410,3
563425,3
563482,1
563483,1
563489,1
563507,1
563544,1
563588,1
563592,1
563598,3
563679,2
563691,2
563711,0
563731,1
563735,1
563736,1
563740,1
563773,1
563787,1
563831,0
563853,0
563882,1
563896,0
563956,1
563974,2
563995,1
564052,1
564100,1
564101,0
564112,1
564182,1
564204,1
564219,1
564234,1
564252,1
564258,3
564306,1
564312,1
564364,0
564369,2
564377,1
564430,1
564434,2
564495,0
564498,2
564517,1
564534,1
564588,2
564593,1
564596,1
564604,1
564606,1
564616,1
564620,0
564699,1
564713,3
564736,1
564737,1
564792,1
564822,2
564842,3
564854,1
564962,1
565056,2
565070,3
565076,2
565109,1
565114,1
565131,1
565212,1
565240,2
565251,1
565265,0
565275,2
565280,3
565294,1
565301,1
565348,2
565365,1
565377,1
565387,3
565419,1
565459,1
565460,1
565464,1
565467,1
565487,2
565508,2
565510,3
565511,0
565514,1
565565,0
565573,1
565582,1
565601,2
565718,1
565755,3
565764,1
565768,1
565791,1
565826,2
565827,0
565841,1
565902,3
565910,1
565912,2
565915,3
565935,1
565949,1
566002,2
566008,1
566032,1
566044,0
566059,0
566061,1
566096,1
566097,2
566152,1
566173,1
566174,1
566196,1
566275,1
566279,1
566312,3
566336,1
566338,3
566366,1
566424,1
566432,3
566455,1
566456,2
566489,1
566533,0
566547,1
566592,2
566614,1
566625,1
566626,1
566650,1
566682,3
566702,1
566726,1
566735,1
566749,2
566762,1
566770,2
566787,1
566815,1
566861,1
566875,1
566881,1
566953,0
566964,1
566992,1
566996,2
566998,3
566999,0
567052,2
567061,1
567114,2
567172,1
567195,1
567211,1
567219,1
567243,1
567245,2
567256,1
567342,2
567390,2
567431,1
567432,0
567448,1
567458,3
567478,3
567518,1
567547,1
567548,1
567558,1
567563,3
567589,2
567643,1
567651,1
567682,1
567778,1
567824,2
567849,1
567885,1
567906,1
567943,2
567950,0
567961,1
568004,1
568013,1
568060,1
568064,1
568078,1
568086,3
568093,1
568101,1
568105,1
568121,1
568155,2
568167,1
568182,1
568258,2
568325,3
568371,1
568385,1
568416,1
568463,1
568486,3
568513,2
568536,2
568602,0
568605,0
568641,1
568696,1
568713,1
568716,3
568773,0
568790,1
568917,2
568931,0
568970,0
568984,2
569031,0
569082,1
569107,2
569150,1
569170,1
569180,1
569203,1
569236,1
569239,1
569243,1
569300,3
569335,2
569342,1
569364,1
569458,1
569466,1
569472,1
569530,1
569534,1
569572,1
569643,2
569733,1
569754,1
569779,1
569788,1
569792,1
569817,1
569829,1
569832,1
569863,1
569883,1
569920,3
569923,2
570021,1
570076,0
570144,1
570162,1
570215,1
570219,1
570224,1
570226,1
570242,2
570279,1
570291,1
570329,2
570330,3
570346,1
570369,1
570418,3
570436,1
570439,1
570600,0
570601,1
570625,3
570626,1
570631,3
570639,1
570654,1
570666,1
570683,1
570692,1
570693,1
570697,3
570713,1
570746,1
570750,0
570782,1
570821,1
570829,1
570837,1
570862,2
570928,1
570930,2
570945,1
570961,0
570988,3
571001,2
571015,1
571084,3
571200,1
571208,0
571233,1
571243,0
571251,3
571300,0
571348,1
571363,3
571429,1
571454,1
571523,1
571525,1
571553,1
571560,1
571561,2
571566,1
571580,3
571610,3
571637,1
571639,1
571643,1
571757,2
571819,1
571864,1
571876,1
571888,0
571913,3
571940,2
572106,2
572133,2
572154,2
572176,3
572214,2
572290,1
572396,1
572397,2
572428,1
572479,1
572489,0
572502,1
572529,3
572538,1
572554,1
572578,1
572591,1
572609,1
572632,1
572669,1
572728,3
572744,1
572826,3
572870,2
572898,1
572908,1
572932,2
572992,1
573010,0
573011,1
573040,1
573086,0
573122,1
573147,1
573153,0
573189,1
573191,0
573237,1
573244,1
573249,1
573291,1
573365,2
573373,1
573378,1
573379,1
573420,1
573423,2
573427,1
573493,1
573518,1
573564,1
573584,1
573588,1
573621,1
573648,0
573670,0
573698,0
573704,1
573719,2
573720,1
573792,1
573807,1
573841,1
573922,1
573926,2
573931,3
573939,1
573946,1
573988,1
574003,0
574071,1
574104,1
574116,2
574134,1
574150,1
574206,1
574279,1
574362,2
574409,0
574419,1
574440,1
574465,1
574467,1
574489,1
574493,1
574513,1
574603,1
574625,1
574680,1
574794,3
574840,1
574885,1
574909,1
574987,1
575051,1
575055,1
575092,2
575131,1
575208,1
575233,1
575253,1
575299,1
575419,1
575433,1
575459,1
575500,1
575528,1
575554,0
575561,1
575576,1
575677,1
575692,2
575711,1
575733,2
575756,0
575774,1
575809,1
575823,3
575868,3
575908,0
575923,1
575964,2
575971,1
576040,1
576103,0
576136,1
576159,3
576169,1
576231,1
576272,1
576357,1
576366,1
576369,1
576370,0
576373,1
576541,3
576612,1
576663,3
576668,2
576677,0
576691,1
576712,2
576765,0
576785,2
576833,1
576846,2
576849,0
576879,3
576922,2
576945,1
576962,2
576966,1
576985,1
577007,1
577044,3
577046,1
577074,1
577089,3
577115,1
577145,1
577180,1
577208,3
577215,1
577216,1
577225,1
577255,1
577287,0
577356,1
577381,2
577386,1
577410,1
577534,2
577539,1
577541,0
577598,0
577617,1
577625,3
577626,1
577638,1
577643,2
577667,2
577682,3
577851,0
577901,0
577915,1
577921,3
577930,1
577944,2
577984,1
578058,1
578088,1
578120,3
578164,1
578396,1
578459,1
578488,1
578503,1
578511,1
578549,1
578607,1
578824,1
578866,2
578872,1
578886,2
578892,1
578929,1
578938,1
578947,1
578993,1
579021,1
579040,2
579065,1
579230,2
579275,0
579307,0
579323,1
579404,1
579503,2
579547,1
579589,1
579707,1
579714,2
579783,2
579792,3
579804,1
579829,3
579846,2
579950,1
579971,2
579999,2
580026,2
580077,1
580211,1
580212,1
580402,1
580460,1
580515,1
580578,1
580611,1
580622,2
580626,3
580658,1
580895,2
580902,1
580944,1
580971,1
581005,1
581085,0
581086,1
581091,1
581110,2
581111,1
581120,0
581239,1
581269,1
581307,1
581343,0
581365,1
581385,2
581388,1
581409,1
581412,1
581438,1
581461,2
581491,0
581527,1
581577,3
581595,2
581666,1
581679,0
581685,1
581721,1
581729,0
581770,1
581835,1
581858,3
581901,1
582002,2
582011,3
582038,1
582190,2
582227,1
582241,2
582254,1
582319,3
582320,1
582326,1
582333,1
582343,1
582446,0
582482,1
582484,1
582577,1
582586,2
582636,1
582664,1
582723,1
582729,2
582768,0
582785,1
582796,2
582801,0
582828,1
582833,1
582903,0
582979,1
582995,1
583016,1
583023,1
583038,1
583052,1
583070,1
583087,1
583120,0
583134,3
583166,0
583190,2
583200,1
583297,1
583335,3
583336,1
583342,2
583446,1
583454,3
583483,1
583486,1
583490,2
583499,1
583526,1
583612,3
583623,1
583664,1
583759,1
583764,1
583931,1
583955,2
583976,1
584001,3
584012,1
584030,1
584034,1
584115,0
584134,1
584185,3
584217,2
584241,2
584247,1
584288,1
584423,1
584459,1
584525,1
584530,1
584531,1
584537,1
584549,0
584591,1
584666,1
584787,0
584843,0
584844,1
584875,1
584912,1
584977,1
584998,1
585138,2
585169,2
585187,1
585231,2
585248,1
585250,2
585310,1
585361,2
585492,1
585522,2
585583,1
585585,0
585595,3
585650,0
585717,3
585722,1
585745,1
585768,1
585832,1
585882,1
585915,1
585946,1
585965,1
585986,3
586006,1
586038,1
586063,0
586077,1
586096,1
586122,1
586124,1
586192,0
586251,0
586257,2
586270,1
586272,0
586312,1
586344,2
586357,2
586384,1
586458,2
586471,3
586631,1
586637,1
586644,1
586656,1
586672,1
586701,1
586721,0
586732,1
586762,1
586774,3
586803,2
586811,3
586820,1
586829,2
586850,1
586876,1
586887,1
586936,1
586953,1
587134,3
587195,3
587233,2
587234,0
587304,1
587313,1
587373,1
587459,1
587470,1
587483,1
587538,1
587577,1
587601,2
587642,2
587675,0
587698,3
587753,2
587754,0
587802,1
587810,1
587899,1
588013,1
588048,1
588103,1
588313,3
588355,1
588370,1
588386,3
588391,1
588414,0
588497,3
588507,3
588526,2
588560,2
588582,1
588677,1
588732,1
588797,0
588820,1
588893,1
588919,1
588970,2
589008,2
589121,3
589140,1
589154,1
589162,1
589164,1
589171,1
589228,0
589259,1
589306,1
589311,1
589404,0
589405,1
589414,3
589489,1
589539,2
589630,1
589650,1
589758,1
589775,1
589812,1
589822,2
589868,3
589884,1
589977,1
589995,1
590014,3
590040,1
590077,0
590095,0
590103,1
590123,0
590130,3
590163,1
590202,1
590227,1
590230,0
590379,1
590394,3
590397,2
590400,1
590404,1
590412,1
590420,0
590429,1
590434,1
590442,1
590468,2
590471,3
590473,2
590558,1
590659,2
590697,1
590744,3
590829,1
590843,2
590905,1
590922,3
590954,1
590967,1
590981,1
591003,1
591063,0
591097,1
591155,1
591255,1
591271,2
591328,2
591381,3
591433,1
591478,2
591582,0
591593,3
591599,1
591714,1
591746,1
591835,2
591888,1
592035,0
592079,2
592082,3
592118,2
592132,1
592158,1
592221,1
592366,1
592371,1
592372,3
592378,0
592399,1
592403,0
592445,1
592491,1
592598,3
592707,1
592792,1
592833,1
592886,1
592929,1
592958,2
593020,1
593047,2
593244,1
593350,1
593385,1
593386,1
593398,2
593401,1
593494,1
593536,1
593632,1
593672,1
593719,1
593786,0
593804,2
593833,0
593910,1
594000,2
594027,0
594042,1
594103,1
594123,1
594146,2
594188,1
594238,1
594240,3
594406,1
594410,2
594446,3
594449,1
594503,2
594516,2
594601,3
594644,1
594695,1
594737,1
594824,0
594875,2
594892,1
594914,1
594948,3
594985,1
595026,1
595087,1
595122,3
595123,0
595126,0
595171,1
595183,0
595184,1
595257,1
595283,2
595284,1
595386,1
595414,1
595431,1
595442,1
595506,2
595527,3
595587,3
595624,1
595626,1
595690,2
595740,1
595852,1
595861,1
595897,2
595958,0
596103,1
596153,1
596186,3
596220,1
596222,3
596320,2
596329,2
596335,1
596349,2
596361,1
596409,1
596442,2
596505,1
596559,0
596611,2
596732,1
596820,1
596856,3
596863,0
597003,1
597010,1
597029,1
597300,1
597410,1
597434,0
597498,3
597510,1
597662,2
597734,1
597836,1
597878,1
597946,1
597948,2
597954,1
597955,2
598069,1
598075,3
598185,0
598233,1
598265,1
598276,1
598306,1
598526,2
598533,0
598590,1
598687,1
598691,1
598692,3
598715,1
598832,2
598881,1
598911,1
598945,3
599065,0
599239,3
599244,2
599311,1
599335,1
599348,1
599437,1
599454,0
599649,0
599651,2
599657,3
599765,1
599790,2
599833,1
599909,2
599927,1
599999,2
600011,1
600018,1
600057,1
600078,1
600163,2
600265,0
600287,3
600304,1
600351,1
600395,1
600444,1
600515,0
600561,1
600605,1
600648,1
600690,1
600750,1
600796,2
600833,2
600842,0
600886,1
600926,1
600930,1
601094,2
601104,3
601116,1
601158,1
601282,1
601582,1
601673,1
601882,1
601894,3
601917,1
602120,1
602190,1
602323,3
602433,1
602476,1
602478,2
602598,1
602656,1
602734,0
602748,3
602769,0
602793,1
602827,1
602918,3
602921,3
602925,1
602946,1
602953,0
602962,1
603033,0
603053,1
603100,2
603160,1
603221,2
603278,1
603296,3
603341,2
603345,1
603440,0
603515,1
603592,0
603635,0
603715,1
603809,1
603875,1
603883,3
604136,3
604355,1
604388,3
604592,2
604617,2
604664,2
604688,0
604804,3
604840,1
604916,2
604982,1
605004,1
605096,1
605136,2
605308,2
605311,1
605439,1
605494,1
605558,1
605578,2
605607,1
605615,0
605619,1
605776,3
605780,3
605878,1
605943,2
605945,1
606041,1
606060,1
606094,1
606161,1
606283,3
606290,1
606333,1
606362,0
606456,2
606568,1
606635,1
606648,1
606762,1
606862,1
606930,0
607017,1
607028,1
607152,0
607197,0
607270,1
607280,1
607350,1
607524,2
607626,2
607706,2
607799,1
607931,1
607949,2
607998,1
608039,1
608086,0
608287,1
608296,1
608343,0
608478,2
608520,1
608521,3
608629,1
608725,1
608727,1
608764,1
608786,2
608820,3
608823,0
608860,1
608866,3
608970,2
609051,1
609102,1
609167,1
609221,2
609228,1
609230,1
609236,1
609240,1
609243,1
609262,1
609393,0
609413,1
609673,1
609683,0
609720,0
609763,2
609800,1
609817,1
609838,0
609868,1
610144,1
610226,1
610280,2
610294,1
610306,1
610338,0
610395,1
610474,1
610482,1
610492,0
610530,2
610670,1
610763,0
610793,1
610806,1
610905,2
610909,1
611031,2
611065,1
611087,1
611126,1
611177,1
611251,1
611350,3
611371,1
611583,1
611839,1
611852,1
611887,1
611954,1
612002,0
612128,1
612175,3
612220,0
612226,2
612236,1
612562,0
612685,1
612797,1
612812,2
612976,2
613164,1
613252,2
613275,1
613383,1
613386,2
613442,1
613655,3
613874,1
613921,1
613941,0
614033,1
614092,2
614111,1
614165,1
614311,0
614412,1
614549,1
614595,0
614632,2
614668,1
614748,0
614793,2
614814,2
614828,1
614846,2
614918,1
614933,1
615006,1
615266,1
615307,1
615489,0
615544,2
615674,2
615749,1
615783,3
615881,2
615922,2
616086,2
616125,1
616222,1
616461,1
616470,1
616491,1
616518,1
616692,2
616715,1
616718,0
616734,2
616752,3
616789,2
616795,1
616802,0
616950,3
616992,0
617052,1
617125,1
617199,1
617402,0
617407,1
617458,1
617506,1
617606,2
617743,3
617878,1
617964,2
617990,2
617994,1
618063,0
618088,0
618157,0
618181,1
618201,1
618230,2
618266,0
618308,3
618343,2
618392,2
618418,1
618429,1
618535,1
618642,0
618664,2
618759,2
618780,1
618815,2
618881,3
619079,0
619109,1
619218,1
619321,1
619362,1
619432,3
619520,1
619615,1
619918,1
619938,2
619971,2
619983,2
619988,2
620033,0
620274,3
620300,3
620382,3
620394,1
620453,1
620690,2
620719,2
620884,0
620972,1
620991,3
621072,1
621081,3
621085,2
621113,2
621150,2
621291,1
621552,2
621607,1
621665,0
621811,1
621849,1
621922,3
622149,1
622248,1
622293,3
622343,0
622418,0
622464,1
622708,1
622813,1
623043,1
623077,1
623087,1
623142,3
623417,2
623691,0
623750,1
623815,1
623850,1
623935,2
623941,1
623949,1
623972,1
624198,1
624215,1
624258,1
624497,0
624593,1
624636,1
624762,1
624913,1
625030,1
625089,1
625398,3
625400,1
625555,0
625597,2
625700,2
625703,1
625984,1
626037,2
626067,2
626114,2
626249,2
626318,1
626329,1
626519,1
626520,1
626558,2
626587,2
626645,1
626986,1
627041,1
627158,1
627176,0
627436,1
627451,1
627475,2
627518,3
627617,3
627729,2
627889,1
627893,1
627972,1
628023,1
628033,3
628570,1
628653,1
628671,1
628694,1
628752,1
628762,2
629345,2
629647,1
629701,1
629725,1
629747,2
629803,1
629812,0
629877,1
629952,1
630039,1
630097,1
630176,3
630178,1
630267,3
630607,2
630609,1
630694,1
630738,1
630992,2
631174,1
631201,1
631319,1
631384,2
631388,2
631448,2
631477,3
631787,0
631872,2
631970,1
631975,2
631993,1
632136,0
632239,1
632316,1
632425,1
632461,3
632475,0
632631,1
632665,1
632749,1
632866,2
632965,1
632988,1
633183,1
633195,3
633235,2
633314,1
633406,2
633725,0
633972,2
634130,1
634601,2
634739,2
634795,1
634824,1
635249,1
635300,1
635303,1
635375,2
635442,1
635576,1
635587,1
635666,0
635790,1
635861,3
635949,1
636078,1
636102,1
636251,2
636520,0
636524,1
636526,1
636739,1
636873,1
636874,1
636966,1
637075,3
637086,1
637421,1
637457,1
637555,2
637633,1
637687,1
638140,1
638162,1
638237,2
638565,1
638576,1
638580,2
638598,3
638600,2
638874,1
639009,1
639168,1
639458,1
639510,1
639554,3
639571,1
639894,1
640451,2
640580,1
640649,3
640689,0
640715,1
640849,1
640867,0
640968,1
641012,3
641102,1
641106,1
641310,1
641364,1
641529,2
641537,1
642215,2
642344,1
642364,2
642553,0
642578,3
642679,1
642786,1
642820,1
643324,2
643344,2
643359,1
643469,3
643645,1
643714,0
643929,1
644438,2
644467,1
644639,2
644784,1
644870,1
645022,2
645047,0
645168,3
645415,1
645488,2
645664,2
645685,1
645933,1
645939,0
646127,2
646197,2
646257,1
646259,2
646405,1
646424,0
646455,1
646933,1
646937,1
647016,2
647555,1
647597,2
647638,2
647662,0
647674,1
647804,1
647862,2
648201,2
648379,1
648852,1
648983,1
648990,1
649080,3
649081,1
649208,1
649378,1
649935,2
650049,0
650055,1
650079,1
650606,2
650901,1
651018,2
651030,1
651193,3
651201,1
651269,1
651274,2
651390,3
651491,0
651613,1
651675,1
651744,0
651805,1
651818,1
651828,1
651941,2
651960,2
652003,2
652040,1
652190,2
652359,1
652416,1
652527,3
652737,1
653197,2
653228,2
653281,1
653332,1
653640,3
653724,1
653838,0
653852,3
654233,1
654259,1
654395,1
654687,2
654913,1
655022,2
655051,1
655166,0
655300,1
655499,3
656150,1
656346,1
656422,1
656471,0
656560,1
656626,2
656708,1
656850,2
656873,1
656920,2
657122,3
657343,0
657514,2
657591,1
657629,1
657796,1
658234,2
658528,3
658774,2
659128,1
659161,1
659162,1
659360,0
659664,1
659744,1
659832,1
660110,1
660821,2
660894,2
660903,2
660959,2
661614,2
661639,1
661697,1
661930,2
662010,1
662535,1
662596,0
662750,2
663017,1
663376,1
663565,1
664084,1
664119,2
664401,0
664405,0
664617,3
664663,1
664998,1
665329,1
665397,1
665505,1
665593,1
665676,1
665746,0
665887,1
665892,1
665980,2
666049,1
666174,0
666292,0
666718,1
666942,2
667299,2
667536,1
667643,2
667718,0
667916,3
667929,2
667981,1
668083,2
668172,1
668677,1
668776,1
669140,3
669155,2
669329,0
669348,1
669356,1
669449,0
670471,1
670626,1
670971,3
671066,1
671151,0
671367,1
671368,1
671975,1
671999,0
672009,1
672112,1
672468,1
673076,3
673286,2
673874,1
674375,3
675053,1
675201,1
675594,1
676043,2
676373,1
676570,0
676707,2
676762,1
677209,1
677842,2
677896,3
678536,2
678547,2
678888,1
679040,1
679047,1
679066,1
679442,1
679611,1
679831,0
680424,1
680735,1
681050,1
681581,1
681720,1
682005,2
682247,1
683014,3
683663,2
683976,2
683978,1
684510,3
684521,1
684543,1
684764,1
684806,1
685594,3
685604,1
685958,2
686165,1
686408,1
686445,2
686509,0
686915,2
686920,1
688312,2
688600,1
689037,1
689374,1
689456,2
689624,1
689984,3
690420,0
690422,1
691334,1
691541,0
691546,1
692211,0
692510,1
693301,3
693729,1
693765,1
694265,0
695011,1
695094,1
695132,1
695307,1
695557,1
696475,1
697072,0
698291,1
698573,1
699040,2
699411,0
700028,3
700237,0
700289,2
700666,2
701565,1
702595,1
702877,1
703333,1
704652,1
704870,1
705215,1
705310,1
705984,2
707260,1
707402,2
707525,3
708887,2
709630,0
710489,1
710523,2
711391,1
713557,1
714166,1
714420,1
714504,1
714565,1
715059,1
716337,1
716801,0
717149,3
717546,3
720819,1
720860,1
721496,1
721552,3
721570,0
722828,1
722939,1
724581,1
725357,2
726953,1
727886,0
728820,0
730639,2
732729,1
733654,0
734565,1
735029,1
736075,0
736833,2
739139,2
739518,1
739734,2
741190,2
741773,3
741902,1
742639,1
743151,2
745292,1
746934,2
748759,2
750982,1
751545,1
752933,0
756030,1
756434,3
757930,1
760304,1
760793,1
763129,0
763792,2
765745,2
767426,3
768291,0
770252,0
774666,1
777366,1
777846,1
780167,3
785107,1
785186,1
792549,1
796032,0
801660,1
811077,1
844489,2
