user_id,cluster_agg
23557,0
94883,3
101486,3
101961,3
106907,2
118043,3
120851,3
125845,3
133058,0
149058,3
152583,1
153982,3
160754,3
164522,3
167852,0
171470,2
174997,2
175032,1
181157,3
182191,2
187212,3
189676,3
190866,1
195192,1
204943,2
204997,2
205044,3
206011,3
216796,2
217114,0
217136,3
220725,2
224996,1
226367,3
228195,0
228872,1
229009,2
229108,2
229330,3
232647,1
249521,0
252835,1
258451,2
264470,3
276512,3
281952,1
283325,3
290123,3
297546,3
298253,0
299476,3
306165,0
306819,2
312488,1
313724,2
316527,3
317688,3
322867,3
324191,3
328590,2
330764,2
330893,3
331039,2
334787,3
337227,0
338086,3
340166,1
343928,2
347778,3
348817,1
348863,0
349132,3
350648,2
353271,1
353694,3
354050,3
354260,3
354311,3
354950,3
356046,1
357737,2
359072,2
359080,2
359653,3
361459,3
361759,3
363535,2
365825,2
371201,0
372970,1
373489,2
374331,2
374340,2
374341,1
375160,0
375729,3
375751,3
376159,3
377069,2
377411,1
378565,3
379543,3
380434,3
380436,3
380757,3
380874,3
380949,2
381259,1
381465,2
382181,1
382384,1
382533,0
385689,3
386255,1
386469,0
386914,2
387282,1
387783,3
388328,3
388767,3
388947,3
389434,2
389662,3
389759,3
390811,3
392453,3
395202,1
395981,3
396552,3
399137,3
399218,3
399799,3
400275,3
400582,1
400899,3
401245,3
402332,1
402978,3
403881,3
404879,3
405305,3
406210,2
407118,2
407250,1
407275,3
407434,1
407642,1
408551,3
409073,3
411179,2
411701,3
413128,1
413340,3
413418,1
413658,2
414128,1
415282,3
415381,3
415581,3
416319,3
416580,2
417679,3
418329,3
418488,3
418692,2
420648,3
420669,2
421247,3
421515,1
421666,2
421700,3
421870,2
422066,3
422668,0
423042,2
423413,1
424553,3
425632,3
425653,0
425953,1
425966,3
426478,2
427426,1
427506,2
428056,1
428552,1
428858,2
429345,0
429375,2
430722,2
431144,3
431337,1
431602,2
431746,3
431899,2
431912,0
432333,3
432637,1
432941,3
433080,3
433339,1
433905,1
434238,3
434623,2
435231,1
435596,3
435669,1
435837,1
435882,2
436320,3
436894,3
437069,3
437162,2
437251,3
437539,3
437549,3
438189,1
438406,3
438551,2
438596,1
438839,3
438937,1
438985,2
438995,0
439052,3
439120,1
439363,3
440212,3
440655,1
441200,1
441205,0
441448,1
441457,0
441982,3
442484,1
442718,3
442812,1
442819,0
442833,3
443305,1
443453,3
443598,3
443652,1
444387,2
444885,1
445351,3
445515,3
446124,3
446138,2
446473,3
446933,3
447053,1
447591,1
447737,3
447951,3
448025,1
448154,3
448295,3
448467,1
448564,3
449033,3
449326,3
449619,1
449804,3
449980,2
450164,1
450193,1
450305,3
450615,3
451291,2
451674,0
452034,2
452532,2
452594,3
452612,2
453143,3
453168,3
454264,0
454430,1
454616,3
454661,3
454920,1
454934,2
454955,3
456226,2
456318,1
456663,1
456671,1
457468,3
457599,3
457967,0
458479,2
458688,3
458725,0
458762,1
458814,3
458855,1
458919,1
459229,3
459486,1
459645,1
460072,3
460181,0
460553,3
460625,2
461559,1
461744,1
461791,3
462127,1
462456,3
462894,0
463652,1
463698,1
463783,3
463867,1
463910,3
464080,0
464160,3
464239,3
464542,1
464597,0
464614,2
464673,3
464782,1
464855,2
465138,1
465343,3
465531,1
465568,1
465731,2
466205,3
466342,1
466723,2
467007,2
467092,2
467339,3
467809,3
467892,2
468106,3
468370,1
468409,2
468666,3
468801,3
468808,3
468832,2
469237,1
469418,0
469440,2
469464,3
469699,3
469767,3
469824,3
471077,3
471161,3
471186,3
471500,1
471565,1
471649,1
471687,3
471717,3
471935,3
471946,1
471973,0
472394,3
472446,2
472614,3
472713,2
472785,3
472966,1
473332,3
473343,3
473402,2
473467,2
473568,3
473712,3
473847,1
474007,1
474120,2
474239,2
474261,1
474278,0
474384,3
474464,3
474546,3
474951,1
474980,3
475060,1
475130,3
475467,1
475531,1
476081,3
476104,3
476124,1
476173,1
476270,3
476393,3
476436,3
476535,3
476665,3
476693,1
476714,3
476742,1
476916,0
476956,1
477285,3
477316,3
477597,3
477730,3
477805,1
478003,3
478146,2
478188,1
478228,1
478291,3
478533,3
478585,3
478760,2
478801,3
478834,0
479071,1
479078,1
479101,1
479254,3
479524,2
479785,0
480186,0
480313,2
480331,3
480690,3
480796,3
480877,3
480895,2
480975,0
481050,3
481245,3
481292,1
481358,2
481554,3
481622,3
481772,1
481781,0
482264,3
482335,1
482424,3
482548,2
482602,3
482621,3
482630,1
482744,3
482811,2
483224,3
483237,1
483345,3
483480,3
483483,3
483525,3
483603,3
483928,3
483982,1
484249,2
484342,2
484418,1
484987,3
485149,3
485260,3
485393,2
485505,1
485518,0
485536,0
485544,3
485591,3
485658,2
485780,3
485785,3
485891,2
485894,3
486046,0
486113,3
486191,0
486261,1
486268,0
486270,1
486366,3
486447,2
486454,3
486605,1
486671,3
486751,2
486823,1
487002,1
487036,1
487040,3
487101,3
487276,0
487352,1
487453,2
487637,3
487680,2
487715,2
487858,3
487954,3
488009,3
488099,0
488246,1
488314,2
488410,3
488430,2
488462,3
488480,2
488511,3
488529,3
488539,0
488672,3
488827,3
488865,1
488870,2
488918,3
488974,3
489096,3
489131,0
489575,3
489635,3
489661,1
489730,3
489785,1
489786,0
489802,3
489844,3
489852,3
489949,2
489953,3
489992,1
490040,3
490107,3
490133,3
490201,3
490348,1
490358,1
490517,3
490576,3
490608,1
490629,1
490671,1
491003,3
491124,3
491141,3
491175,3
491182,3
491241,3
491266,3
491559,3
491597,3
491617,3
491706,3
491772,3
491925,3
491930,3
491995,2
492209,3
492211,1
492287,1
492371,3
492497,2
492614,0
492999,1
493177,3
493409,1
493476,3
493718,3
494294,3
494374,3
494382,3
494441,0
494463,1
494484,1
494590,3
494630,1
494680,1
494704,3
494985,3
495029,2
495042,3
495080,1
495272,3
495273,3
495386,3
495482,1
495592,0
495603,2
495727,3
496016,3
496074,0
496273,3
496286,3
496332,3
496382,3
496408,2
496566,3
496899,2
496972,1
497042,3
497077,2
497108,3
497225,3
497475,2
497615,3
497678,3
497680,3
497829,3
497915,3
498154,3
498199,3
498287,3
498298,1
498357,3
498363,3
498500,2
498574,1
498607,3
498665,2
498857,1
498931,0
499028,1
499038,1
499252,3
499313,3
499366,3
499375,3
499379,0
499461,3
499475,1
499633,1
499634,1
499659,1
499669,1
499751,3
499760,0
499780,0
499810,3
499847,3
499969,1
499979,3
499990,2
500078,3
500196,3
500243,1
500257,3
500288,0
500299,1
500493,3
500532,1
500646,3
500745,1
500773,1
500791,0
500828,3
500972,3
500974,3
501087,3
501125,3
501184,3
501322,3
501344,0
501436,2
501512,3
501708,2
501735,1
501764,3
501780,0
501794,3
501817,3
501830,1
501897,1
501947,2
502063,3
502145,3
502210,2
502212,1
502353,3
502412,3
502435,3
502444,1
502609,3
502626,1
502799,3
502819,0
502826,1
502847,3
502850,0
502875,3
502995,0
503042,1
503049,0
503058,1
503126,1
503161,0
503277,3
503342,2
503418,3
503483,0
503621,3
503760,2
503773,0
503918,0
503928,3
503945,3
503973,3
504081,3
504133,3
504240,3
504299,3
504320,1
504371,2
504435,2
504473,1
504579,0
504610,0
504665,1
504669,3
504786,3
504859,1
504892,1
504916,2
504936,3
504945,3
505062,1
505066,1
505172,2
505230,0
505285,3
505289,1
505358,1
505414,3
505498,1
505617,2
505667,3
505680,3
505713,3
505747,1
505771,3
505854,3
505916,1
505933,2
505941,3
506013,3
506130,3
506186,2
506234,1
506250,3
506347,0
506427,3
506611,1
506652,1
506675,3
506704,3
506777,0
506807,3
506828,1
506837,3
506858,1
506990,0
507036,1
507133,1
507207,1
507273,1
507376,1
507395,2
507431,1
507435,3
507505,3
507513,0
507531,1
507557,0
507573,3
507617,3
507728,1
507732,2
507753,3
507759,3
507773,3
507805,2
508050,3
508096,0
508111,2
508144,1
508153,1
508240,3
508360,1
508367,3
508497,1
508512,0
508546,1
508611,0
508625,2
508693,3
508713,1
508731,3
508829,2
508848,3
508849,1
508856,2
508857,3
508860,1
508866,1
508877,3
508891,0
508892,1
508901,3
508912,2
508917,1
508923,2
508938,3
508940,3
508944,3
508946,1
508964,0
508973,1
509001,0
509024,1
509036,3
509052,0
509061,1
509069,1
509098,3
509115,1
509119,1
509157,3
509160,3
509162,1
509202,1
509221,3
509242,3
509272,1
509278,2
509282,1
509302,0
509316,3
509324,3
509341,1
509346,3
509353,1
509354,3
509359,3
509402,0
509411,3
509413,3
509414,3
509419,3
509421,2
509435,3
509445,3
509453,3
509454,3
509459,1
509467,1
509498,2
509515,3
509516,3
509530,3
509552,2
509598,3
509603,1
509626,2
509635,1
509638,0
509645,2
509681,3
509712,1
509713,1
509717,3
509749,3
509763,3
509765,1
509781,2
509822,3
509826,0
509841,2
509855,0
509876,0
509892,0
509903,3
509919,3
509924,0
509933,3
509969,0
509990,3
510003,3
510022,3
510044,3
510048,3
510061,3
510067,3
510070,2
510078,2
510079,1
510081,3
510090,3
510093,3
510094,3
510104,1
510108,2
510112,3
510114,3
510134,3
510155,3
510156,3
510163,3
510164,1
510170,1
510172,1
510179,2
510185,3
510188,2
510195,3
510198,3
510213,3
510215,1
510219,3
510227,1
510238,3
510239,3
510243,3
510257,1
510270,0
510283,0
510315,3
510316,1
510326,3
510328,1
510343,2
510356,3
510365,3
510369,3
510379,1
510393,3
510418,0
510423,1
510449,3
510452,3
510459,1
510490,0
510494,3
510511,3
510533,1
510537,2
510543,0
510545,0
510558,2
510570,3
510571,2
510575,0
510580,3
510582,1
510585,2
510586,1
510610,3
510618,3
510676,3
510686,1
510694,2
510700,2
510707,3
510719,1
510733,3
510754,3
510779,3
510805,0
510815,3
510822,3
510828,0
510836,3
510841,2
510890,1
510899,3
510944,3
510946,3
510953,1
510960,3
510961,3
510972,1
511017,0
511055,1
511066,1
511093,3
511122,3
511125,3
511126,1
511140,3
511142,3
511145,3
511148,3
511160,3
511178,1
511195,3
511208,3
511219,1
511223,2
511238,0
511260,3
511298,1
511314,2
511326,3
511328,1
511331,2
511364,1
511377,0
511379,3
511397,1
511398,3
511399,3
511418,3
511424,1
511433,3
511440,3
511455,1
511469,3
511489,3
511502,3
511504,1
511535,3
511542,3
511549,3
511552,2
511554,3
511560,3
511567,1
511568,2
511570,3
511577,1
511578,3
511587,3
511589,1
511608,1
511609,3
511613,3
511638,1
511665,2
511666,3
511677,2
511680,1
511697,3
511712,1
511726,3
511739,3
511757,0
511762,3
511764,3
511772,1
511778,1
511783,3
511784,2
511800,3
511803,1
511805,3
511809,3
511811,1
511821,0
511827,2
511851,3
511859,1
511860,3
511862,3
511878,0
511884,3
511902,3
511910,1
511916,1
511923,3
511936,1
511943,1
511977,2
511989,0
511996,3
511998,3
512009,3
512010,0
512016,1
512024,1
512028,3
512060,3
512063,3
512069,3
512078,1
512099,1
512103,2
512144,0
512147,2
512148,1
512163,3
512173,2
512190,0
512193,1
512197,1
512201,3
512204,1
512243,1
512249,0
512266,3
512271,1
512283,3
512289,0
512294,3
512295,3
512301,3
512302,3
512303,3
512305,1
512322,3
512329,1
512362,1
512377,2
512392,3
512397,0
512402,3
512416,1
512418,3
512419,3
512440,1
512443,3
512447,1
512463,2
512495,3
512529,0
512536,3
512552,3
512556,3
512558,2
512587,1
512589,3
512596,3
512598,1
512610,3
512623,0
512628,1
512631,3
512655,3
512671,3
512677,0
512680,0
512691,1
512693,1
512695,3
512696,1
512704,0
512706,3
512780,3
512786,3
512787,3
512791,1
512801,3
512826,3
512831,3
512835,3
512846,1
512848,1
512880,3
512887,3
512888,1
512900,1
512904,0
512922,1
512928,2
512943,3
512945,2
512974,2
512976,1
512984,3
512999,1
513004,3
513005,1
513006,3
513026,3
513030,3
513031,3
513058,3
513089,3
513090,2
513091,0
513093,3
513096,1
513103,3
513126,1
513138,0
513164,3
513206,0
513216,1
513220,3
513221,1
513227,0
513233,3
513236,3
513237,1
513241,0
513242,1
513259,3
513261,0
513289,3
513296,1
513317,0
513322,3
513338,3
513339,1
513345,1
513347,3
513366,3
513381,3
513387,3
513397,3
513402,1
513408,3
513422,3
513425,0
513438,2
513441,2
513470,0
513495,1
513497,3
513509,0
513543,2
513546,0
513555,3
513568,0
513569,1
513582,3
513602,0
513611,3
513613,3
513620,1
513625,2
513627,3
513628,3
513638,3
513659,3
513661,1
513683,3
513714,2
513721,3
513742,0
513761,3
513776,0
513787,2
513791,3
513796,3
513800,0
513807,2
513823,0
513826,3
513844,1
513853,3
513856,3
513860,0
513869,2
513875,2
513917,3
513926,1
513933,3
513953,3
513956,3
513964,3
513967,2
513995,1
514002,3
514003,1
514021,0
514023,3
514053,3
514071,3
514076,3
514113,1
514132,1
514133,3
514164,3
514167,2
514206,1
514208,1
514210,3
514215,3
514235,1
514261,1
514275,1
514289,0
514300,2
514315,1
514318,3
514324,3
514337,3
514342,3
514344,0
514370,2
514384,3
514395,3
514457,3
514460,1
514461,1
514501,1
514503,1
514515,3
514526,3
514551,1
514586,3
514589,3
514617,3
514623,1
514627,3
514638,3
514639,0
514642,0
514660,3
514675,3
514682,3
514684,0
514689,3
514737,3
514785,3
514810,3
514830,3
514867,3
514876,1
514892,3
514893,0
514899,1
514925,2
514926,1
514931,0
514944,3
514951,2
514953,2
514980,2
514981,3
515004,3
515013,1
515020,1
515030,3
515051,3
515058,3
515060,3
515085,2
515103,3
515124,2
515131,3
515139,2
515161,3
515168,1
515182,3
515198,1
515200,1
515202,0
515205,2
515229,2
515240,1
515243,3
515258,1
515271,3
515274,1
515306,3
515330,3
515344,3
515398,3
515409,3
515421,3
515423,3
515436,1
515478,1
515490,3
515502,1
515514,0
515516,0
515523,1
515529,3
515530,0
515565,3
515578,3
515580,3
515586,3
515610,2
515634,0
515639,3
515645,1
515666,3
515675,2
515684,3
515688,3
515694,3
515713,3
515727,3
515735,0
515739,3
515751,3
515764,1
515778,3
515802,3
515818,0
515831,1
515835,3
515854,0
515874,0
515891,3
515901,1
515908,3
515941,3
515947,1
515953,3
515974,1
515985,3
516001,1
516004,3
516006,3
516039,0
516053,3
516057,2
516061,3
516076,0
516086,1
516089,3
516092,1
516105,1
516117,3
516118,3
516127,0
516132,2
516144,3
516150,0
516152,1
516176,3
516177,3
516178,1
516211,2
516216,1
516217,0
516243,0
516246,3
516251,3
516269,1
516273,3
516282,3
516283,2
516287,2
516290,3
516296,3
516301,2
516340,1
516351,3
516368,2
516375,3
516418,1
516420,1
516433,0
516456,3
516507,3
516516,0
516528,3
516543,3
516556,1
516561,3
516571,0
516578,3
516579,1
516583,0
516590,1
516593,3
516594,3
516614,1
516616,3
516620,0
516639,3
516647,3
516679,2
516680,0
516682,1
516694,2
516697,0
516704,3
516732,3
516739,3
516744,1
516763,3
516765,0
516789,3
516798,3
516806,2
516808,1
516827,3
516833,1
516841,1
516862,2
516933,0
516939,1
516965,1
516967,0
516972,3
517033,1
517061,3
517064,1
517076,3
517105,3
517119,3
517131,2
517142,3
517143,1
517150,1
517158,3
517205,3
517212,3
517219,0
517231,1
517284,2
517324,0
517330,0
517356,2
517370,3
517392,2
517393,1
517397,1
517403,3
517415,1
517438,3
517445,3
517467,1
517486,3
517491,3
517543,0
517545,3
517548,3
517549,3
517571,3
517579,1
517581,1
517596,3
517622,0
517633,1
517653,3
517674,1
517675,3
517676,2
517700,3
517715,0
517732,3
517735,3
517739,1
517743,1
517772,2
517776,0
517787,2
517803,3
517819,1
517825,3
517839,3
517847,3
517871,1
517894,3
517898,2
517925,2
517931,1
517961,2
517967,3
517968,3
518012,1
518015,3
518041,1
518044,3
518074,1
518084,2
518092,3
518121,1
518127,1
518135,2
518191,2
518196,1
518211,3
518219,1
518281,3
518324,3
518334,1
518338,2
518347,3
518348,1
518354,0
518372,1
518393,3
518406,3
518416,3
518422,0
518443,0
518450,0
518480,3
518495,3
518516,3
518526,3
518527,3
518533,1
518535,3
518541,3
518567,1
518579,3
518582,2
518585,3
518612,3
518628,0
518629,2
518639,1
518642,0
518645,0
518694,3
518696,1
518711,3
518716,3
518722,3
518726,0
518735,1
518743,1
518747,3
518751,3
518756,2
518826,3
518827,3
518865,1
518866,3
518867,1
518870,1
518894,3
518896,2
518907,3
518922,0
518925,1
518931,0
518954,1
518956,3
518963,3
518971,3
518998,3
519014,3
519059,1
519079,3
519089,2
519091,3
519096,1
519114,3
519117,3
519137,3
519140,3
519171,3
519191,1
519205,3
519210,3
519211,1
519248,2
519254,1
519260,1
519267,3
519285,1
519312,0
519313,1
519335,0
519348,3
519353,0
519357,3
519368,1
519383,2
519392,3
519393,3
519406,0
519412,3
519419,1
519430,3
519446,3
519469,2
519515,3
519529,1
519532,3
519541,3
519548,0
519554,1
519561,0
519595,3
519596,3
519604,3
519626,3
519631,3
519664,3
519687,0
519694,1
519695,3
519706,0
519709,2
519718,2
519722,1
519725,1
519726,3
519747,2
519769,3
519774,3
519787,2
519799,3
519846,3
519848,3
519853,3
519859,3
519885,1
519888,3
519893,3
519896,2
519897,0
519905,3
519911,3
519912,3
519943,0
519955,1
519957,3
519961,1
519965,3
519982,2
520054,1
520063,1
520097,3
520106,1
520141,3
520152,3
520170,1
520175,3
520177,3
520182,3
520188,1
520193,3
520225,3
520244,3
520248,3
520250,3
520256,3
520265,3
520277,3
520291,1
520298,3
520307,3
520311,1
520314,1
520327,1
520358,3
520373,3
520397,2
520405,1
520411,3
520422,1
520429,2
520436,3
520440,0
520480,1
520491,3
520497,3
520527,1
520530,3
520532,3
520539,2
520556,3
520558,1
520561,0
520603,0
520619,3
520680,3
520696,2
520708,3
520719,1
520733,3
520745,3
520762,1
520770,3
520771,1
520780,0
520783,3
520804,3
520819,3
520821,3
520844,1
520851,3
520861,2
520877,3
520878,3
520882,1
520885,2
520898,3
520902,3
520920,1
520934,3
520947,2
520959,3
521000,3
521004,3
521009,0
521031,3
521033,3
521044,3
521060,3
521062,0
521065,2
521066,3
521070,2
521109,1
521127,3
521152,3
521170,3
521185,3
521186,3
521187,0
521192,3
521201,3
521211,1
521212,2
521235,2
521250,3
521259,1
521282,1
521286,1
521293,1
521295,3
521298,1
521309,3
521316,3
521331,2
521335,2
521343,1
521379,3
521392,3
521404,3
521408,3
521416,3
521434,3
521462,0
521474,1
521491,2
521509,3
521510,3
521514,3
521587,1
521607,3
521609,3
521642,0
521657,1
521658,3
521663,0
521695,3
521708,3
521719,1
521720,3
521743,3
521748,3
521768,3
521785,1
521814,3
521818,2
521859,3
521865,3
521883,2
521884,3
521885,3
521904,1
521921,3
521925,3
521941,1
521943,3
521956,1
521963,1
521986,3
521992,1
521997,1
522001,0
522005,3
522062,3
522086,3
522111,2
522112,3
522115,2
522118,3
522134,0
522152,2
522171,1
522179,3
522184,0
522201,1
522223,3
522233,2
522237,1
522263,3
522265,3
522276,3
522286,3
522315,1
522323,3
522364,1
522373,1
522375,3
522387,1
522402,3
522420,2
522426,3
522427,1
522438,3
522441,1
522445,3
522457,1
522465,0
522476,3
522484,3
522513,3
522523,1
522532,1
522533,2
522585,3
522607,3
522624,1
522631,1
522633,3
522634,1
522639,3
522654,3
522687,2
522738,2
522745,3
522748,3
522761,2
522788,1
522800,1
522809,3
522873,0
522898,2
522911,0
522927,3
522937,3
522939,3
522943,0
522944,3
522970,3
522981,1
522999,1
523030,1
523057,0
523073,1
523077,1
523090,1
523098,3
523146,3
523158,3
523209,3
523228,1
523231,3
523256,1
523271,3
523273,1
523290,1
523299,2
523301,3
523335,1
523338,3
523392,3
523395,1
523442,3
523454,3
523465,3
523474,3
523484,3
523503,2
523505,3
523511,2
523513,3
523517,3
523526,1
523546,0
523559,3
523612,3
523619,3
523657,1
523666,3
523686,3
523690,3
523700,0
523710,3
523715,2
523717,3
523729,0
523735,3
523746,1
523756,1
523768,2
523771,3
523787,1
523800,1
523807,3
523819,3
523824,1
523841,3
523842,3
523845,3
523846,1
523860,3
523866,1
523877,3
523887,1
523913,1
523938,1
523981,3
524001,3
524012,3
524031,1
524036,1
524038,3
524043,3
524046,2
524052,3
524057,0
524076,3
524080,1
524098,0
524116,3
524120,3
524151,1
524167,3
524169,3
524172,0
524180,3
524194,2
524200,3
524211,1
524214,1
524226,3
524244,1
524251,3
524278,1
524313,3
524318,0
524328,1
524358,2
524365,3
524383,1
524407,3
524412,3
524419,0
524448,2
524473,3
524484,2
524511,3
524572,3
524606,2
524607,1
524615,3
524620,1
524628,3
524637,1
524644,1
524650,1
524663,1
524668,3
524682,3
524722,3
524728,0
524739,0
524766,1
524797,0
524805,1
524807,1
524821,2
524834,3
524842,1
524849,3
524861,1
524880,0
524885,0
524895,3
524909,3
524913,1
524923,1
524926,3
524929,3
524940,1
524980,2
525022,2
525034,3
525043,3
525053,3
525056,1
525081,3
525089,3
525102,1
525106,3
525168,3
525175,0
525176,0
525201,3
525212,1
525227,3
525234,2
525244,1
525265,3
525281,1
525308,1
525323,1
525332,2
525356,3
525377,0
525379,0
525389,1
525405,1
525410,1
525415,1
525447,2
525488,2
525515,1
525529,3
525546,3
525555,2
525591,3
525610,2
525611,3
525615,1
525631,2
525647,0
525671,3
525684,3
525716,3
525722,3
525734,1
525761,1
525769,1
525789,0
525804,3
525806,3
525824,3
525842,3
525844,2
525848,0
525864,1
525879,3
525920,3
525975,3
525996,3
526032,0
526036,0
526062,3
526079,3
526084,3
526102,3
526144,3
526154,3
526174,3
526179,3
526184,1
526203,2
526206,1
526221,0
526235,3
526239,3
526256,3
526258,3
526291,0
526297,3
526303,1
526308,2
526332,3
526354,3
526365,1
526367,3
526372,3
526378,3
526409,3
526431,3
526435,0
526443,0
526445,3
526471,3
526490,1
526492,3
526495,1
526540,3
526565,1
526570,2
526628,3
526668,3
526676,2
526683,3
526690,1
526711,3
526727,2
526729,3
526740,0
526759,3
526782,1
526789,1
526837,2
526855,1
526858,0
526867,3
526872,0
526873,3
526900,3
526901,3
526905,3
526913,3
526916,0
526925,1
526950,1
526959,3
526970,3
527001,0
527004,3
527019,1
527038,3
527046,3
527075,3
527081,1
527082,3
527109,3
527130,2
527132,3
527133,2
527141,3
527142,1
527150,1
527154,1
527158,2
527187,1
527197,1
527219,1
527232,3
527253,3
527280,1
527321,1
527326,3
527344,3
527346,3
527354,3
527359,1
527365,1
527389,1
527393,1
527396,3
527401,2
527406,3
527445,0
527451,1
527452,3
527455,2
527464,3
527467,3
527470,3
527490,3
527507,3
527508,3
527518,1
527524,1
527536,2
527541,1
527552,1
527560,1
527564,1
527585,3
527605,1
527689,1
527690,1
527726,0
527735,1
527750,1
527782,2
527783,3
527801,0
527824,3
527850,1
527857,1
527886,3
527928,1
527944,1
527945,0
527984,3
527987,3
527995,3
528020,3
528028,3
528046,1
528061,3
528098,0
528105,1
528122,1
528137,0
528139,1
528158,3
528164,2
528179,1
528186,3
528193,3
528216,3
528242,1
528244,1
528248,1
528281,3
528322,3
528330,3
528354,3
528372,1
528378,3
528379,3
528411,3
528413,0
528417,3
528421,1
528455,3
528461,0
528490,3
528500,2
528522,3
528528,1
528542,3
528567,1
528580,3
528612,3
528657,3
528661,3
528683,3
528688,1
528690,1
528706,3
528723,1
528735,3
528743,2
528744,3
528777,3
528816,2
528826,1
528827,3
528828,3
528829,1
528839,2
528842,0
528844,1
528906,1
528909,1
528929,3
528930,3
528936,0
528942,3
528953,2
528965,1
528967,1
528995,3
528999,3
529019,2
529023,1
529048,0
529050,3
529082,1
529205,2
529214,0
529216,1
529224,3
529229,1
529231,1
529237,3
529249,3
529284,0
529309,3
529332,1
529338,3
529362,2
529406,3
529420,0
529421,3
529422,3
529424,3
529428,3
529436,2
529488,2
529501,3
529502,3
529510,3
529513,3
529520,1
529566,3
529602,2
529677,1
529678,3
529689,3
529695,1
529704,2
529734,3
529737,0
529768,3
529781,1
529783,1
529787,3
529801,3
529831,1
529840,0
529845,1
529857,0
529879,1
529887,1
529913,0
529940,0
529972,3
530004,3
530039,3
530090,3
530118,3
530188,1
530196,2
530199,2
530213,3
530223,3
530240,3
530277,3
530278,3
530282,1
530298,3
530315,3
530322,3
530329,0
530365,3
530371,1
530374,1
530379,1
530383,3
530385,3
530421,3
530427,3
530453,0
530463,3
530468,1
530514,2
530543,1
530563,3
530579,3
530581,1
530585,3
530592,1
530599,1
530607,1
530625,3
530627,3
530633,0
530645,1
530649,3
530656,3
530665,1
530666,1
530667,2
530672,0
530673,0
530687,3
530719,3
530720,2
530724,3
530739,1
530743,3
530754,1
530773,3
530775,3
530797,1
530801,3
530810,3
530811,2
530833,3
530869,1
530873,0
530881,1
530906,3
530949,2
530950,3
530978,3
531006,3
531009,3
531016,3
531020,3
531027,3
531031,2
531054,3
531073,1
531094,3
531109,3
531143,3
531144,3
531158,3
531198,1
531204,3
531217,3
531253,3
531255,0
531322,1
531339,2
531344,3
531361,2
531373,3
531386,3
531427,2
531431,3
531447,3
531456,1
531467,1
531471,3
531475,0
531499,1
531500,0
531511,3
531512,3
531557,3
531562,1
531568,3
531615,2
531620,0
531625,1
531650,1
531654,2
531663,3
531670,3
531682,0
531735,0
531739,3
531744,3
531745,2
531771,3
531777,3
531789,3
531795,0
531803,0
531807,1
531824,1
531834,1
531844,3
531847,0
531857,1
531868,0
531884,3
531921,3
531926,0
531931,3
531959,2
531967,0
531971,0
531987,1
531989,3
531994,3
532063,3
532064,2
532073,3
532101,1
532106,3
532119,3
532159,1
532215,3
532225,3
532233,3
532258,3
532259,3
532279,1
532312,3
532329,2
532347,1
532361,3
532365,3
532381,2
532387,3
532388,3
532390,3
532410,2
532426,2
532432,0
532433,1
532500,2
532519,3
532535,3
532544,2
532568,3
532607,3
532622,3
532623,3
532627,0
532637,1
532650,3
532651,1
532653,3
532656,1
532705,1
532710,1
532711,1
532721,3
532725,2
532730,1
532742,3
532748,3
532750,2
532774,0
532810,3
532823,1
532835,1
532843,3
532863,3
532866,3
532901,1
532905,0
532912,3
532941,2
532989,3
533048,1
533093,1
533117,3
533123,3
533129,3
533155,3
533187,0
533199,1
533204,0
533211,3
533222,3
533248,3
533251,3
533283,3
533291,3
533302,3
533327,0
533357,3
533378,3
533388,2
533393,0
533396,3
533402,1
533404,2
533411,1
533449,1
533464,3
533490,3
533492,2
533497,1
533518,3
533527,3
533537,1
533542,3
533550,1
533573,1
533575,3
533598,3
533613,3
533617,3
533656,3
533716,3
533742,1
533755,2
533759,3
533773,1
533782,3
533809,1
533827,1
533846,1
533859,3
533895,3
533908,1
533932,2
533975,1
533985,1
533990,3
534040,3
534045,3
534066,3
534082,0
534088,1
534105,3
534179,3
534190,3
534246,1
534254,1
534295,3
534333,3
534351,3
534360,3
534378,0
534380,2
534391,3
534445,2
534474,3
534499,1
534564,3
534586,0
534594,3
534604,2
534607,1
534608,1
534661,1
534688,1
534697,1
534703,3
534742,0
534747,3
534782,1
534793,1
534798,1
534825,0
534840,3
534842,3
534858,2
534895,3
534903,3
534939,3
534948,3
534957,3
534971,1
534986,0
535003,0
535007,2
535024,2
535035,3
535047,3
535051,3
535060,1
535063,1
535081,3
535099,1
535135,3
535136,1
535149,3
535155,0
535177,3
535189,3
535229,3
535266,2
535311,3
535341,3
535365,1
535398,3
535441,3
535447,3
535459,1
535473,2
535495,3
535497,0
535502,3
535553,3
535595,2
535600,1
535610,1
535625,2
535637,1
535644,3
535682,0
535686,2
535701,3
535702,2
535706,1
535734,3
535737,0
535746,3
535747,1
535791,3
535795,3
535878,3
535879,3
535885,3
535896,3
535905,2
535906,1
535912,3
535942,3
535983,0
535994,1
536000,2
536016,3
536034,1
536035,3
536039,2
536050,1
536058,3
536066,3
536086,3
536099,1
536135,0
536170,0
536212,2
536228,1
536229,1
536241,3
536275,3
536278,3
536313,1
536343,3
536387,2
536431,3
536467,1
536469,1
536474,2
536488,0
536489,2
536490,1
536532,3
536566,3
536574,3
536594,0
536604,3
536622,3
536641,3
536651,3
536652,1
536656,3
536658,3
536659,3
536672,3
536675,1
536691,3
536695,3
536763,3
536764,3
536782,3
536791,3
536810,3
536843,3
536876,1
536893,0
536951,3
536964,1
536995,2
537038,3
537066,3
537098,3
537121,0
537123,2
537177,2
537181,3
537212,1
537227,3
537289,3
537317,1
537373,1
537393,3
537400,1
537412,3
537413,2
537414,3
537470,1
537481,0
537507,2
537560,3
537580,1
537586,3
537595,3
537659,1
537671,3
537676,2
537688,0
537723,1
537725,1
537748,1
537770,3
537776,1
537795,1
537804,1
537818,1
537819,3
537834,3
537860,1
537861,3
537904,1
537922,3
537926,0
537975,1
538069,2
538074,3
538084,3
538108,0
538112,3
538131,3
538134,3
538139,1
538147,2
538167,3
538188,3
538197,3
538214,3
538216,0
538260,3
538270,1
538274,0
538279,3
538306,3
538319,1
538321,1
538331,3
538349,3
538350,2
538388,3
538413,2
538426,1
538432,3
538438,3
538441,2
538454,1
538457,3
538458,3
538463,0
538489,1
538511,0
538522,3
538529,3
538538,3
538608,3
538638,3
538641,2
538666,2
538677,1
538680,3
538681,1
538691,3
538696,1
538703,3
538714,3
538780,3
538788,1
538814,1
538883,1
538915,3
538919,2
538944,3
538976,3
539008,3
539010,3
539012,3
539093,3
539105,3
539135,3
539140,1
539146,1
539209,3
539221,3
539243,2
539267,3
539283,3
539300,3
539304,1
539307,0
539315,3
539317,3
539320,3
539337,1
539338,1
539384,1
539414,1
539426,0
539453,1
539460,3
539493,0
539510,3
539519,3
539528,3
539542,2
539558,3
539566,2
539611,3
539625,3
539627,3
539637,3
539648,3
539656,0
539669,1
539671,3
539710,2
539729,3
539782,0
539794,3
539855,3
539864,3
539866,0
539868,1
539883,3
539888,1
539899,2
539912,3
539916,3
539917,3
539919,2
539936,3
539953,3
539962,2
540014,3
540029,2
540043,0
540094,3
540138,1
540147,3
540150,3
540180,3
540199,3
540226,0
540244,1
540252,3
540253,3
540260,3
540302,3
540306,1
540308,1
540319,3
540347,1
540348,3
540413,1
540415,3
540444,3
540455,1
540475,1
540502,3
540527,3
540557,3
540572,2
540580,3
540597,3
540605,1
540614,2
540622,3
540642,0
540652,0
540653,1
540654,3
540656,3
540664,1
540666,1
540698,3
540708,1
540718,3
540733,1
540777,0
540819,2
540837,3
540857,0
540863,2
540924,1
540941,2
540966,0
540973,1
540974,1
541001,3
541034,1
541040,2
541041,1
541047,2
541061,1
541083,0
541084,3
541112,3
541132,0
541150,1
541162,2
541168,3
541176,3
541193,0
541216,1
541224,3
541235,3
541236,0
541240,1
541249,3
541259,3
541262,2
541282,2
541289,3
541326,3
541352,3
541357,2
541382,3
541389,1
541438,1
541454,3
541497,0
541505,3
541516,3
541539,2
541540,3
541612,3
541649,1
541672,3
541699,3
541700,3
541734,3
541735,1
541752,3
541764,3
541812,3
541878,1
541901,3
541906,2
541921,1
541923,3
541931,3
541939,3
541967,3
541972,3
541980,0
541988,0
541998,3
541999,0
542012,3
542015,3
542027,1
542036,3
542056,2
542059,3
542065,2
542080,3
542095,2
542142,2
542153,3
542189,1
542194,1
542196,0
542208,3
542230,3
542254,3
542267,0
542270,3
542277,1
542282,3
542303,3
542316,1
542326,1
542334,3
542358,1
542366,3
542383,3
542418,2
542451,1
542471,3
542482,0
542570,3
542585,3
542605,3
542638,0
542657,3
542658,1
542663,1
542670,3
542706,1
542752,3
542760,1
542767,2
542795,3
542796,3
542805,1
542812,1
542815,0
542825,1
542843,3
542850,1
542857,0
542874,2
542914,3
542918,2
542937,1
542965,1
542976,3
543008,2
543038,3
543052,3
543074,3
543075,3
543081,3
543114,3
543126,1
543165,3
543222,2
543237,0
543240,0
543271,3
543273,3
543304,3
543306,1
543327,3
543339,1
543352,3
543375,3
543385,3
543428,1
543437,1
543476,1
543497,3
543557,1
543559,3
543618,1
543620,0
543659,1
543660,2
543666,1
543668,1
543671,1
543694,3
543696,0
543713,1
543716,3
543723,0
543728,3
543778,3
543810,1
543816,0
543817,0
543826,3
543885,1
543900,3
543927,1
543928,1
543937,3
543952,2
543968,1
543976,2
544002,3
544008,1
544012,3
544015,1
544043,3
544163,3
544207,3
544254,3
544256,3
544271,1
544333,0
544364,0
544367,3
544391,3
544406,2
544414,3
544425,0
544444,3
544447,1
544449,3
544469,3
544472,0
544476,3
544480,1
544495,2
544497,1
544507,0
544513,3
544536,1
544549,3
544595,3
544604,3
544627,3
544640,3
544647,1
544680,3
544683,3
544685,2
544694,3
544698,1
544747,1
544749,3
544818,1
544839,3
544868,3
544926,3
545010,3
545011,3
545012,1
545063,0
545070,3
545089,2
545109,1
545115,3
545132,1
545208,3
545209,2
545226,3
545247,1
545249,3
545264,0
545272,3
545281,0
545290,3
545300,1
545317,3
545318,3
545327,1
545344,2
545345,1
545360,1
545375,1
545399,3
545404,2
545446,1
545465,3
545510,3
545518,2
545551,3
545577,3
545629,3
545633,3
545634,3
545652,3
545684,2
545736,2
545745,1
545748,3
545754,0
545755,3
545758,1
545763,2
545770,3
545771,3
545803,3
545805,3
545810,1
545848,1
545865,3
545879,2
545936,3
545939,3
545958,0
545981,1
546008,1
546050,3
546061,3
546064,3
546065,3
546072,3
546121,1
546127,3
546130,3
546131,2
546161,3
546164,2
546190,3
546224,3
546256,3
546280,2
546282,3
546307,2
546334,1
546395,2
546399,0
546419,2
546437,3
546462,0
546470,0
546485,3
546509,3
546529,2
546587,3
546612,3
546648,3
546664,1
546671,3
546679,1
546688,2
546702,3
546728,2
546740,3
546756,3
546774,3
546842,1
546844,3
546847,2
546857,0
546864,2
546867,3
546881,3
546882,2
546884,1
546888,2
546900,3
546937,0
546964,3
546972,3
547006,2
547007,1
547037,1
547070,3
547100,2
547130,2
547150,2
547164,2
547175,1
547180,3
547181,0
547201,1
547266,3
547301,1
547320,1
547325,3
547336,3
547342,1
547412,3
547453,1
547458,3
547459,2
547483,1
547512,3
547555,2
547559,2
547568,1
547594,2
547606,3
547613,3
547617,1
547663,3
547664,3
547693,2
547761,3
547776,3
547779,3
547792,3
547817,1
547823,3
547825,1
547834,0
547836,3
547857,0
547862,3
547878,2
547911,3
547938,2
547951,3
547966,3
547997,0
548006,1
548022,3
548032,3
548037,3
548040,1
548093,1
548109,3
548113,3
548120,3
548123,0
548185,1
548189,2
548190,1
548193,2
548222,2
548228,0
548230,0
548256,3
548258,3
548272,3
548307,3
548310,1
548391,3
548408,1
548422,2
548434,3
548448,0
548474,1
548488,1
548490,3
548504,2
548560,3
548568,3
548587,1
548635,3
548651,3
548653,3
548672,3
548708,3
548743,1
548853,3
548859,3
548872,1
548961,2
548967,3
548978,1
548988,3
548990,1
549058,2
549115,2
549116,3
549121,2
549141,1
549152,2
549154,3
549190,2
549202,3
549235,1
549251,2
549274,0
549281,1
549290,1
549292,3
549293,0
549303,1
549313,3
549320,1
549357,3
549359,1
549361,3
549366,0
549367,3
549377,2
549389,1
549390,1
549450,2
549466,1
549472,1
549482,3
549515,3
549569,2
549572,3
549579,3
549580,3
549584,3
549608,0
549611,3
549623,3
549631,3
549710,1
549714,3
549733,2
549746,3
549759,0
549764,1
549777,1
549797,1
549800,3
549850,2
549894,0
549938,2
549988,0
549992,1
550017,3
550019,1
550022,0
550028,0
550068,3
550071,1
550077,3
550105,1
550110,2
550134,3
550193,0
550200,3
550202,2
550221,3
550222,1
550229,1
550233,3
550298,1
550300,3
550317,3
550400,2
550421,3
550426,3
550442,1
550455,3
550459,3
550460,3
550482,0
550506,3
550514,2
550572,3
550579,2
550599,0
550627,2
550703,0
550711,1
550752,3
550754,3
550796,2
550804,1
550805,3
550830,2
550868,3
550871,3
550887,1
550904,3
550973,3
550985,3
551023,2
551032,1
551042,3
551051,1
551088,3
551116,3
551166,1
551210,0
551211,0
551217,1
551237,3
551241,1
551245,2
551278,3
551282,3
551331,3
551340,2
551359,3
551430,3
551431,0
551448,3
551468,3
551473,0
551486,1
551488,1
551501,0
551549,0
551560,3
551567,3
551576,1
551600,3
551615,1
551620,3
551622,2
551627,1
551662,3
551665,3
551671,0
551681,1
551685,0
551718,1
551729,1
551804,3
551834,1
551847,1
551890,1
551908,0
551914,3
551935,0
551963,3
551967,3
551978,1
551990,1
552036,3
552088,1
552165,0
552172,2
552192,1
552209,0
552302,0
552303,3
552313,3
552314,3
552345,3
552348,3
552363,1
552364,1
552366,3
552372,3
552384,0
552414,3
552432,2
552440,3
552473,1
552487,3
552506,0
552532,3
552535,3
552558,3
552573,2
552597,1
552598,3
552613,3
552623,2
552642,3
552643,3
552649,1
552653,2
552661,3
552726,0
552732,3
552734,3
552760,3
552763,3
552775,1
552809,1
552861,2
552904,3
552929,1
552944,3
552945,3
553017,3
553054,2
553139,3
553151,3
553208,1
553219,3
553220,2
553231,3
553245,3
553339,3
553361,3
553456,3
553533,3
553559,1
553568,3
553607,3
553631,0
553633,0
553645,1
553664,3
553690,0
553704,1
553743,0
553751,3
553754,3
553773,2
553783,1
553791,1
553805,3
553876,3
553901,2
553904,2
553938,2
553943,3
553955,3
553967,2
553984,3
553985,2
554026,3
554079,1
554141,3
554155,3
554163,3
554175,3
554202,1
554213,2
554217,1
554269,3
554284,1
554289,1
554299,0
554357,0
554413,3
554444,1
554450,0
554507,1
554532,3
554560,1
554609,3
554632,1
554670,3
554681,1
554724,1
554753,2
554801,2
554853,3
554866,0
554885,1
554922,3
554939,0
554949,0
554956,1
554961,3
555030,2
555058,2
555075,0
555083,0
555108,3
555135,3
555147,1
555151,2
555180,3
555186,3
555187,0
555191,3
555193,3
555203,0
555206,3
555250,1
555257,2
555275,0
555277,0
555299,3
555301,3
555310,2
555326,3
555334,0
555418,0
555428,3
555478,2
555484,3
555492,1
555499,3
555521,2
555563,3
555587,1
555600,3
555648,3
555656,0
555698,2
555710,3
555712,0
555751,3
555770,3
555773,2
555782,3
555784,1
555796,3
555818,0
555850,3
555852,3
555894,3
555934,1
555960,0
555990,0
555997,3
556015,3
556019,3
556043,0
556052,1
556067,3
556111,3
556119,3
556127,1
556138,1
556199,0
556214,3
556215,3
556268,3
556274,2
556314,2
556347,3
556391,3
556395,0
556417,0
556533,3
556579,2
556621,1
556622,3
556623,2
556647,3
556673,0
556714,1
556744,3
556824,3
556827,0
556830,1
556841,1
556887,2
556900,1
556904,0
556906,3
557005,2
557010,0
557033,3
557036,2
557055,3
557107,3
557108,1
557118,3
557134,3
557236,3
557248,0
557262,2
557282,3
557298,3
557307,3
557314,3
557343,3
557402,3
557449,1
557476,3
557492,1
557496,3
557508,1
557525,3
557562,3
557569,2
557643,3
557672,1
557692,3
557726,2
557762,2
557794,3
557799,0
557815,2
557834,2
557851,3
557875,3
557876,3
557879,2
557887,1
557921,3
557932,1
557956,0
557957,3
557963,2
557986,1
557992,0
558018,3
558019,3
558081,3
558114,2
558138,1
558147,0
558202,1
558204,0
558251,3
558270,1
558277,2
558294,1
558300,3
558362,3
558388,3
558394,3
558395,1
558437,3
558466,3
558489,1
558506,3
558513,3
558651,1
558659,3
558682,3
558774,1
558786,3
558838,3
558851,2
558852,0
558919,0
558920,3
558966,3
558987,3
558988,0
559068,2
559071,1
559093,3
559094,1
559107,3
559112,3
559146,1
559148,3
559164,1
559176,0
559194,2
559211,3
559226,1
559228,3
559266,3
559277,1
559324,3
559345,1
559368,3
559407,3
559432,2
559441,0
559461,0
559464,3
559465,0
559468,1
559469,3
559473,3
559520,1
559537,3
559547,0
559661,2
559695,2
559712,3
559758,1
559772,3
559775,3
559782,3
559787,2
559794,1
559832,0
559834,3
559846,3
559863,1
559901,1
559918,3
559936,2
559981,3
559995,3
560015,1
560035,3
560065,3
560078,3
560085,2
560090,1
560125,3
560175,1
560195,3
560213,3
560245,3
560257,1
560273,3
560279,0
560291,3
560341,3
560362,3
560367,3
560374,3
560433,0
560468,3
560478,3
560495,0
560497,1
560508,0
560511,3
560519,3
560529,1
560627,2
560672,1
560680,2
560723,0
560733,3
560739,2
560747,3
560796,3
560803,3
560854,2
560870,3
560888,3
560897,3
560915,1
560929,1
560948,0
560949,3
560978,2
560991,3
561013,3
561031,2
561033,3
561037,1
561044,0
561054,2
561156,0
561201,2
561243,3
561288,0
561326,1
561331,3
561333,0
561339,3
561353,3
561367,3
561386,3
561503,3
561519,0
561642,3
561652,3
561653,0
561665,1
561687,1
561699,1
561707,0
561710,3
561798,3
561837,3
561846,2
561864,3
561896,3
561908,2
561945,1
561950,2
561992,3
561994,3
562010,3
562032,1
562042,3
562108,3
562148,3
562161,1
562192,3
562209,1
562238,3
562275,2
562283,1
562315,3
562334,3
562338,3
562362,1
562398,3
562416,3
562417,3
562428,3
562490,2
562516,0
562529,3
562576,2
562585,3
562587,1
562612,2
562641,3
562648,3
562708,3
562814,1
562832,1
562843,3
562869,3
562886,3
562888,0
562894,3
563012,1
563021,3
563052,1
563059,2
563100,1
563148,2
563162,1
563165,3
563201,1
563221,3
563253,1
563254,1
563266,1
563315,3
563335,0
563340,1
563342,1
563343,0
563375,0
563410,0
563425,0
563482,3
563483,1
563489,3
563507,1
563544,3
563588,3
563592,1
563598,1
563679,0
563691,1
563711,2
563731,3
563735,3
563736,3
563740,1
563773,1
563787,3
563831,2
563853,2
563882,1
563896,2
563956,3
563974,1
563995,1
564052,3
564100,3
564101,2
564112,1
564182,3
564204,3
564219,3
564234,3
564252,3
564258,1
564306,3
564312,3
564364,3
564369,0
564377,3
564430,3
564434,0
564495,2
564498,0
564517,3
564534,3
564588,1
564593,1
564596,1
564604,1
564606,3
564616,3
564620,2
564699,1
564713,2
564736,3
564737,3
564792,3
564822,0
564842,1
564854,3
564962,3
565056,0
565070,0
565076,0
565109,3
565114,1
565131,1
565212,3
565240,0
565251,1
565265,2
565275,1
565280,2
565294,3
565301,3
565348,1
565365,3
565377,3
565387,2
565419,3
565459,3
565460,3
565464,3
565467,1
565487,0
565508,0
565510,0
565511,2
565514,3
565565,2
565573,3
565582,1
565601,0
565718,3
565755,1
565764,1
565768,1
565791,3
565826,1
565827,2
565841,3
565902,1
565910,1
565912,1
565915,1
565935,3
565949,1
566002,0
566008,1
566032,3
566044,2
566059,2
566061,3
566096,3
566097,0
566152,3
566173,3
566174,3
566196,3
566275,1
566279,3
566312,1
566336,3
566338,1
566366,1
566424,1
566432,0
566455,3
566456,0
566489,3
566533,2
566547,3
566592,0
566614,1
566625,3
566626,3
566650,3
566682,1
566702,3
566726,3
566735,3
566749,0
566762,3
566770,1
566787,3
566815,3
566861,3
566875,3
566881,3
566953,2
566964,3
566992,1
566996,0
566998,1
566999,2
567052,1
567061,1
567114,0
567172,3
567195,3
567211,3
567219,1
567243,3
567245,0
567256,3
567342,1
567390,0
567431,3
567432,2
567448,3
567458,1
567478,2
567518,3
567547,3
567548,3
567558,1
567563,1
567589,1
567643,3
567651,1
567682,1
567778,3
567824,0
567849,3
567885,3
567906,3
567943,0
567950,2
567961,1
568004,3
568013,3
568060,3
568064,3
568078,3
568086,0
568093,3
568101,3
568105,3
568121,3
568155,1
568167,1
568182,1
568258,1
568325,0
568371,1
568385,3
568416,1
568463,3
568486,0
568513,1
568536,0
568602,3
568605,2
568641,3
568696,3
568713,3
568716,2
568773,2
568790,3
568917,0
568931,2
568970,0
568984,0
569031,2
569082,3
569107,0
569150,3
569170,3
569180,3
569203,3
569236,3
569239,3
569243,3
569300,0
569335,1
569342,1
569364,3
569458,3
569466,3
569472,3
569530,3
569534,3
569572,3
569643,0
569733,3
569754,3
569779,3
569788,1
569792,1
569817,1
569829,3
569832,1
569863,3
569883,3
569920,1
569923,0
570021,1
570076,2
570144,3
570162,3
570215,3
570219,1
570224,1
570226,1
570242,0
570279,3
570291,3
570329,0
570330,1
570346,2
570369,1
570418,2
570436,3
570439,1
570600,2
570601,1
570625,1
570626,3
570631,3
570639,3
570654,1
570666,1
570683,3
570692,1
570693,3
570697,1
570713,3
570746,3
570750,2
570782,3
570821,3
570829,3
570837,3
570862,0
570928,3
570930,1
570945,3
570961,2
570988,0
571001,1
571015,1
571084,0
571200,3
571208,2
571233,3
571243,2
571251,0
571300,2
571348,3
571363,3
571429,3
571454,1
571523,3
571525,1
571553,3
571560,3
571561,1
571566,3
571580,2
571610,1
571637,3
571639,3
571643,3
571757,0
571819,3
571864,1
571876,3
571888,2
571913,1
571940,1
572106,1
572133,0
572154,1
572176,0
572214,0
572290,3
572396,3
572397,0
572428,3
572479,3
572489,2
572502,3
572529,0
572538,3
572554,3
572578,3
572591,3
572609,3
572632,3
572669,3
572728,2
572744,1
572826,1
572870,0
572898,3
572908,3
572932,0
572992,3
573010,2
573011,3
573040,3
573086,2
573122,3
573147,3
573153,2
573189,3
573191,2
573237,1
573244,1
573249,3
573291,3
573365,2
573373,3
573378,3
573379,3
573420,1
573423,0
573427,3
573493,3
573518,3
573564,1
573584,1
573588,3
573621,3
573648,2
573670,2
573698,2
573704,3
573719,0
573720,3
573792,3
573807,1
573841,3
573922,3
573926,0
573931,1
573939,3
573946,3
573988,3
574003,2
574071,3
574104,3
574116,1
574134,3
574150,3
574206,1
574279,3
574362,0
574409,2
574419,1
574440,3
574465,1
574467,3
574489,3
574493,3
574513,3
574603,3
574625,3
574680,3
574794,1
574840,3
574885,1
574909,3
574987,3
575051,3
575055,3
575092,1
575131,1
575208,3
575233,3
575253,3
575299,3
575419,3
575433,3
575459,3
575500,3
575528,3
575554,2
575561,3
575576,3
575677,3
575692,0
575711,3
575733,0
575756,2
575774,3
575809,3
575823,1
575868,0
575908,3
575923,3
575964,0
575971,3
576040,1
576103,2
576136,3
576159,1
576169,3
576231,1
576272,3
576357,1
576366,3
576369,3
576370,2
576373,3
576541,2
576612,1
576663,3
576668,0
576677,2
576691,3
576712,0
576765,2
576785,0
576833,3
576846,1
576849,2
576879,1
576922,0
576945,3
576962,2
576966,3
576985,2
577007,3
577044,1
577046,3
577074,3
577089,0
577115,1
577145,3
577180,3
577208,1
577215,1
577216,3
577225,3
577255,3
577287,2
577356,3
577381,0
577386,3
577410,1
577534,0
577539,3
577541,2
577598,2
577617,1
577625,1
577626,3
577638,1
577643,0
577667,0
577682,1
577851,2
577901,2
577915,3
577921,1
577930,3
577944,0
577984,3
578058,1
578088,3
578120,0
578164,3
578396,3
578459,3
578488,3
578503,3
578511,3
578549,3
578607,3
578824,1
578866,0
578872,1
578886,2
578892,1
578929,1
578938,3
578947,3
578993,1
579021,1
579040,0
579065,3
579230,0
579275,2
579307,2
579323,1
579404,1
579503,0
579547,3
579589,3
579707,3
579714,0
579783,0
579792,2
579804,3
579829,0
579846,1
579950,1
579971,0
579999,1
580026,0
580077,1
580211,3
580212,3
580402,3
580460,3
580515,3
580578,3
580611,1
580622,0
580626,2
580658,3
580895,0
580902,3
580944,3
580971,3
581005,3
581085,2
581086,3
581091,1
581110,0
581111,3
581120,2
581239,1
581269,3
581307,1
581343,2
581365,1
581385,1
581388,1
581409,3
581412,3
581438,3
581461,1
581491,2
581527,3
581577,1
581595,0
581666,3
581679,2
581685,3
581721,3
581729,2
581770,3
581835,3
581858,3
581901,3
582002,0
582011,0
582038,1
582190,0
582227,1
582241,0
582254,3
582319,2
582320,3
582326,3
582333,3
582343,1
582446,2
582482,3
582484,3
582577,3
582586,0
582636,3
582664,3
582723,3
582729,0
582768,2
582785,3
582796,1
582801,2
582828,1
582833,3
582903,2
582979,3
582995,3
583016,3
583023,3
583038,3
583052,3
583070,1
583087,3
583120,2
583134,1
583166,2
583190,0
583200,3
583297,3
583335,1
583336,1
583342,0
583446,1
583454,1
583483,1
583486,3
583490,1
583499,3
583526,1
583612,2
583623,3
583664,3
583759,1
583764,3
583931,3
583955,0
583976,3
584001,1
584012,3
584030,3
584034,3
584115,2
584134,3
584185,1
584217,0
584241,1
584247,3
584288,1
584423,1
584459,3
584525,3
584530,3
584531,3
584537,3
584549,2
584591,3
584666,3
584787,2
584843,2
584844,3
584875,3
584912,1
584977,3
584998,3
585138,0
585169,0
585187,3
585231,0
585248,3
585250,0
585310,1
585361,0
585492,3
585522,0
585583,1
585585,2
585595,2
585650,2
585717,1
585722,1
585745,3
585768,3
585832,3
585882,3
585915,3
585946,3
585965,3
585986,3
586006,3
586038,1
586063,2
586077,3
586096,3
586122,3
586124,3
586192,2
586251,2
586257,0
586270,1
586272,2
586312,3
586344,1
586357,0
586384,3
586458,0
586471,1
586631,1
586637,3
586644,3
586656,3
586672,3
586701,3
586721,2
586732,1
586762,1
586774,3
586803,1
586811,2
586820,3
586829,0
586850,3
586876,1
586887,3
586936,3
586953,3
587134,1
587195,0
587233,0
587234,2
587304,3
587313,1
587373,3
587459,3
587470,3
587483,3
587538,3
587577,3
587601,0
587642,0
587675,2
587698,1
587753,0
587754,2
587802,3
587810,3
587899,1
588013,3
588048,3
588103,3
588313,1
588355,3
588370,3
588386,2
588391,3
588414,2
588497,1
588507,2
588526,0
588560,0
588582,3
588677,1
588732,1
588797,2
588820,3
588893,3
588919,3
588970,1
589008,0
589121,1
589140,1
589154,1
589162,3
589164,3
589171,1
589228,2
589259,1
589306,3
589311,3
589404,2
589405,3
589414,3
589489,3
589539,1
589630,3
589650,3
589758,3
589775,3
589812,3
589822,0
589868,1
589884,1
589977,3
589995,3
590014,1
590040,3
590077,2
590095,3
590103,3
590123,0
590130,0
590163,3
590202,3
590227,3
590230,2
590379,3
590394,1
590397,1
590400,3
590404,3
590412,3
590420,2
590429,3
590434,3
590442,3
590468,1
590471,2
590473,0
590558,1
590659,1
590697,3
590744,1
590829,3
590843,1
590905,3
590922,0
590954,3
590967,3
590981,3
591003,3
591063,2
591097,3
591155,3
591255,1
591271,0
591328,0
591381,1
591433,1
591478,1
591582,2
591593,2
591599,3
591714,3
591746,3
591835,0
591888,3
592035,2
592079,0
592082,0
592118,0
592132,1
592158,3
592221,1
592366,1
592371,3
592372,2
592378,2
592399,1
592403,2
592445,1
592491,3
592598,2
592707,1
592792,3
592833,3
592886,3
592929,3
592958,1
593020,1
593047,0
593244,1
593350,3
593385,3
593386,1
593398,0
593401,3
593494,3
593536,3
593632,3
593672,1
593719,1
593786,2
593804,2
593833,2
593910,3
594000,0
594027,2
594042,1
594103,1
594123,3
594146,0
594188,3
594238,3
594240,1
594406,1
594410,2
594446,2
594449,3
594503,1
594516,0
594601,1
594644,3
594695,3
594737,1
594824,2
594875,1
594892,3
594914,3
594948,0
594985,3
595026,3
595087,3
595122,2
595123,2
595126,2
595171,1
595183,2
595184,3
595257,3
595283,0
595284,3
595386,3
595414,3
595431,1
595442,3
595506,0
595527,2
595587,2
595624,1
595626,3
595690,0
595740,3
595852,3
595861,3
595897,1
595958,2
596103,1
596153,3
596186,1
596220,3
596222,0
596320,0
596329,0
596335,3
596349,0
596361,3
596409,3
596442,1
596505,3
596559,2
596611,0
596732,3
596820,1
596856,1
596863,2
597003,3
597010,3
597029,3
597300,3
597410,3
597434,2
597498,0
597510,3
597662,0
597734,3
597836,3
597878,3
597946,3
597948,0
597954,3
597955,0
598069,1
598075,1
598185,2
598233,3
598265,3
598276,3
598306,3
598526,0
598533,2
598590,3
598687,3
598691,1
598692,1
598715,1
598832,1
598881,3
598911,1
598945,1
599065,2
599239,1
599244,0
599311,3
599335,3
599348,3
599437,3
599454,2
599649,2
599651,0
599657,1
599765,3
599790,0
599833,3
599909,0
599927,3
599999,0
600011,3
600018,1
600057,3
600078,3
600163,1
600265,2
600287,1
600304,3
600351,3
600395,3
600444,3
600515,2
600561,1
600605,3
600648,3
600690,3
600750,3
600796,0
600833,0
600842,2
600886,3
600926,3
600930,3
601094,0
601104,1
601116,1
601158,1
601282,3
601582,3
601673,3
601882,3
601894,1
601917,1
602120,3
602190,3
602323,1
602433,3
602476,1
602478,1
602598,1
602656,3
602734,2
602748,2
602769,2
602793,1
602827,3
602918,1
602921,0
602925,3
602946,3
602953,2
602962,3
603033,2
603053,3
603100,1
603160,1
603221,0
603278,1
603296,1
603341,0
603345,3
603440,2
603515,1
603592,2
603635,2
603715,3
603809,3
603875,3
603883,0
604136,1
604355,1
604388,1
604592,2
604617,1
604664,0
604688,2
604804,1
604840,1
604916,0
604982,3
605004,3
605096,3
605136,1
605308,0
605311,3
605439,3
605494,3
605558,1
605578,1
605607,3
605615,2
605619,3
605776,2
605780,3
605878,3
605943,2
605945,3
606041,3
606060,3
606094,3
606161,3
606283,1
606290,1
606333,3
606362,3
606456,0
606568,3
606635,3
606648,1
606762,3
606862,3
606930,2
607017,3
607028,3
607152,2
607197,2
607270,3
607280,1
607350,1
607524,0
607626,1
607706,1
607799,1
607931,1
607949,1
607998,3
608039,1
608086,2
608287,3
608296,3
608343,2
608478,1
608520,3
608521,0
608629,3
608725,3
608727,3
608764,3
608786,0
608820,2
608823,1
608860,3
608866,0
608970,0
609051,3
609102,3
609167,3
609221,0
609228,3
609230,1
609236,3
609240,3
609243,3
609262,1
609393,2
609413,3
609673,3
609683,2
609720,2
609763,1
609800,3
609817,3
609838,2
609868,3
610144,3
610226,3
610280,1
610294,3
610306,3
610338,2
610395,3
610474,3
610482,1
610492,2
610530,0
610670,1
610763,2
610793,1
610806,3
610905,0
610909,3
611031,0
611065,3
611087,3
611126,3
611177,3
611251,3
611350,1
611371,1
611583,1
611839,1
611852,3
611887,1
611954,3
612002,2
612128,3
612175,1
612220,2
612226,0
612236,3
612562,2
612685,3
612797,3
612812,0
612976,0
613164,1
613252,0
613275,3
613383,3
613386,0
613442,1
613655,0
613874,3
613921,1
613941,2
614033,3
614092,1
614111,1
614165,1
614311,2
614412,3
614549,1
614595,2
614632,1
614668,3
614748,2
614793,0
614814,0
614828,3
614846,0
614918,3
614933,3
615006,3
615266,3
615307,3
615489,2
615544,0
615674,1
615749,3
615783,1
615881,0
615922,0
616086,0
616125,1
616222,3
616461,1
616470,1
616491,3
616518,3
616692,0
616715,3
616718,2
616734,0
616752,1
616789,2
616795,3
616802,2
616950,1
616992,2
617052,3
617125,3
617199,2
617402,2
617407,3
617458,1
617506,3
617606,0
617743,0
617878,1
617964,1
617990,0
617994,3
618063,2
618088,2
618157,2
618181,3
618201,3
618230,0
618266,2
618308,0
618343,1
618392,1
618418,3
618429,3
618535,2
618642,0
618664,0
618759,1
618780,1
618815,1
618881,0
619079,2
619109,3
619218,3
619321,3
619362,3
619432,2
619520,1
619615,3
619918,1
619938,0
619971,1
619983,0
619988,0
620033,2
620274,0
620300,3
620382,1
620394,1
620453,3
620690,0
620719,1
620884,2
620972,3
620991,1
621072,3
621081,0
621085,1
621113,0
621150,0
621291,3
621552,0
621607,1
621665,2
621811,3
621849,3
621922,1
622149,3
622248,1
622293,2
622343,2
622418,2
622464,3
622708,3
622813,3
623043,3
623077,1
623087,3
623142,2
623417,0
623691,2
623750,3
623815,1
623850,3
623935,2
623941,3
623949,3
623972,3
624198,3
624215,3
624258,3
624497,2
624593,3
624636,3
624762,3
624913,3
625030,3
625089,1
625398,1
625400,3
625555,2
625597,0
625700,0
625703,1
625984,3
626037,0
626067,0
626114,0
626249,0
626318,3
626329,3
626519,3
626520,3
626558,0
626587,1
626645,3
626986,3
627041,3
627158,3
627176,2
627436,3
627451,3
627475,0
627518,1
627617,1
627729,0
627889,3
627893,1
627972,1
628023,3
628033,1
628570,3
628653,3
628671,1
628694,3
628752,3
628762,1
629345,1
629647,1
629701,3
629725,3
629747,0
629803,3
629812,2
629877,3
629952,3
630039,3
630097,3
630176,1
630178,3
630267,1
630607,0
630609,1
630694,3
630738,3
630992,0
631174,1
631201,1
631319,3
631384,0
631388,1
631448,1
631477,0
631787,2
631872,0
631970,3
631975,0
631993,3
632136,2
632239,3
632316,3
632425,3
632461,1
632475,2
632631,3
632665,3
632749,1
632866,0
632965,3
632988,3
633183,3
633195,1
633235,1
633314,1
633406,1
633725,2
633972,0
634130,3
634601,0
634739,0
634795,3
634824,1
635249,3
635300,3
635303,3
635375,1
635442,3
635576,3
635587,3
635666,2
635790,3
635861,1
635949,3
636078,3
636102,3
636251,0
636520,3
636524,3
636526,3
636739,1
636873,3
636874,3
636966,1
637075,0
637086,3
637421,1
637457,3
637555,0
637633,1
637687,3
638140,3
638162,1
638237,0
638565,3
638576,3
638580,1
638598,1
638600,0
638874,3
639009,3
639168,3
639458,3
639510,3
639554,1
639571,3
639894,3
640451,0
640580,3
640649,0
640689,2
640715,3
640849,3
640867,2
640968,3
641012,1
641102,3
641106,3
641310,3
641364,1
641529,0
641537,3
642215,0
642344,3
642364,0
642553,2
642578,0
642679,3
642786,3
642820,3
643324,0
643344,1
643359,3
643469,1
643645,3
643714,2
643929,3
644438,0
644467,1
644639,0
644784,3
644870,3
645022,1
645047,2
645168,2
645415,1
645488,0
645664,1
645685,3
645933,1
645939,2
646127,0
646197,0
646257,3
646259,1
646405,1
646424,2
646455,3
646933,1
646937,3
647016,1
647555,3
647597,0
647638,1
647662,2
647674,1
647804,3
647862,1
648201,0
648379,3
648852,3
648983,1
648990,3
649080,1
649081,3
649208,1
649378,3
649935,0
650049,2
650055,1
650079,3
650606,0
650901,1
651018,0
651030,1
651193,2
651201,3
651269,3
651274,0
651390,1
651491,2
651613,3
651675,3
651744,2
651805,3
651818,3
651828,3
651941,1
651960,0
652003,0
652040,3
652190,0
652359,3
652416,3
652527,1
652737,3
653197,0
653228,0
653281,3
653332,3
653640,2
653724,3
653838,2
653852,1
654233,3
654259,3
654395,3
654687,1
654913,1
655022,0
655051,3
655166,2
655300,3
655499,0
656150,3
656346,3
656422,1
656471,3
656560,3
656626,0
656708,3
656850,0
656873,3
656920,1
657122,0
657343,2
657514,0
657591,1
657629,1
657796,3
658234,0
658528,1
658774,1
659128,3
659161,3
659162,3
659360,2
659664,3
659744,3
659832,3
660110,1
660821,0
660894,0
660903,0
660959,0
661614,0
661639,1
661697,3
661930,1
662010,3
662535,3
662596,2
662750,0
663017,3
663376,3
663565,3
664084,1
664119,1
664401,2
664405,2
664617,0
664663,1
664998,3
665329,3
665397,3
665505,1
665593,3
665676,1
665746,2
665887,3
665892,1
665980,0
666049,1
666174,2
666292,2
666718,3
666942,0
667299,0
667536,1
667643,0
667718,2
667916,2
667929,0
667981,3
668083,2
668172,1
668677,1
668776,1
669140,0
669155,1
669329,2
669348,3
669356,3
669449,2
670471,3
670626,3
670971,1
671066,3
671151,2
671367,1
671368,3
671975,3
671999,2
672009,3
672112,3
672468,1
673076,1
673286,0
673874,3
674375,1
675053,3
675201,3
675594,3
676043,0
676373,1
676570,2
676707,0
676762,3
677209,3
677842,0
677896,0
678536,1
678547,1
678888,3
679040,3
679047,1
679066,3
679442,3
679611,1
679831,2
680424,3
680735,3
681050,3
681581,3
681720,3
682005,1
682247,1
683014,0
683663,0
683976,1
683978,3
684510,1
684521,1
684543,3
684764,1
684806,1
685594,0
685604,3
685958,0
686165,3
686408,3
686445,1
686509,2
686915,0
686920,3
688312,0
688600,1
689037,1
689374,3
689456,1
689624,1
689984,1
690420,2
690422,3
691334,3
691541,2
691546,3
692211,2
692510,3
693301,0
693729,1
693765,3
694265,2
695011,1
695094,3
695132,3
695307,3
695557,3
696475,3
697072,2
698291,1
698573,1
699040,0
699411,2
700028,1
700237,2
700289,0
700666,0
701565,3
702595,3
702877,1
703333,3
704652,3
704870,3
705215,1
705310,3
705984,0
707260,3
707402,0
707525,2
708887,1
709630,2
710489,1
710523,0
711391,3
713557,3
714166,3
714420,3
714504,3
714565,3
715059,3
716337,1
716801,2
717149,1
717546,0
720819,3
720860,1
721496,3
721552,1
721570,2
722828,1
722939,3
724581,3
725357,0
726953,3
727886,2
728820,2
730639,1
732729,3
733654,2
734565,3
735029,3
736075,2
736833,0
739139,0
739518,3
739734,1
741190,0
741773,1
741902,3
742639,3
743151,0
745292,3
746934,0
748759,0
750982,3
751545,3
752933,2
756030,3
756434,1
757930,3
760304,3
760793,3
763129,2
763792,1
765745,0
767426,1
768291,2
770252,2
774666,3
777366,3
777846,3
780167,1
785107,3
785186,3
792549,3
796032,2
801660,3
811077,3
844489,0
